{"type":"FeatureCollection","name":"HongKong_Districts_Clean_Deduplicated","features":[{"type":"Feature","id":"FEAT-TPU-111-KT","properties":{"id":"FEAT-TPU-111-KT","micro_district":"坚尼地城","micro_district_en":"Kennedy Town","main_area":"港岛中西区","color":"#7c3aed"},"geometry":{"type":"MultiPolygon","coordinates":[[[[114.1249,22.2809],[114.12487,22.28099],[114.12523,22.28129],[114.12448,22.28124],[114.12419,22.28131],[114.12388,22.2812],[114.12381,22.28094],[114.12414,22.28044],[114.12359,22.28041],[114.12315,22.28015],[114.1227,22.28055],[114.12242,22.28036],[114.12231,22.28056],[114.12239,22.28109],[114.12263,22.28117],[114.12272,22.28133],[114.12269,22.28151],[114.12255,22.28166],[114.12351,22.28187],[114.12336,22.28195],[114.12307,22.28278],[114.12377,22.28306],[114.12401,22.28308],[114.12389,22.2834],[114.12401,22.28343],[114.1241,22.28317],[114.12539,22.28353],[114.12546,22.28377],[114.12539,22.28396],[114.12528,22.28395],[114.12553,22.28404],[114.12545,22.28398],[114.12551,22.2838],[114.12572,22.28365],[114.12657,22.2838],[114.12655,22.2839],[114.1266,22.28381],[114.12755,22.28397],[114.13031,22.28645],[114.13195,22.28475],[114.13228,22.28521],[114.1328,22.28665],[114.13388,22.28641],[114.13375,22.28578],[114.13435,22.28557],[114.13424,22.28528],[114.13424,22.28519],[114.13434,22.28513],[114.13426,22.28468],[114.13364,22.28437],[114.13229,22.28421],[114.13188,22.28391],[114.13209,22.28362],[114.13284,22.28341],[114.13257,22.28294],[114.13229,22.28192],[114.13164,22.28098],[114.13115,22.27922],[114.13004,22.279],[114.12988,22.27869],[114.1292,22.27843],[114.12842,22.27881],[114.12842,22.2786],[114.12819,22.27861],[114.12818,22.27902],[114.12767,22.27844],[114.12752,22.27842],[114.12703,22.27811],[114.12639,22.27811],[114.12627,22.27826],[114.12646,22.27879],[114.12689,22.27952],[114.12731,22.27973],[114.12698,22.27991],[114.12676,22.28051],[114.12639,22.28069],[114.12524,22.28034],[114.12505,22.28043],[114.1249,22.2809]]],[[[114.11679,22.28633],[114.11688,22.28623],[114.11701,22.28631],[114.1171,22.28626],[114.11721,22.28599],[114.11718,22.2858],[114.11737,22.28568],[114.11741,22.28557],[114.11733,22.28513],[114.11715,22.28484],[114.11704,22.28488],[114.11702,22.28476],[114.11692,22.28481],[114.11692,22.28492],[114.11681,22.28491],[114.11681,22.28501],[114.11666,22.28497],[114.11657,22.28512],[114.11633,22.2852],[114.1161,22.28553],[114.11607,22.2859],[114.11613,22.28606],[114.11627,22.28599],[114.11638,22.28612],[114.11659,22.28616],[114.11669,22.28632],[114.11679,22.28633],[114.11679,22.28633]]]]}},{"type":"Feature","id":"FEAT-TPU-111-MD","properties":{"id":"FEAT-TPU-111-MD","micro_district":"摩星岭","micro_district_en":"Mount Davis","main_area":"港岛中西区","color":"#7c3aed"},"geometry":{"type":"MultiPolygon","coordinates":[[[[114.12151,22.27248],[114.12105,22.27271],[114.12046,22.27327],[114.11918,22.27357],[114.1185,22.27413],[114.11823,22.2739],[114.11787,22.27375],[114.11726,22.27395],[114.11655,22.27454],[114.11634,22.2748],[114.11637,22.27556],[114.11646,22.27596],[114.11644,22.27604],[114.11637,22.27603],[114.11648,22.27622],[114.11641,22.27621],[114.11646,22.27643],[114.1164,22.27653],[114.11655,22.27677],[114.11649,22.27712],[114.11645,22.27706],[114.1164,22.27718],[114.11639,22.2773],[114.11646,22.27733],[114.11638,22.27744],[114.11631,22.27739],[114.11631,22.27754],[114.11648,22.27816],[114.11658,22.27834],[114.1168,22.27836],[114.11701,22.27869],[114.11689,22.27862],[114.11705,22.27876],[114.11727,22.27956],[114.11723,22.27963],[114.1175,22.2799],[114.11739,22.27997],[114.11751,22.27991],[114.11753,22.28014],[114.11767,22.28021],[114.1177,22.28033],[114.11812,22.28057],[114.11882,22.28137],[114.12193,22.2824],[114.12158,22.28314],[114.12294,22.284],[114.1231,22.28378],[114.12199,22.28307],[114.12221,22.28249],[114.12307,22.28278],[114.12336,22.28195],[114.12351,22.28187],[114.12255,22.28166],[114.12273,22.28137],[114.12265,22.2812],[114.12243,22.28114],[114.12233,22.28096],[114.1223,22.28059],[114.12239,22.28037],[114.1227,22.28055],[114.12315,22.28015],[114.12359,22.28041],[114.12414,22.28044],[114.12381,22.28094],[114.12388,22.2812],[114.12419,22.28131],[114.12448,22.28124],[114.12523,22.28129],[114.12487,22.28099],[114.12505,22.28043],[114.12524,22.28034],[114.12639,22.28069],[114.12676,22.28051],[114.12698,22.27991],[114.12731,22.27973],[114.12689,22.27952],[114.12646,22.27879],[114.12627,22.27826],[114.12639,22.27811],[114.12703,22.27811],[114.12752,22.27842],[114.12767,22.27844],[114.12818,22.27902],[114.12819,22.27861],[114.12842,22.2786],[114.12842,22.27881],[114.1292,22.27843],[114.12988,22.27869],[114.13004,22.279],[114.13115,22.27922],[114.13089,22.27786],[114.12986,22.27639],[114.12969,22.27599],[114.12968,22.27549],[114.1293,22.27569],[114.12899,22.27526],[114.12816,22.27469],[114.12775,22.27455],[114.12671,22.27444],[114.12626,22.27429],[114.12533,22.27343],[114.12376,22.27274],[114.12341,22.27272],[114.12285,22.27287],[114.12216,22.2725],[114.12157,22.27247],[114.12151,22.27248]]],[[[114.11271,22.28619],[114.11354,22.28615],[114.11361,22.286],[114.11386,22.2858],[114.11423,22.2858],[114.11473,22.28542],[114.11477,22.28555],[114.11486,22.28548],[114.11477,22.28539],[114.115,22.28517],[114.11509,22.28488],[114.1153,22.28466],[114.11537,22.28437],[114.11532,22.2842],[114.1149,22.28384],[114.11445,22.28369],[114.11428,22.28351],[114.11403,22.28359],[114.1135,22.28348],[114.11309,22.28356],[114.11307,22.28363],[114.11284,22.2837],[114.11274,22.28358],[114.11252,22.28362],[114.11242,22.28331],[114.11244,22.28322],[114.11259,22.28314],[114.11253,22.28307],[114.11226,22.28332],[114.11209,22.2832],[114.11215,22.28308],[114.11169,22.28307],[114.11133,22.28283],[114.11084,22.28334],[114.11083,22.28399],[114.111,22.28432],[114.11092,22.2846],[114.11101,22.28493],[114.11092,22.28499],[114.11092,22.28528],[114.11103,22.28529],[114.11108,22.28541],[114.11121,22.28546],[114.11128,22.2856],[114.11123,22.2857],[114.1113,22.28575],[114.11143,22.28568],[114.11153,22.28585],[114.11161,22.28588],[114.11161,22.28583],[114.11171,22.28596],[114.11184,22.28593],[114.11187,22.28604],[114.11203,22.28614],[114.11253,22.28618],[114.11267,22.28627],[114.1127,22.28619],[114.11271,22.28619]]]]}},{"type":"Feature","id":"FEAT-TPU-192-193","properties":{"id":"FEAT-TPU-192-193","micro_district":"浅水湾及舂磡角","micro_district_en":"Repulse Bay & Chung Hom Kok","main_area":"港岛南区","color":"#0284c7"},"geometry":{"type":"MultiPolygon","coordinates":[[[[114.18476,22.21746],[114.18587,22.21701],[114.18674,22.21693],[114.1878,22.21648],[114.18779,22.21613],[114.18792,22.21604],[114.18792,22.21591],[114.18809,22.21583],[114.18811,22.21567],[114.18804,22.21552],[114.18772,22.2154],[114.18804,22.21533],[114.1882,22.21512],[114.18813,22.21515],[114.18786,22.21496],[114.1874,22.21497],[114.18735,22.21489],[114.18744,22.21483],[114.18724,22.2147],[114.18714,22.21487],[114.187,22.2149],[114.18703,22.21498],[114.18696,22.21499],[114.18692,22.21486],[114.18684,22.21494],[114.18648,22.21463],[114.18635,22.2144],[114.18627,22.21444],[114.18603,22.21428],[114.18607,22.21422],[114.18583,22.21418],[114.18593,22.21413],[114.18576,22.21394],[114.18566,22.21396],[114.18564,22.21389],[114.1855,22.21399],[114.18553,22.21387],[114.18542,22.21378],[114.18519,22.21383],[114.18516,22.21373],[114.18498,22.21374],[114.18496,22.21383],[114.18464,22.21396],[114.18473,22.21401],[114.1847,22.21411],[114.18483,22.21408],[114.18486,22.21414],[114.18453,22.21417],[114.18454,22.21438],[114.18434,22.21451],[114.18431,22.21474],[114.18396,22.21497],[114.18397,22.21511],[114.18385,22.21515],[114.18389,22.21522],[114.18382,22.21527],[114.18394,22.21532],[114.18378,22.2154],[114.18395,22.21535],[114.18397,22.21548],[114.18384,22.21558],[114.18387,22.21568],[114.18372,22.21582],[114.18369,22.21606],[114.18361,22.21601],[114.18364,22.21616],[114.18353,22.21625],[114.18362,22.21632],[114.18349,22.21648],[114.18351,22.21659],[114.18341,22.21661],[114.18333,22.21676],[114.18375,22.21733],[114.18471,22.21747],[114.18476,22.21746]]],[[[114.1936,22.22454],[114.19377,22.22447],[114.19375,22.22433],[114.19352,22.22416],[114.19338,22.22438],[114.19344,22.22454],[114.19359,22.22454],[114.1936,22.22454]]],[[[114.19272,22.22453],[114.19282,22.22448],[114.19276,22.22434],[114.1925,22.22434],[114.19258,22.22455],[114.19271,22.22454],[114.19272,22.22453]]],[[[114.19175,22.22479],[114.19205,22.22465],[114.19204,22.22457],[114.19218,22.22443],[114.19212,22.22439],[114.19188,22.22451],[114.19212,22.22433],[114.19197,22.22428],[114.19203,22.22418],[114.1919,22.22418],[114.19198,22.22412],[114.19156,22.22411],[114.19155,22.22404],[114.1912,22.22436],[114.19118,22.22428],[114.19131,22.22423],[114.19126,22.22409],[114.19091,22.22419],[114.19094,22.2245],[114.19117,22.2244],[114.19123,22.22443],[114.19118,22.22454],[114.19145,22.22449],[114.19133,22.22457],[114.19143,22.22463],[114.19132,22.22465],[114.19151,22.22475],[114.19177,22.22459],[114.19159,22.22475],[114.19164,22.22486],[114.19173,22.22479],[114.19175,22.22479]]],[[[114.19434,22.23766],[114.194,22.2377],[114.19407,22.2374],[114.19393,22.23715],[114.19394,22.23733],[114.19369,22.23745],[114.19267,22.23649],[114.19213,22.23619],[114.19134,22.23596],[114.1906,22.23612],[114.19088,22.23719],[114.19102,22.23738],[114.19109,22.23745],[114.19147,22.23729],[114.19167,22.23741],[114.19171,22.23758],[114.19159,22.23802],[114.19148,22.23805],[114.19114,22.23786],[114.19043,22.23858],[114.19036,22.23854],[114.19039,22.23825],[114.18979,22.2382],[114.18972,22.23838],[114.18955,22.23838],[114.18947,22.23865],[114.18881,22.23974],[114.18882,22.24003],[114.18919,22.24058],[114.18934,22.24145],[114.18971,22.2423],[114.19,22.24259],[114.19081,22.24289],[114.19092,22.24325],[114.19081,22.24364],[114.19084,22.24382],[114.19156,22.24484],[114.19148,22.24549],[114.19118,22.24608],[114.1911,22.24653],[114.19123,22.24672],[114.1915,22.24686],[114.192,22.24744],[114.19222,22.24838],[114.19213,22.24886],[114.19224,22.24924],[114.19213,22.24944],[114.19168,22.24957],[114.19146,22.24983],[114.1911,22.25088],[114.19113,22.25152],[114.19124,22.25165],[114.19155,22.25175],[114.19257,22.25154],[114.19283,22.25165],[114.19293,22.25191],[114.19288,22.25229],[114.1925,22.25283],[114.19343,22.25393],[114.19353,22.25414],[114.19353,22.25437],[114.19342,22.25456],[114.19294,22.25483],[114.19284,22.25505],[114.19288,22.25558],[114.19325,22.2559],[114.19335,22.25609],[114.19333,22.25658],[114.19324,22.25676],[114.19309,22.25665],[114.19258,22.25661],[114.19238,22.25678],[114.19226,22.25717],[114.19251,22.25738],[114.19268,22.25741],[114.19319,22.2571],[114.19374,22.25714],[114.19442,22.25705],[114.19569,22.2575],[114.19646,22.2581],[114.19694,22.25812],[114.19736,22.25785],[114.19752,22.25784],[114.19809,22.25815],[114.19879,22.25818],[114.19899,22.25831],[114.19924,22.25866],[114.19952,22.25876],[114.19971,22.25896],[114.20028,22.25905],[114.20051,22.25896],[114.20078,22.2587],[114.20102,22.25866],[114.20133,22.25835],[114.20135,22.25816],[114.20152,22.25786],[114.2015,22.25746],[114.20126,22.25717],[114.20068,22.25672],[114.19797,22.25644],[114.19673,22.25614],[114.19665,22.25606],[114.19665,22.25582],[114.19748,22.25462],[114.1969,22.25474],[114.19632,22.25511],[114.1961,22.25505],[114.19598,22.25536],[114.19584,22.25537],[114.19568,22.25483],[114.19451,22.25587],[114.19441,22.25621],[114.1943,22.25625],[114.19405,22.25592],[114.19406,22.25563],[114.19421,22.25546],[114.19406,22.25526],[114.19424,22.25496],[114.19426,22.25433],[114.19441,22.25403],[114.19431,22.25374],[114.19399,22.25343],[114.19385,22.25279],[114.19414,22.25141],[114.19427,22.2513],[114.19454,22.25126],[114.19471,22.25102],[114.19466,22.25076],[114.19479,22.25061],[114.1946,22.25025],[114.19431,22.25002],[114.19455,22.24977],[114.19458,22.24964],[114.19457,22.24945],[114.19447,22.24932],[114.1945,22.24914],[114.19431,22.24909],[114.19425,22.24897],[114.19433,22.24864],[114.19452,22.24842],[114.19483,22.24827],[114.19485,22.24818],[114.1944,22.24805],[114.19388,22.24823],[114.19371,22.24795],[114.1938,22.24752],[114.1941,22.2474],[114.19405,22.24716],[114.19385,22.24696],[114.19371,22.24656],[114.19385,22.24641],[114.19387,22.24595],[114.19407,22.24584],[114.19419,22.24534],[114.19434,22.24529],[114.19442,22.24505],[114.19431,22.24476],[114.19435,22.24436],[114.19411,22.24418],[114.19417,22.24394],[114.194,22.24383],[114.19389,22.24345],[114.19361,22.2434],[114.19347,22.24321],[114.19373,22.24294],[114.19373,22.24278],[114.19388,22.24251],[114.19416,22.24232],[114.19438,22.24241],[114.1947,22.24241],[114.19564,22.24319],[114.19649,22.24318],[114.19678,22.24329],[114.19705,22.24319],[114.19722,22.24293],[114.19757,22.24305],[114.1976,22.2427],[114.19784,22.24257],[114.19795,22.24228],[114.19773,22.24188],[114.19797,22.24048],[114.19806,22.24027],[114.19834,22.24034],[114.19845,22.24051],[114.19872,22.24043],[114.19904,22.24046],[114.19996,22.24088],[114.20014,22.24086],[114.20033,22.24127],[114.2005,22.24143],[114.20065,22.24147],[114.20092,22.24179],[114.20129,22.24189],[114.2015,22.24178],[114.20191,22.24175],[114.2023,22.24191],[114.20243,22.24182],[114.20272,22.24184],[114.20301,22.242],[114.20312,22.24176],[114.20359,22.24141],[114.20379,22.2411],[114.20424,22.24101],[114.20394,22.24034],[114.20422,22.24009],[114.20414,22.23953],[114.20371,22.23926],[114.20366,22.23896],[114.20333,22.2388],[114.20309,22.23852],[114.20301,22.23809],[114.20327,22.23741],[114.20325,22.23731],[114.20178,22.23731],[114.20142,22.23709],[114.20133,22.23647],[114.20139,22.23579],[114.20161,22.23565],[114.20166,22.23546],[114.20181,22.23534],[114.20209,22.23532],[114.20224,22.23522],[114.20232,22.23471],[114.20241,22.23458],[114.20258,22.2345],[114.20285,22.23451],[114.20338,22.23405],[114.20389,22.23374],[114.20416,22.23343],[114.20372,22.23325],[114.2035,22.23326],[114.20329,22.23314],[114.20311,22.23313],[114.20288,22.23291],[114.20239,22.23303],[114.20208,22.2329],[114.20174,22.23301],[114.20162,22.23297],[114.20139,22.2326],[114.20099,22.23245],[114.20076,22.23219],[114.20023,22.23067],[114.20035,22.23039],[114.20067,22.23008],[114.20089,22.22998],[114.20157,22.22925],[114.20199,22.22915],[114.20244,22.2286],[114.20273,22.22848],[114.20281,22.22835],[114.20282,22.22787],[114.20321,22.22696],[114.2035,22.22573],[114.20391,22.2254],[114.2037,22.22388],[114.20358,22.2237],[114.20309,22.22338],[114.20292,22.22305],[114.20306,22.22212],[114.20304,22.22093],[114.20353,22.21966],[114.20438,22.21905],[114.20469,22.21861],[114.20476,22.21816],[114.20454,22.21726],[114.2051,22.21617],[114.2056,22.21551],[114.20624,22.2149],[114.20707,22.21448],[114.20697,22.21442],[114.20704,22.21408],[114.20683,22.21376],[114.20647,22.21339],[114.20614,22.21325],[114.20618,22.21317],[114.20598,22.21324],[114.20583,22.21317],[114.20568,22.21285],[114.20551,22.21272],[114.2053,22.21238],[114.20519,22.21247],[114.20484,22.2124],[114.20477,22.21245],[114.20468,22.21237],[114.20449,22.21279],[114.20423,22.21281],[114.20407,22.21274],[114.20308,22.21291],[114.20311,22.21285],[114.20298,22.2127],[114.20289,22.21292],[114.20256,22.21297],[114.20228,22.2129],[114.20216,22.21318],[114.20201,22.21294],[114.20191,22.21293],[114.20185,22.21301],[114.2016,22.21275],[114.20143,22.21269],[114.2015,22.21265],[114.20133,22.21241],[114.20087,22.21201],[114.20087,22.2119],[114.20075,22.21182],[114.20083,22.21173],[114.20083,22.21146],[114.20058,22.21115],[114.2006,22.21103],[114.20039,22.21095],[114.20046,22.21085],[114.20038,22.21089],[114.20013,22.21058],[114.20001,22.21063],[114.19957,22.21033],[114.19919,22.21032],[114.19932,22.21022],[114.19898,22.21022],[114.19871,22.21039],[114.19793,22.2103],[114.1976,22.21064],[114.19742,22.21067],[114.19735,22.21059],[114.19729,22.21069],[114.19736,22.21051],[114.19726,22.2105],[114.1969,22.21182],[114.19695,22.21234],[114.19719,22.21271],[114.19708,22.21295],[114.19716,22.21369],[114.19704,22.2139],[114.19726,22.21435],[114.19763,22.2146],[114.19759,22.21465],[114.19778,22.21484],[114.19777,22.21495],[114.19788,22.21491],[114.19807,22.21511],[114.19831,22.21551],[114.19839,22.21552],[114.19833,22.21559],[114.19838,22.21566],[114.19875,22.21584],[114.19911,22.21583],[114.19923,22.21596],[114.1994,22.21597],[114.19983,22.21625],[114.20005,22.21653],[114.20055,22.21681],[114.20104,22.21685],[114.20129,22.21677],[114.20183,22.217],[114.20205,22.21777],[114.20203,22.2185],[114.20197,22.21864],[114.20181,22.21868],[114.20137,22.21905],[114.20133,22.21913],[114.20142,22.21919],[114.20137,22.21929],[114.20118,22.21932],[114.20117,22.21965],[114.20137,22.21971],[114.20108,22.21985],[114.20118,22.21999],[114.2013,22.22001],[114.20132,22.22011],[114.20124,22.22015],[114.20128,22.22022],[114.20115,22.22033],[114.20119,22.22037],[114.20109,22.22035],[114.20095,22.22045],[114.20097,22.22066],[114.20078,22.22068],[114.2009,22.22091],[114.20082,22.22103],[114.2007,22.22098],[114.2006,22.22106],[114.2004,22.22096],[114.19994,22.22109],[114.19998,22.2209],[114.19953,22.22093],[114.19935,22.22098],[114.1992,22.22116],[114.19871,22.22116],[114.1982,22.22138],[114.1983,22.22122],[114.19788,22.2215],[114.19792,22.2214],[114.19787,22.22138],[114.19768,22.22158],[114.19757,22.22154],[114.1972,22.22175],[114.19698,22.22208],[114.19698,22.2219],[114.19681,22.22186],[114.19684,22.22179],[114.19657,22.22186],[114.19598,22.22226],[114.19549,22.22284],[114.1956,22.22308],[114.19539,22.22315],[114.19545,22.2231],[114.19542,22.22297],[114.19517,22.22289],[114.19389,22.22385],[114.19379,22.22419],[114.19389,22.22433],[114.194,22.22427],[114.19432,22.22435],[114.19482,22.22431],[114.1955,22.22398],[114.19584,22.2241],[114.19586,22.22423],[114.19601,22.22421],[114.19596,22.22407],[114.19644,22.22414],[114.19657,22.22407],[114.19718,22.22468],[114.19775,22.22561],[114.19783,22.2261],[114.19754,22.22642],[114.19723,22.22694],[114.19701,22.22776],[114.19663,22.22797],[114.19661,22.22812],[114.19648,22.22808],[114.19641,22.22813],[114.19634,22.22866],[114.19643,22.22901],[114.19665,22.22915],[114.19667,22.22926],[114.19736,22.22936],[114.19754,22.22952],[114.19777,22.22947],[114.198,22.22966],[114.1982,22.22998],[114.19824,22.23016],[114.19813,22.23056],[114.1983,22.23123],[114.19816,22.23169],[114.19828,22.2319],[114.19811,22.23201],[114.19807,22.23212],[114.19842,22.23293],[114.1983,22.23301],[114.19828,22.23314],[114.19837,22.23325],[114.19824,22.23356],[114.1984,22.23391],[114.1984,22.23412],[114.19809,22.2342],[114.19808,22.2343],[114.19774,22.23438],[114.19828,22.23437],[114.1983,22.23459],[114.19804,22.23461],[114.19761,22.2344],[114.19712,22.23449],[114.19693,22.23443],[114.19717,22.23462],[114.19745,22.23461],[114.19761,22.2349],[114.1961,22.23648],[114.1953,22.23711],[114.19441,22.23764],[114.19434,22.23766]]]]}},{"type":"Feature","id":"FEAT-TPU-191-DWB","properties":{"id":"FEAT-TPU-191-DWB","micro_district":"深水湾","micro_district_en":"Deep Water Bay","main_area":"港岛南区","color":"#0284c7"},"geometry":{"type":"MultiPolygon","coordinates":[[[[114.18372,22.23632],[114.1838,22.23622],[114.18393,22.23628],[114.18412,22.23616],[114.18421,22.23618],[114.18437,22.23602],[114.18476,22.23587],[114.18479,22.23604],[114.18512,22.23598],[114.18516,22.23562],[114.18522,22.23563],[114.18521,22.23573],[114.18528,22.23567],[114.18554,22.23572],[114.18561,22.23586],[114.18541,22.23596],[114.18568,22.23586],[114.18576,22.23599],[114.18565,22.23572],[114.18595,22.23557],[114.18614,22.23557],[114.18635,22.23543],[114.18665,22.23556],[114.18697,22.23553],[114.18703,22.23566],[114.18724,22.2355],[114.18725,22.2358],[114.18737,22.23584],[114.18732,22.23607],[114.1874,22.23584],[114.18757,22.23588],[114.18756,22.236],[114.18768,22.23568],[114.18829,22.23593],[114.1885,22.23588],[114.18879,22.23595],[114.18891,22.2358],[114.18939,22.23574],[114.18967,22.23553],[114.18962,22.23546],[114.18951,22.23548],[114.18955,22.23544],[114.18938,22.23531],[114.18925,22.23502],[114.18927,22.23491],[114.18938,22.23492],[114.18956,22.23474],[114.18954,22.23447],[114.18942,22.23431],[114.18941,22.23446],[114.18922,22.23439],[114.18923,22.23431],[114.18882,22.23401],[114.18887,22.23395],[114.18875,22.23384],[114.18852,22.23383],[114.18853,22.23372],[114.18838,22.23357],[114.18777,22.23322],[114.18735,22.23329],[114.1873,22.23336],[114.18743,22.23351],[114.18739,22.23356],[114.18647,22.23354],[114.18629,22.23369],[114.18603,22.23371],[114.18597,22.23361],[114.18604,22.2335],[114.18603,22.23301],[114.18596,22.23292],[114.18575,22.233],[114.18586,22.2328],[114.18556,22.23244],[114.18383,22.23207],[114.18354,22.23226],[114.18368,22.23234],[114.18357,22.23243],[114.1836,22.23252],[114.18336,22.23274],[114.18293,22.23363],[114.18281,22.23376],[114.1827,22.23369],[114.18271,22.23375],[114.18242,22.23387],[114.18241,22.23396],[114.18231,22.23394],[114.18212,22.23415],[114.18227,22.23425],[114.1821,22.23421],[114.18202,22.23428],[114.18183,22.2347],[114.18193,22.23472],[114.18203,22.23487],[114.1823,22.23478],[114.18222,22.23497],[114.18229,22.23505],[114.18219,22.23512],[114.18216,22.23529],[114.18226,22.23544],[114.18235,22.23538],[114.18244,22.23544],[114.18237,22.23569],[114.1825,22.23575],[114.18246,22.23585],[114.18255,22.23606],[114.18266,22.23604],[114.1826,22.2362],[114.18271,22.23632],[114.18281,22.23634],[114.18282,22.23626],[114.18315,22.23633],[114.18339,22.23622],[114.18347,22.23625],[114.18345,22.23637],[114.18371,22.23632],[114.18372,22.23632]]],[[[114.19159,22.23802],[114.19171,22.23758],[114.19167,22.23741],[114.19147,22.23729],[114.19109,22.23745],[114.19102,22.23738],[114.19088,22.23719],[114.1906,22.23612],[114.19043,22.23603],[114.18993,22.23606],[114.18952,22.23654],[114.18856,22.23723],[114.18754,22.23873],[114.18688,22.23956],[114.1867,22.23967],[114.18674,22.23977],[114.18659,22.2401],[114.18662,22.24035],[114.18681,22.24058],[114.18692,22.24102],[114.18671,22.24154],[114.18706,22.24179],[114.18724,22.24206],[114.18752,22.24209],[114.18754,22.24223],[114.18754,22.24209],[114.18764,22.24208],[114.18806,22.24226],[114.18824,22.24305],[114.18805,22.24379],[114.18782,22.24423],[114.18734,22.24473],[114.18628,22.24553],[114.1858,22.24577],[114.18559,22.24563],[114.18557,22.24548],[114.18556,22.24556],[114.18546,22.24545],[114.1853,22.24554],[114.18469,22.24523],[114.1841,22.24515],[114.18407,22.24526],[114.1834,22.24548],[114.18267,22.24549],[114.18257,22.2454],[114.18252,22.24548],[114.18211,22.24519],[114.18213,22.24514],[114.18036,22.245],[114.18036,22.24531],[114.18211,22.24537],[114.18263,22.24583],[114.18361,22.24566],[114.18426,22.24532],[114.18462,22.24534],[114.18565,22.2461],[114.18591,22.24664],[114.18628,22.24676],[114.18683,22.24729],[114.18668,22.24735],[114.18635,22.24701],[114.18619,22.24697],[114.18594,22.24719],[114.18551,22.24726],[114.18472,22.24765],[114.18459,22.24764],[114.18452,22.24753],[114.18454,22.24726],[114.18476,22.24676],[114.18464,22.24661],[114.18446,22.24666],[114.18443,22.24697],[114.18425,22.2472],[114.18407,22.24776],[114.18414,22.24819],[114.18387,22.2484],[114.18382,22.24837],[114.18383,22.24857],[114.18354,22.24941],[114.18333,22.24955],[114.18294,22.24953],[114.18192,22.25022],[114.18164,22.25058],[114.1816,22.25077],[114.18073,22.2511],[114.18074,22.25141],[114.18062,22.25165],[114.18041,22.25176],[114.18068,22.25204],[114.18079,22.25231],[114.18091,22.25243],[114.18136,22.25252],[114.18195,22.25237],[114.18197,22.25247],[114.18215,22.25242],[114.1823,22.25279],[114.18268,22.25298],[114.18487,22.25325],[114.18511,22.25324],[114.18528,22.25314],[114.18539,22.25324],[114.18649,22.25356],[114.18707,22.25406],[114.1872,22.25403],[114.18823,22.25443],[114.18836,22.25466],[114.18837,22.25555],[114.18891,22.25667],[114.18958,22.2572],[114.18983,22.25729],[114.19037,22.25709],[114.19096,22.25718],[114.19137,22.25697],[114.19186,22.25719],[114.19226,22.25717],[114.19248,22.25667],[114.1928,22.25658],[114.19324,22.25676],[114.19337,22.25649],[114.19329,22.25596],[114.19288,22.25558],[114.19284,22.25505],[114.19294,22.25483],[114.19342,22.25456],[114.19353,22.25437],[114.19353,22.25414],[114.19343,22.25393],[114.1925,22.25283],[114.19288,22.25229],[114.1929,22.25174],[114.19276,22.2516],[114.19257,22.25154],[114.19208,22.25168],[114.19144,22.25174],[114.19113,22.25152],[114.1911,22.25088],[114.19146,22.24983],[114.19168,22.24957],[114.19213,22.24944],[114.19224,22.24924],[114.19213,22.24886],[114.19222,22.24838],[114.192,22.24744],[114.1915,22.24686],[114.19123,22.24672],[114.1911,22.24653],[114.19118,22.24608],[114.19148,22.24549],[114.19156,22.24484],[114.19084,22.24382],[114.19081,22.24364],[114.19092,22.24325],[114.19081,22.24289],[114.19,22.24259],[114.18971,22.2423],[114.18934,22.24145],[114.18919,22.24058],[114.18881,22.23996],[114.18882,22.23966],[114.18947,22.23865],[114.18955,22.23838],[114.18972,22.23838],[114.18979,22.2382],[114.19039,22.23825],[114.19036,22.23854],[114.19043,22.23858],[114.19114,22.23786],[114.19158,22.23804],[114.19159,22.23802]]]]}},{"type":"Feature","id":"FEAT-TPU-191-SSH","properties":{"id":"FEAT-TPU-191-SSH","micro_district":"寿臣山","micro_district_en":"Shouson Hill","main_area":"港岛南区","color":"#0284c7"},"geometry":{"type":"Polygon","coordinates":[[[114.18414,22.24819],[114.18407,22.24776],[114.18425,22.2472],[114.18443,22.24697],[114.18442,22.24671],[114.18452,22.24662],[114.1847,22.24665],[114.18477,22.24681],[114.18454,22.24726],[114.18452,22.24753],[114.18459,22.24764],[114.18472,22.24765],[114.18551,22.24726],[114.18594,22.24719],[114.18619,22.24697],[114.18635,22.24701],[114.18661,22.24731],[114.18673,22.24737],[114.18683,22.24732],[114.18628,22.24676],[114.18591,22.24664],[114.18565,22.2461],[114.18462,22.24534],[114.18426,22.24532],[114.18361,22.24566],[114.18263,22.24583],[114.18223,22.24545],[114.18197,22.24534],[114.18089,22.24537],[114.17931,22.24521],[114.17785,22.24603],[114.17724,22.24666],[114.17637,22.24838],[114.17574,22.24885],[114.17545,22.24919],[114.17544,22.24946],[114.17555,22.24958],[114.17692,22.25007],[114.17612,22.25151],[114.17596,22.25166],[114.17528,22.25205],[114.17458,22.25089],[114.17427,22.24995],[114.17332,22.25015],[114.17428,22.25132],[114.17438,22.25127],[114.17446,22.25136],[114.17451,22.25142],[114.17442,22.25149],[114.17466,22.2518],[114.17379,22.25203],[114.1741,22.25213],[114.17406,22.25498],[114.1744,22.25503],[114.17474,22.25467],[114.17607,22.25408],[114.17648,22.25408],[114.1768,22.25421],[114.17715,22.25469],[114.17746,22.25471],[114.17794,22.25508],[114.17799,22.25564],[114.17836,22.25633],[114.17831,22.25659],[114.17863,22.2569],[114.17934,22.25655],[114.17949,22.25634],[114.1799,22.25621],[114.18029,22.25594],[114.18119,22.25578],[114.18245,22.2558],[114.18299,22.25567],[114.18307,22.25529],[114.18335,22.25514],[114.18406,22.2553],[114.18438,22.25525],[114.18459,22.25502],[114.18498,22.25505],[114.18509,22.2548],[114.18528,22.25461],[114.18707,22.25406],[114.18649,22.25356],[114.18539,22.25324],[114.18528,22.25314],[114.18511,22.25324],[114.18487,22.25325],[114.18268,22.25298],[114.1823,22.25279],[114.18215,22.25242],[114.18197,22.25247],[114.18195,22.25237],[114.18136,22.25252],[114.18096,22.25245],[114.18041,22.25176],[114.18062,22.25165],[114.18074,22.25141],[114.1807,22.25118],[114.18078,22.25106],[114.18093,22.25107],[114.1816,22.25077],[114.18164,22.25058],[114.18192,22.25022],[114.18294,22.24953],[114.18333,22.24955],[114.18351,22.24944],[114.18383,22.24857],[114.18382,22.24837],[114.18387,22.2484],[114.18414,22.24819]]]}},{"type":"Feature","id":"FEAT-TPU-174","properties":{"id":"FEAT-TPU-174","micro_district":"鸭脷洲 (海怡半岛及鸭脷洲大街)","micro_district_en":"Ap Lei Chau (South Horizons & Main St)","main_area":"港岛南区","color":"#0284c7"},"geometry":{"type":"MultiPolygon","coordinates":[[[[114.15372,22.23676],[114.15349,22.2366],[114.15183,22.23872],[114.14886,22.23943],[114.14881,22.23938],[114.14801,22.24006],[114.14774,22.241],[114.14774,22.24128],[114.1475,22.24158],[114.14761,22.24166],[114.1474,22.24164],[114.14753,22.24175],[114.14699,22.24193],[114.14724,22.2419],[114.14668,22.2423],[114.14668,22.24239],[114.14509,22.24341],[114.14513,22.24357],[114.14507,22.24361],[114.14501,22.2435],[114.14484,22.24348],[114.14485,22.24359],[114.14419,22.24363],[114.14412,22.24375],[114.14482,22.24459],[114.14517,22.24486],[114.1472,22.24499],[114.14818,22.24558],[114.14821,22.24553],[114.14821,22.24562],[114.14836,22.2457],[114.14875,22.24553],[114.14907,22.24558],[114.1494,22.24553],[114.1497,22.24564],[114.15022,22.24567],[114.15028,22.24559],[114.15076,22.24572],[114.15232,22.2453],[114.15264,22.24501],[114.15402,22.2446],[114.15422,22.24467],[114.15423,22.24477],[114.15426,22.24468],[114.15751,22.24578],[114.15873,22.24554],[114.15922,22.24527],[114.15939,22.24513],[114.15983,22.24415],[114.1598,22.24387],[114.15969,22.2438],[114.15914,22.24262],[114.15914,22.24241],[114.15901,22.24233],[114.15897,22.24219],[114.15905,22.2421],[114.15884,22.24228],[114.15913,22.24204],[114.15921,22.24212],[114.15915,22.24201],[114.15946,22.24184],[114.15933,22.24169],[114.15949,22.24162],[114.15941,22.24145],[114.15962,22.24164],[114.15968,22.24158],[114.15949,22.24132],[114.15964,22.24143],[114.15969,22.2414],[114.15958,22.24125],[114.16003,22.24169],[114.15983,22.24146],[114.15988,22.24142],[114.15982,22.24135],[114.15988,22.2413],[114.16011,22.24153],[114.15989,22.24129],[114.16008,22.24113],[114.16034,22.24129],[114.16007,22.24095],[114.16036,22.24104],[114.1605,22.24092],[114.1604,22.2408],[114.16051,22.24091],[114.16065,22.2407],[114.16085,22.24072],[114.16069,22.24059],[114.16071,22.24051],[114.1608,22.24055],[114.1606,22.24041],[114.16063,22.24032],[114.16079,22.24037],[114.16063,22.24031],[114.16069,22.24015],[114.1609,22.2402],[114.16069,22.24014],[114.16078,22.24017],[114.16082,22.24003],[114.16074,22.24],[114.16097,22.24007],[114.16074,22.24],[114.1608,22.23984],[114.16086,22.23986],[114.16087,22.23962],[114.16118,22.2397],[114.16087,22.23961],[114.16095,22.23935],[114.1608,22.23928],[114.16096,22.23933],[114.16092,22.23922],[114.16114,22.23923],[114.16064,22.23844],[114.16079,22.2382],[114.16068,22.23814],[114.161,22.23801],[114.16092,22.23783],[114.16057,22.23797],[114.16054,22.23789],[114.16088,22.23776],[114.16087,22.23758],[114.16057,22.23758],[114.16048,22.23747],[114.16088,22.23747],[114.1609,22.23721],[114.16058,22.23727],[114.1606,22.23711],[114.16104,22.23703],[114.1606,22.23701],[114.16053,22.23641],[114.16297,22.23655],[114.16311,22.2365],[114.16316,22.23639],[114.163,22.23625],[114.16042,22.23618],[114.1603,22.23575],[114.16004,22.23567],[114.16013,22.23533],[114.16002,22.2354],[114.15995,22.23531],[114.16005,22.23524],[114.15999,22.23523],[114.16005,22.23519],[114.16002,22.23511],[114.15992,22.235],[114.15971,22.23496],[114.15969,22.23483],[114.15985,22.23475],[114.15987,22.2346],[114.15977,22.23448],[114.1596,22.23448],[114.15984,22.2344],[114.15949,22.23394],[114.15936,22.23388],[114.15937,22.23362],[114.15953,22.23343],[114.15967,22.23347],[114.15982,22.23341],[114.15997,22.23321],[114.16015,22.23323],[114.16065,22.23298],[114.16077,22.23289],[114.16074,22.23282],[114.16125,22.23281],[114.16136,22.23274],[114.16129,22.2327],[114.16151,22.23262],[114.16138,22.23235],[114.16155,22.23231],[114.16155,22.23204],[114.16139,22.23185],[114.16137,22.23168],[114.16128,22.23164],[114.16149,22.23145],[114.16157,22.23127],[114.16134,22.23113],[114.16188,22.23047],[114.16183,22.23014],[114.16151,22.22998],[114.16188,22.22995],[114.16196,22.22988],[114.16216,22.22952],[114.16237,22.2294],[114.16254,22.22919],[114.16258,22.22907],[114.1625,22.2289],[114.16207,22.22883],[114.16189,22.22894],[114.16176,22.22886],[114.16146,22.22889],[114.16119,22.22903],[114.16122,22.2293],[114.16113,22.22922],[114.16102,22.22937],[114.16088,22.22924],[114.16076,22.22951],[114.16052,22.22959],[114.1604,22.22984],[114.16048,22.23024],[114.16028,22.23029],[114.15972,22.23082],[114.15962,22.23084],[114.15952,22.23094],[114.15943,22.23122],[114.15928,22.23122],[114.15906,22.23143],[114.15893,22.23182],[114.15897,22.23201],[114.15905,22.23194],[114.15911,22.23215],[114.15923,22.23215],[114.15917,22.23229],[114.15921,22.23253],[114.15911,22.23258],[114.15907,22.2325],[114.15899,22.23258],[114.15895,22.23284],[114.15905,22.23295],[114.15891,22.23299],[114.15882,22.2332],[114.15895,22.23337],[114.15928,22.23358],[114.15906,22.23402],[114.15851,22.23427],[114.15856,22.23421],[114.15847,22.2341],[114.1582,22.23419],[114.15817,22.23433],[114.15846,22.23435],[114.158,22.23459],[114.15784,22.2345],[114.15782,22.23459],[114.15749,22.23458],[114.15719,22.23481],[114.15704,22.23478],[114.15663,22.23498],[114.15661,22.2351],[114.15618,22.23533],[114.15602,22.23522],[114.15581,22.23528],[114.15567,22.23517],[114.1553,22.23527],[114.1553,22.23535],[114.15494,22.23532],[114.15503,22.23541],[114.15475,22.23543],[114.15473,22.23559],[114.15458,22.2356],[114.15435,22.2359],[114.1542,22.23616],[114.15421,22.23644],[114.1539,22.23661],[114.15399,22.23663],[114.15389,22.23687],[114.15372,22.23676]]],[[[114.14329,22.24103],[114.14331,22.24091],[114.14351,22.24085],[114.1435,22.24071],[114.14311,22.24076],[114.14298,22.24088],[114.14315,22.2409],[114.14312,22.24097],[114.14281,22.24095],[114.1429,22.24109],[114.14304,22.24105],[114.14296,22.24112],[114.14302,22.24115],[114.14328,22.24106],[114.14329,22.24103]]]]}},{"type":"Feature","id":"FEAT-TPU-175-176","properties":{"id":"FEAT-TPU-175-176","micro_district":"黄竹坑及深湾","micro_district_en":"Wong Chuk Hang & Sham Wan","main_area":"港岛南区","color":"#0284c7"},"geometry":{"type":"Polygon","coordinates":[[[114.16438,22.23815],[114.16277,22.23781],[114.16263,22.23791],[114.1627,22.23802],[114.16444,22.23839],[114.16557,22.23976],[114.16567,22.24142],[114.16562,22.24148],[114.16573,22.24158],[114.16557,22.24161],[114.1657,22.2418],[114.16541,22.24161],[114.1653,22.24176],[114.1655,22.24193],[114.16544,22.24199],[114.16527,22.24184],[114.16514,22.24195],[114.16505,22.24187],[114.16498,22.24194],[114.16516,22.24209],[114.16491,22.24234],[114.16483,22.24226],[114.16459,22.2425],[114.16428,22.24223],[114.16386,22.2426],[114.16353,22.24226],[114.16347,22.2423],[114.16381,22.24265],[114.16369,22.24279],[114.16361,22.24275],[114.16362,22.24264],[114.16352,22.24267],[114.16368,22.2428],[114.16358,22.24305],[114.16361,22.24335],[114.16389,22.24373],[114.16368,22.24404],[114.16273,22.24325],[114.16282,22.2431],[114.16255,22.24338],[114.16271,22.24328],[114.16366,22.24407],[114.16355,22.24418],[114.16359,22.24422],[114.16371,22.24409],[114.16427,22.24455],[114.16417,22.24441],[114.16428,22.2443],[114.16444,22.24442],[114.1644,22.24457],[114.16451,22.24445],[114.16449,22.24465],[114.16462,22.24477],[114.16426,22.24517],[114.16433,22.24523],[114.1642,22.24538],[114.16387,22.24542],[114.16379,22.24533],[114.16368,22.24544],[114.16339,22.24549],[114.16382,22.24504],[114.16377,22.24499],[114.16333,22.2455],[114.1629,22.24552],[114.16363,22.24478],[114.16371,22.2448],[114.16359,22.2447],[114.16278,22.2456],[114.16237,22.24554],[114.16333,22.24449],[114.16232,22.24553],[114.1622,22.24552],[114.16214,22.24513],[114.16302,22.24423],[114.16289,22.24411],[114.16296,22.24423],[114.16208,22.24515],[114.16163,22.24516],[114.16163,22.24493],[114.16202,22.24452],[114.16213,22.24462],[114.16274,22.24398],[114.16249,22.24377],[114.16269,22.24398],[114.16213,22.24457],[114.16205,22.2445],[114.1621,22.24438],[114.16159,22.2449],[114.16158,22.24514],[114.16144,22.24535],[114.1613,22.24543],[114.16105,22.24526],[114.161,22.24538],[114.16086,22.24525],[114.16086,22.24542],[114.1607,22.24543],[114.1608,22.2456],[114.16074,22.24568],[114.16055,22.24574],[114.1605,22.24567],[114.16056,22.24589],[114.1603,22.24597],[114.16011,22.24617],[114.16084,22.24686],[114.16091,22.24732],[114.16104,22.2473],[114.16064,22.24826],[114.16107,22.24848],[114.16164,22.24862],[114.16297,22.24854],[114.16301,22.24888],[114.16288,22.24911],[114.16246,22.25181],[114.16257,22.25188],[114.16263,22.25231],[114.16286,22.25247],[114.1628,22.25269],[114.1626,22.25278],[114.16255,22.25309],[114.16266,22.25328],[114.16296,22.25337],[114.16295,22.25357],[114.16281,22.25361],[114.16273,22.25373],[114.16289,22.25397],[114.16265,22.25417],[114.16247,22.2541],[114.16235,22.25427],[114.16214,22.25425],[114.16199,22.25434],[114.16209,22.25507],[114.1618,22.25544],[114.16192,22.25597],[114.16164,22.25574],[114.16148,22.25569],[114.16125,22.25578],[114.16108,22.25567],[114.16172,22.25626],[114.1619,22.25661],[114.16282,22.25677],[114.16318,22.25694],[114.16325,22.2571],[114.16315,22.25773],[114.16335,22.2581],[114.16338,22.2589],[114.1638,22.25908],[114.16789,22.25738],[114.16868,22.25724],[114.16908,22.25682],[114.1696,22.25674],[114.16971,22.25658],[114.17073,22.2561],[114.1709,22.25576],[114.17118,22.25554],[114.17208,22.25543],[114.17238,22.25549],[114.17292,22.2558],[114.17406,22.25498],[114.1741,22.25213],[114.17379,22.25203],[114.17466,22.2518],[114.17442,22.25149],[114.17451,22.25142],[114.17446,22.25136],[114.17438,22.25127],[114.17428,22.25132],[114.17332,22.25015],[114.17427,22.24995],[114.17458,22.25089],[114.17528,22.25205],[114.17573,22.25182],[114.17612,22.25151],[114.17692,22.25007],[114.17555,22.24958],[114.17544,22.24946],[114.17546,22.24916],[114.17637,22.24838],[114.17724,22.24666],[114.1778,22.24607],[114.17726,22.24557],[114.17791,22.24447],[114.17965,22.24264],[114.1791,22.24227],[114.17829,22.24232],[114.17825,22.24224],[114.17818,22.24226],[114.178,22.24187],[114.17782,22.24186],[114.17788,22.24155],[114.1778,22.24147],[114.17782,22.24134],[114.17762,22.2411],[114.17743,22.24104],[114.17729,22.24084],[114.17723,22.24092],[114.17717,22.24086],[114.17708,22.24092],[114.17714,22.24075],[114.17694,22.24055],[114.17681,22.24062],[114.17666,22.24058],[114.17673,22.24038],[114.17648,22.23934],[114.17618,22.23913],[114.1758,22.23861],[114.17631,22.23825],[114.17616,22.23757],[114.17517,22.23778],[114.17521,22.23759],[114.17507,22.23736],[114.17514,22.23725],[114.17513,22.23696],[114.17496,22.237],[114.17471,22.23679],[114.17454,22.23608],[114.17427,22.23587],[114.17423,22.23563],[114.17439,22.23494],[114.1741,22.23432],[114.17426,22.23409],[114.17426,22.23374],[114.17413,22.23359],[114.17407,22.23363],[114.17395,22.23337],[114.17393,22.23298],[114.17378,22.23268],[114.17388,22.23262],[114.17385,22.2322],[114.17363,22.23179],[114.17356,22.23123],[114.17339,22.23113],[114.17336,22.2306],[114.17309,22.23038],[114.17288,22.23035],[114.17277,22.23042],[114.17268,22.23025],[114.17209,22.22983],[114.17173,22.22974],[114.1711,22.22996],[114.17056,22.23063],[114.17038,22.23079],[114.17011,22.23082],[114.17007,22.23094],[114.16993,22.2309],[114.16986,22.23076],[114.16979,22.23088],[114.16949,22.23104],[114.16928,22.2308],[114.16942,22.23108],[114.16923,22.23113],[114.1692,22.23124],[114.16935,22.23136],[114.16891,22.2313],[114.16881,22.23141],[114.16881,22.23154],[114.16848,22.2317],[114.1683,22.23189],[114.16826,22.23213],[114.16791,22.23205],[114.16776,22.23194],[114.16753,22.23197],[114.16733,22.23258],[114.1672,22.23263],[114.16713,22.23246],[114.16692,22.23237],[114.16673,22.23259],[114.16682,22.23284],[114.16646,22.23283],[114.16617,22.23303],[114.1661,22.23321],[114.16622,22.23349],[114.16638,22.23355],[114.16636,22.23366],[114.16654,22.23381],[114.16677,22.23387],[114.16662,22.23389],[114.1667,22.23404],[114.16657,22.23408],[114.16717,22.23445],[114.16724,22.23456],[114.16727,22.23486],[114.16709,22.23519],[114.16724,22.23559],[114.16721,22.2359],[114.16642,22.23613],[114.16557,22.23611],[114.16517,22.23626],[114.16493,22.23659],[114.16484,22.23721],[114.1645,22.23772],[114.16439,22.23815],[114.16438,22.23815]]]}},{"type":"Feature","id":"FEAT-TPU-173-ABD","properties":{"id":"FEAT-TPU-173-ABD","micro_district":"香港仔","micro_district_en":"Aberdeen","main_area":"港岛南区","color":"#0284c7"},"geometry":{"type":"Polygon","coordinates":[[[114.15855,22.24702],[114.15844,22.24705],[114.15663,22.24666],[114.15498,22.24664],[114.15466,22.2468],[114.15428,22.24721],[114.15425,22.24698],[114.15419,22.24699],[114.15426,22.24721],[114.15404,22.24725],[114.15405,22.247],[114.15397,22.24701],[114.15402,22.24725],[114.15396,22.24726],[114.15394,22.24703],[114.15389,22.24704],[114.15395,22.24726],[114.15378,22.24729],[114.15377,22.24714],[114.15372,22.24715],[114.15376,22.2473],[114.15367,22.24731],[114.15367,22.24712],[114.1536,22.24713],[114.15366,22.24731],[114.15347,22.24734],[114.15346,22.24715],[114.1534,22.24716],[114.15345,22.24735],[114.15323,22.24738],[114.15322,22.24731],[114.15335,22.24728],[114.15333,22.2472],[114.15311,22.24725],[114.15321,22.24739],[114.15311,22.2474],[114.15308,22.24717],[114.15301,22.24719],[114.15307,22.24741],[114.15277,22.24746],[114.15275,22.24727],[114.15269,22.24729],[114.15275,22.24746],[114.15262,22.24748],[114.15256,22.24729],[114.1526,22.24749],[114.15251,22.2475],[114.15246,22.24728],[114.1525,22.2475],[114.15242,22.24751],[114.15238,22.24735],[114.15241,22.24752],[114.15232,22.24753],[114.15228,22.24738],[114.15231,22.24753],[114.15221,22.24759],[114.15231,22.2481],[114.15296,22.24797],[114.15291,22.24872],[114.1517,22.24821],[114.15152,22.24825],[114.15153,22.24857],[114.15288,22.24913],[114.15278,22.24967],[114.15322,22.24966],[114.15323,22.24976],[114.15353,22.24968],[114.15362,22.24973],[114.15345,22.25063],[114.15369,22.25058],[114.15402,22.2509],[114.15434,22.25099],[114.15522,22.25078],[114.1553,22.2514],[114.15575,22.25148],[114.15618,22.25187],[114.15666,22.25148],[114.15886,22.25324],[114.1605,22.25376],[114.16101,22.25273],[114.16126,22.25253],[114.16166,22.25259],[114.162,22.25245],[114.16217,22.25223],[114.16216,22.25191],[114.16246,22.25181],[114.16288,22.24911],[114.16301,22.24888],[114.16297,22.24854],[114.16164,22.24862],[114.16107,22.24848],[114.16064,22.24826],[114.16104,22.2473],[114.16088,22.24733],[114.16077,22.24713],[114.15992,22.24636],[114.15934,22.2468],[114.15858,22.24701],[114.15855,22.24702]]]}},{"type":"Feature","id":"FEAT-TPU-173-TW","properties":{"id":"FEAT-TPU-173-TW","micro_district":"田湾","micro_district_en":"Tin Wan","main_area":"港岛南区","color":"#0284c7"},"geometry":{"type":"MultiPolygon","coordinates":[[[[114.14071,22.24375],[114.14119,22.24374],[114.14096,22.24346],[114.14068,22.24338],[114.14052,22.24344],[114.1402,22.24339],[114.13994,22.24313],[114.13942,22.24295],[114.13929,22.24295],[114.13936,22.24304],[114.13897,22.24312],[114.13871,22.24308],[114.13865,22.24316],[114.13829,22.24321],[114.13786,22.24343],[114.13795,22.24353],[114.13805,22.2435],[114.13807,22.24359],[114.13809,22.24348],[114.1386,22.24343],[114.13905,22.2435],[114.13928,22.24366],[114.13954,22.24372],[114.13967,22.24366],[114.1402,22.24378],[114.14058,22.24375],[114.14065,22.24381],[114.1407,22.24376],[114.14071,22.24375]]],[[[114.1467,22.2483],[114.14404,22.24814],[114.14382,22.24805],[114.1448,22.24576],[114.14476,22.24571],[114.1437,22.24815],[114.14217,22.24801],[114.14127,22.2483],[114.14151,22.24903],[114.14214,22.24949],[114.14182,22.2497],[114.14264,22.25011],[114.14251,22.25065],[114.14351,22.25083],[114.14452,22.25113],[114.14537,22.25155],[114.1462,22.25218],[114.14698,22.25207],[114.14743,22.25227],[114.14804,22.25234],[114.14819,22.25254],[114.14821,22.2528],[114.14865,22.25302],[114.14899,22.25355],[114.14951,22.25334],[114.15048,22.25369],[114.15085,22.25407],[114.15168,22.25407],[114.15184,22.25414],[114.15216,22.25457],[114.15232,22.25503],[114.15289,22.25538],[114.15353,22.25623],[114.1537,22.25625],[114.15382,22.2561],[114.15359,22.25563],[114.1538,22.25573],[114.1539,22.25601],[114.15421,22.25622],[114.15434,22.25655],[114.1542,22.25666],[114.15427,22.25687],[114.15525,22.25808],[114.15517,22.25935],[114.1583,22.25814],[114.16171,22.259],[114.1619,22.25899],[114.16227,22.25859],[114.16276,22.25852],[114.16298,22.25874],[114.16338,22.2589],[114.16335,22.2581],[114.16315,22.25773],[114.16325,22.2571],[114.1632,22.25697],[114.16282,22.25677],[114.16188,22.25659],[114.16172,22.25626],[114.16108,22.25567],[114.16125,22.25578],[114.16148,22.25569],[114.16164,22.25574],[114.16192,22.25597],[114.1618,22.25544],[114.16209,22.25507],[114.16199,22.25434],[114.16214,22.25425],[114.16235,22.25427],[114.16247,22.2541],[114.16265,22.25417],[114.16289,22.25397],[114.16273,22.25373],[114.16281,22.25361],[114.16295,22.25357],[114.16296,22.25337],[114.16266,22.25328],[114.16255,22.25309],[114.1626,22.25278],[114.1628,22.25269],[114.16286,22.25247],[114.16263,22.25231],[114.16254,22.25184],[114.16233,22.25181],[114.16217,22.2519],[114.16216,22.25227],[114.16193,22.25249],[114.16166,22.25259],[114.16126,22.25253],[114.16101,22.25273],[114.1605,22.25376],[114.15886,22.25324],[114.15666,22.25148],[114.15618,22.25187],[114.15575,22.25148],[114.1553,22.2514],[114.15522,22.25078],[114.15434,22.25099],[114.15402,22.2509],[114.15369,22.25058],[114.15345,22.25063],[114.15362,22.24973],[114.15353,22.24968],[114.15323,22.24976],[114.15322,22.24966],[114.15278,22.24967],[114.15288,22.24913],[114.15153,22.24857],[114.15152,22.24825],[114.1517,22.24821],[114.15291,22.24872],[114.15296,22.24797],[114.15231,22.2481],[114.15221,22.24759],[114.15228,22.24752],[114.15204,22.24752],[114.15203,22.24739],[114.15194,22.24758],[114.15192,22.24739],[114.15185,22.2474],[114.1519,22.24759],[114.15144,22.24762],[114.15139,22.24769],[114.15054,22.24786],[114.15046,22.24761],[114.15038,22.24763],[114.15045,22.24789],[114.15001,22.24799],[114.14882,22.24782],[114.14876,22.24761],[114.14869,22.24763],[114.14874,22.24784],[114.1467,22.2483],[114.1467,22.2483]]]]}},{"type":"Feature","id":"FEAT-TPU-142-143","properties":{"id":"FEAT-TPU-142-143","micro_district":"中半山","micro_district_en":"Mid-Levels Central","main_area":"港岛中西区","color":"#7c3aed"},"geometry":{"type":"Polygon","coordinates":[[[114.15205,22.27319],[114.15185,22.27371],[114.15166,22.27394],[114.15176,22.27454],[114.15194,22.2749],[114.15194,22.27531],[114.15176,22.27553],[114.15148,22.27563],[114.15159,22.27575],[114.15154,22.27606],[114.15087,22.27736],[114.15069,22.27747],[114.15032,22.27753],[114.15011,22.27795],[114.14974,22.27819],[114.14979,22.27828],[114.14937,22.27888],[114.14856,22.27937],[114.14817,22.27972],[114.14696,22.28028],[114.1468,22.28029],[114.14664,22.28067],[114.14606,22.28101],[114.1453,22.28095],[114.14504,22.28082],[114.14487,22.28089],[114.14367,22.28077],[114.14438,22.28118],[114.14448,22.2813],[114.14454,22.28159],[114.14413,22.28136],[114.14403,22.28135],[114.14398,22.28145],[114.14438,22.28161],[114.14438,22.28179],[114.14447,22.28185],[114.14503,22.2821],[114.14479,22.28286],[114.14491,22.28297],[114.14514,22.28311],[114.14546,22.28315],[114.1461,22.28288],[114.14537,22.2834],[114.14531,22.28363],[114.14538,22.28385],[114.14559,22.28377],[114.1457,22.28352],[114.14584,22.28341],[114.14637,22.28344],[114.14663,22.28362],[114.14727,22.28368],[114.14781,22.28327],[114.14836,22.28301],[114.14889,22.2831],[114.14958,22.28283],[114.15044,22.28272],[114.15233,22.28102],[114.15407,22.28004],[114.15422,22.27976],[114.1543,22.27911],[114.15446,22.27892],[114.15459,22.27891],[114.15529,22.27923],[114.15583,22.27923],[114.15614,22.27909],[114.15642,22.27864],[114.15749,22.27756],[114.15724,22.27683],[114.15731,22.27664],[114.15746,22.27654],[114.15825,22.27627],[114.15951,22.27634],[114.1603,22.27622],[114.16083,22.27593],[114.16111,22.27587],[114.16172,22.2761],[114.16186,22.27621],[114.16213,22.27676],[114.1628,22.27708],[114.16326,22.27689],[114.16331,22.27671],[114.16321,22.27608],[114.16344,22.27582],[114.16382,22.27562],[114.16486,22.27544],[114.16655,22.27576],[114.16688,22.27565],[114.16712,22.2754],[114.16702,22.27537],[114.16662,22.27557],[114.16631,22.27529],[114.16627,22.27504],[114.16639,22.27469],[114.16639,22.27442],[114.16606,22.2738],[114.1662,22.27341],[114.16613,22.27301],[114.16596,22.27285],[114.16556,22.2728],[114.16542,22.27286],[114.16547,22.27266],[114.16565,22.27244],[114.16559,22.27087],[114.16552,22.27084],[114.16541,22.271],[114.16522,22.27102],[114.16501,22.2713],[114.165,22.27153],[114.16457,22.27139],[114.16423,22.27177],[114.16293,22.27234],[114.16232,22.27287],[114.16163,22.27325],[114.16131,22.27298],[114.16072,22.27287],[114.16058,22.27265],[114.16013,22.27254],[114.15973,22.2727],[114.15932,22.2726],[114.1588,22.27298],[114.15859,22.27292],[114.15842,22.2727],[114.1582,22.27282],[114.15803,22.27314],[114.15794,22.27319],[114.15694,22.27326],[114.1567,22.27302],[114.15587,22.27318],[114.15574,22.27299],[114.15547,22.27294],[114.15481,22.27258],[114.15413,22.2727],[114.15383,22.27237],[114.15307,22.2726],[114.15274,22.27262],[114.15206,22.27317],[114.15205,22.27319]]]}},{"type":"Feature","id":"FEAT-S-H14","properties":{"id":"FEAT-S-H14","micro_district":"山顶","micro_district_en":"The Peak","main_area":"港岛中西区","color":"#7c3aed"},"geometry":{"type":"Polygon","coordinates":[[[114.14628,22.28087],[114.14664,22.28067],[114.1468,22.28029],[114.14696,22.28028],[114.14817,22.27972],[114.14856,22.27937],[114.14933,22.27891],[114.14979,22.27828],[114.14974,22.27819],[114.15011,22.27795],[114.15032,22.27753],[114.15069,22.27747],[114.15087,22.27736],[114.15154,22.27606],[114.15159,22.27575],[114.15148,22.27563],[114.15176,22.27553],[114.15194,22.27531],[114.15194,22.2749],[114.15175,22.27451],[114.15166,22.27392],[114.15185,22.27371],[114.15203,22.27321],[114.15273,22.27263],[114.15307,22.2726],[114.15384,22.27238],[114.15416,22.27271],[114.15481,22.27258],[114.15547,22.27294],[114.15574,22.27299],[114.15587,22.27318],[114.1567,22.27302],[114.15696,22.27326],[114.15799,22.27318],[114.1582,22.27282],[114.15842,22.2727],[114.15859,22.27292],[114.1588,22.27298],[114.15932,22.2726],[114.15973,22.2727],[114.16013,22.27254],[114.16058,22.27265],[114.16072,22.27287],[114.16131,22.27298],[114.16162,22.27326],[114.16232,22.27287],[114.16293,22.27234],[114.16423,22.27177],[114.16457,22.27139],[114.165,22.27153],[114.16501,22.2713],[114.16522,22.27102],[114.16541,22.271],[114.16549,22.27084],[114.16591,22.2712],[114.16618,22.27115],[114.16642,22.27093],[114.16654,22.27143],[114.16689,22.27198],[114.16682,22.27236],[114.16723,22.27284],[114.16777,22.27273],[114.16789,22.27279],[114.16807,22.27259],[114.1683,22.27275],[114.16864,22.27249],[114.1688,22.27252],[114.1688,22.27277],[114.16935,22.2727],[114.16952,22.27251],[114.16948,22.27237],[114.16967,22.27236],[114.16975,22.27218],[114.17018,22.27226],[114.1703,22.2721],[114.17074,22.27188],[114.17093,22.27158],[114.1709,22.27112],[114.17042,22.2707],[114.17026,22.27016],[114.17046,22.26995],[114.17036,22.26957],[114.17053,22.26871],[114.17051,22.26847],[114.17068,22.26816],[114.17045,22.26811],[114.17023,22.26793],[114.17008,22.26797],[114.17007,22.26782],[114.17052,22.26798],[114.17092,22.26801],[114.17155,22.26818],[114.17228,22.26814],[114.17314,22.26821],[114.17369,22.2687],[114.17372,22.26893],[114.17361,22.2693],[114.17367,22.26951],[114.17427,22.26981],[114.17486,22.26974],[114.17567,22.27018],[114.17583,22.27021],[114.17798,22.26885],[114.17846,22.26821],[114.1789,22.26816],[114.17898,22.26783],[114.17893,22.26728],[114.1792,22.267],[114.17968,22.26695],[114.18016,22.26676],[114.18075,22.26716],[114.18105,22.26719],[114.18119,22.26714],[114.18163,22.26662],[114.18251,22.26618],[114.18283,22.26613],[114.18287,22.26643],[114.18435,22.26627],[114.18448,22.26614],[114.18488,22.2652],[114.18488,22.26436],[114.1853,22.26376],[114.18606,22.26333],[114.18632,22.26326],[114.18729,22.26262],[114.18836,22.26256],[114.18883,22.26236],[114.19043,22.2614],[114.1917,22.26026],[114.19261,22.25883],[114.19262,22.25775],[114.19239,22.25735],[114.19251,22.25738],[114.19233,22.25718],[114.19186,22.25719],[114.19144,22.25697],[114.19094,22.25718],[114.19038,22.25709],[114.18991,22.25729],[114.18959,22.25721],[114.18895,22.25672],[114.18839,22.25561],[114.18831,22.25451],[114.1872,22.25403],[114.18528,22.25461],[114.18509,22.2548],[114.18498,22.25505],[114.18457,22.25502],[114.18438,22.25525],[114.18407,22.2553],[114.18335,22.25514],[114.18307,22.25529],[114.18299,22.25567],[114.18245,22.2558],[114.18119,22.25578],[114.18029,22.25594],[114.1799,22.25621],[114.17949,22.25634],[114.17936,22.25654],[114.17905,22.25665],[114.17888,22.25682],[114.17862,22.2569],[114.17831,22.25659],[114.17836,22.25633],[114.17799,22.25564],[114.17792,22.25506],[114.17744,22.2547],[114.17716,22.2547],[114.17684,22.25423],[114.17645,22.25408],[114.17615,22.25407],[114.17474,22.25467],[114.17438,22.25504],[114.17394,22.25502],[114.17291,22.2558],[114.17224,22.25546],[114.17119,22.25553],[114.17091,22.25574],[114.17075,22.25609],[114.16974,22.25656],[114.16959,22.25674],[114.1691,22.25681],[114.16868,22.25724],[114.16788,22.25738],[114.1638,22.25908],[114.16299,22.25874],[114.16275,22.25852],[114.16228,22.25858],[114.1619,22.25899],[114.16171,22.259],[114.1583,22.25814],[114.15517,22.25935],[114.15525,22.25806],[114.15427,22.25686],[114.1542,22.25665],[114.15434,22.25656],[114.15422,22.25625],[114.15392,22.25603],[114.1538,22.25573],[114.15359,22.25563],[114.15382,22.25611],[114.15373,22.25624],[114.15356,22.25624],[114.15289,22.25538],[114.15233,22.25504],[114.15216,22.25457],[114.1518,22.25411],[114.15085,22.25406],[114.15048,22.25369],[114.14951,22.25334],[114.14899,22.25355],[114.14865,22.25302],[114.14821,22.25279],[114.14816,22.25247],[114.14803,22.25234],[114.14742,22.25227],[114.14698,22.25207],[114.14677,22.2521],[114.14646,22.25232],[114.14634,22.2526],[114.14611,22.25267],[114.14597,22.25283],[114.14599,22.25331],[114.14572,22.25363],[114.14564,22.2539],[114.14543,22.25403],[114.14529,22.25472],[114.14546,22.25487],[114.14605,22.25478],[114.14618,22.25523],[114.14616,22.25548],[114.14635,22.25572],[114.14619,22.25593],[114.1462,22.25606],[114.14642,22.25621],[114.14683,22.2563],[114.14668,22.25693],[114.14648,22.25732],[114.14625,22.25742],[114.14624,22.25759],[114.14594,22.25802],[114.14568,22.25813],[114.14571,22.25838],[114.14531,22.25858],[114.14524,22.25874],[114.14475,22.25916],[114.14451,22.25924],[114.14426,22.25909],[114.14412,22.25909],[114.14383,22.25924],[114.14366,22.25954],[114.14335,22.25968],[114.14328,22.25984],[114.14308,22.25978],[114.14325,22.26054],[114.14318,22.26189],[114.14104,22.26495],[114.14181,22.26501],[114.14198,22.2655],[114.14257,22.26585],[114.14258,22.26608],[114.14272,22.26634],[114.14251,22.26636],[114.14205,22.26604],[114.14164,22.26599],[114.14131,22.26613],[114.14092,22.26615],[114.14044,22.26648],[114.14001,22.26644],[114.13609,22.27203],[114.13342,22.27347],[114.13321,22.2735],[114.13375,22.2734],[114.13439,22.27346],[114.13546,22.27322],[114.13608,22.27327],[114.13625,22.27339],[114.13666,22.2733],[114.13694,22.2734],[114.13759,22.27337],[114.13817,22.27345],[114.13894,22.27317],[114.13883,22.27344],[114.1385,22.27379],[114.13827,22.27391],[114.1379,22.27491],[114.13798,22.27505],[114.13824,22.275],[114.13863,22.27537],[114.13809,22.27528],[114.13787,22.27545],[114.13782,22.27575],[114.13764,22.27579],[114.13753,22.27592],[114.13743,22.27624],[114.13728,22.27635],[114.13724,22.27662],[114.13687,22.27663],[114.13698,22.27701],[114.13682,22.27723],[114.13689,22.27748],[114.13676,22.27773],[114.13671,22.27838],[114.13623,22.27867],[114.13589,22.27873],[114.1356,22.27908],[114.13567,22.27941],[114.13575,22.27916],[114.13601,22.27907],[114.13632,22.27921],[114.13664,22.27913],[114.13707,22.27927],[114.13736,22.27917],[114.13783,22.27862],[114.13795,22.27858],[114.13867,22.27718],[114.13981,22.27768],[114.14057,22.27903],[114.14165,22.27986],[114.14221,22.27954],[114.14257,22.27914],[114.14274,22.27913],[114.14306,22.27931],[114.14308,22.27982],[114.14386,22.28025],[114.14456,22.28029],[114.14494,22.28073],[114.14527,22.28094],[114.14592,22.28104],[114.14623,22.2809],[114.14628,22.28087]]]}},{"type":"Feature","id":"FEAT-S-H12","properties":{"id":"FEAT-S-H12","micro_district":"东半山","micro_district_en":"Mid-Levels East","main_area":"港岛湾仔及东半山","color":"#db2777"},"geometry":{"type":"Polygon","coordinates":[[[114.16712,22.2754],[114.16761,22.27496],[114.16836,22.27496],[114.16991,22.27432],[114.17014,22.27437],[114.17051,22.27464],[114.17072,22.27463],[114.17111,22.27441],[114.17134,22.27385],[114.1717,22.27356],[114.17195,22.27353],[114.1724,22.27368],[114.17323,22.27364],[114.17336,22.27345],[114.17321,22.27308],[114.17322,22.27286],[114.17336,22.27269],[114.1736,22.27261],[114.17436,22.2728],[114.17496,22.27332],[114.17531,22.27447],[114.17557,22.27471],[114.17717,22.27513],[114.17781,22.27507],[114.17764,22.27451],[114.1769,22.274],[114.17683,22.27377],[114.17693,22.2736],[114.17735,22.2735],[114.17748,22.27335],[114.17747,22.27315],[114.17723,22.27282],[114.17725,22.27261],[114.17834,22.27195],[114.17836,22.27178],[114.17814,22.27101],[114.17849,22.27045],[114.17849,22.26978],[114.17862,22.26938],[114.17887,22.26911],[114.17978,22.26868],[114.18018,22.26872],[114.1806,22.26913],[114.18082,22.26919],[114.1817,22.26879],[114.18216,22.26792],[114.18216,22.26766],[114.18202,22.26724],[114.18206,22.26691],[114.18236,22.26657],[114.18287,22.26643],[114.18283,22.26613],[114.18227,22.26626],[114.18163,22.26662],[114.1811,22.26718],[114.18077,22.26717],[114.18016,22.26676],[114.17968,22.26695],[114.17916,22.26702],[114.17893,22.26728],[114.17898,22.26783],[114.1789,22.26816],[114.17846,22.26821],[114.17798,22.26885],[114.17583,22.27021],[114.17567,22.27018],[114.17486,22.26974],[114.17427,22.26981],[114.17367,22.26951],[114.17361,22.2693],[114.17372,22.26893],[114.17369,22.2687],[114.17314,22.26821],[114.17228,22.26814],[114.17155,22.26818],[114.17092,22.26801],[114.17052,22.26798],[114.17007,22.26782],[114.17008,22.26797],[114.17023,22.26793],[114.17045,22.26811],[114.17068,22.26816],[114.17051,22.26847],[114.17053,22.26871],[114.17036,22.26957],[114.17046,22.26995],[114.17026,22.27015],[114.17042,22.2707],[114.17074,22.27103],[114.17088,22.27108],[114.17096,22.27134],[114.17092,22.27161],[114.17064,22.27196],[114.1703,22.2721],[114.17014,22.27227],[114.16976,22.27217],[114.16967,22.27236],[114.16948,22.27237],[114.16952,22.27251],[114.16941,22.27266],[114.1692,22.27275],[114.1688,22.27277],[114.1688,22.27252],[114.16864,22.27249],[114.1683,22.27275],[114.16807,22.27259],[114.16789,22.27279],[114.16777,22.27273],[114.16739,22.27276],[114.16725,22.27285],[114.16682,22.27236],[114.16689,22.27198],[114.16654,22.27143],[114.16642,22.27093],[114.16618,22.27115],[114.16591,22.2712],[114.16559,22.27087],[114.16565,22.27244],[114.16547,22.27266],[114.16542,22.27286],[114.16556,22.2728],[114.16596,22.27285],[114.16613,22.27301],[114.1662,22.27341],[114.16606,22.2738],[114.16639,22.27442],[114.16639,22.2747],[114.16627,22.27504],[114.16631,22.27529],[114.16662,22.27557],[114.16711,22.27539],[114.16712,22.2754]]]}},{"type":"Feature","id":"FEAT-S-H13","properties":{"id":"FEAT-S-H13","micro_district":"大坑及渣甸山","micro_district_en":"Tai Hang & Jardine's Lookout","main_area":"港岛湾仔及东半山","color":"#db2777"},"geometry":{"type":"Polygon","coordinates":[[[114.20566,22.27317],[114.20737,22.2705],[114.20316,22.26755],[114.19831,22.26634],[114.19737,22.25852],[114.19774,22.25825],[114.19771,22.25795],[114.19741,22.25784],[114.19699,22.2581],[114.1965,22.25811],[114.19564,22.25747],[114.19442,22.25707],[114.19381,22.25714],[114.19322,22.25709],[114.19279,22.2574],[114.19239,22.25735],[114.19262,22.25775],[114.19261,22.2588],[114.19195,22.25992],[114.1917,22.26026],[114.19043,22.2614],[114.18922,22.26213],[114.18924,22.26219],[114.18937,22.2621],[114.19027,22.2621],[114.19043,22.26184],[114.19124,22.26136],[114.19139,22.26148],[114.19112,22.26239],[114.19082,22.26264],[114.19102,22.26274],[114.19109,22.26299],[114.1909,22.2639],[114.19029,22.265],[114.19052,22.26691],[114.18979,22.26855],[114.18987,22.26871],[114.19043,22.26901],[114.19084,22.26944],[114.19098,22.26971],[114.19109,22.2704],[114.19179,22.27149],[114.19192,22.27193],[114.1919,22.27324],[114.19201,22.27366],[114.19207,22.27375],[114.19268,22.27354],[114.19311,22.27362],[114.19328,22.27379],[114.19346,22.27432],[114.19372,22.27448],[114.19601,22.27446],[114.19651,22.27434],[114.19672,22.27413],[114.19708,22.27414],[114.19715,22.2742],[114.19734,22.274],[114.19738,22.2737],[114.19763,22.27332],[114.19822,22.27295],[114.20078,22.27442],[114.20228,22.27724],[114.20251,22.27733],[114.20329,22.2769],[114.2034,22.27672],[114.20566,22.27317]]]}},{"type":"Feature","id":"FEAT-S-H11","properties":{"id":"FEAT-S-H11","micro_district":"西半山","micro_district_en":"Mid-Levels West","main_area":"港岛中西区","color":"#7c3aed"},"geometry":{"type":"MultiPolygon","coordinates":[[[[114.14604,22.28407],[114.14634,22.28372],[114.14663,22.28362],[114.14637,22.28344],[114.14584,22.28341],[114.1457,22.28352],[114.14559,22.28377],[114.14538,22.28385],[114.14532,22.28355],[114.14543,22.28333],[114.1461,22.28288],[114.14546,22.28315],[114.14514,22.28311],[114.14491,22.28297],[114.14479,22.28286],[114.14503,22.2821],[114.14447,22.28185],[114.14438,22.28179],[114.14438,22.28161],[114.14398,22.28145],[114.14403,22.28135],[114.14413,22.28136],[114.14454,22.28159],[114.14448,22.2813],[114.14432,22.28112],[114.14366,22.28079],[114.14487,22.28089],[114.14504,22.28082],[114.14463,22.28034],[114.14446,22.28028],[114.14397,22.2803],[114.14309,22.27984],[114.14306,22.27931],[114.14274,22.27913],[114.14257,22.27914],[114.14221,22.27954],[114.14165,22.27986],[114.14057,22.27903],[114.13981,22.27768],[114.13867,22.27718],[114.13795,22.27858],[114.13783,22.27862],[114.13736,22.27917],[114.13707,22.27927],[114.13664,22.27913],[114.13632,22.27921],[114.13601,22.27907],[114.13575,22.27916],[114.13573,22.27938],[114.13566,22.2794],[114.1356,22.27908],[114.13589,22.27873],[114.13623,22.27867],[114.13671,22.27838],[114.13676,22.27773],[114.13689,22.27748],[114.13682,22.27723],[114.13698,22.27701],[114.13687,22.27663],[114.13724,22.27662],[114.13728,22.27635],[114.13743,22.27624],[114.13753,22.27592],[114.13764,22.27579],[114.13782,22.27575],[114.13787,22.27545],[114.13809,22.27528],[114.13863,22.27537],[114.13824,22.275],[114.13798,22.27505],[114.1379,22.27491],[114.13827,22.27392],[114.1385,22.27379],[114.13887,22.2734],[114.13895,22.27325],[114.13891,22.27314],[114.13817,22.27345],[114.13759,22.27337],[114.13694,22.2734],[114.13666,22.2733],[114.13625,22.27339],[114.13608,22.27327],[114.13551,22.27322],[114.13439,22.27346],[114.13366,22.27341],[114.13322,22.27354],[114.12969,22.27549],[114.12968,22.27592],[114.12984,22.27634],[114.13077,22.27761],[114.13096,22.278],[114.13122,22.27946],[114.13164,22.28097],[114.13231,22.28197],[114.13254,22.28285],[114.13284,22.2834],[114.13373,22.28421],[114.13411,22.28434],[114.13476,22.2843],[114.1352,22.28412],[114.1357,22.28368],[114.13626,22.28351],[114.13657,22.28364],[114.13672,22.28394],[114.13729,22.28465],[114.13755,22.28477],[114.1383,22.28471],[114.13866,22.28406],[114.13898,22.28392],[114.13961,22.28426],[114.1404,22.28408],[114.14087,22.28434],[114.14112,22.28475],[114.1413,22.2848],[114.14239,22.28446],[114.14417,22.28421],[114.14436,22.28431],[114.1446,22.28478],[114.14477,22.28489],[114.14565,22.2849],[114.14588,22.28474],[114.14599,22.28426],[114.14604,22.28407]]],[[[114.14707,22.28367],[114.14708,22.28367],[114.14694,22.28365],[114.14692,22.28365],[114.14707,22.28367]]],[[[114.14727,22.28368],[114.14734,22.28366],[114.14718,22.28367],[114.14727,22.28368]]],[[[114.14752,22.28354],[114.14762,22.28342],[114.1475,22.28356],[114.14752,22.28354]]],[[[114.14763,22.2834],[114.14763,22.2834],[114.14762,22.28342],[114.14763,22.2834]]],[[[114.14767,22.28336],[114.1477,22.28334],[114.1477,22.28334],[114.14764,22.28339],[114.14767,22.28336]]],[[[114.14779,22.28328],[114.1479,22.28322],[114.14775,22.2833],[114.14779,22.28328]]],[[[114.14816,22.28309],[114.14811,22.28312],[114.14808,22.28313],[114.14816,22.28309]]],[[[114.14836,22.28301],[114.1484,22.28301],[114.14836,22.28301],[114.14835,22.28301],[114.14836,22.28301]]],[[[114.14857,22.28303],[114.14856,22.28303],[114.14852,22.28302],[114.14851,22.28302],[114.14857,22.28303]]],[[[114.14875,22.28308],[114.1488,22.28309],[114.14874,22.28308],[114.14875,22.28308]]],[[[114.14885,22.2831],[114.14885,22.2831],[114.14882,22.2831],[114.14885,22.2831]]],[[[114.1489,22.2831],[114.14899,22.28309],[114.14889,22.2831],[114.1489,22.2831]]],[[[114.14909,22.28307],[114.14909,22.28307],[114.14909,22.28307],[114.14907,22.28308],[114.14909,22.28307]]],[[[114.14917,22.28304],[114.14917,22.28304],[114.14917,22.28304],[114.14917,22.28304]]],[[[114.14958,22.28284],[114.14967,22.28283],[114.14943,22.2829],[114.14958,22.28284]]],[[[114.15031,22.28278],[114.15033,22.28278],[114.15031,22.28278],[114.1503,22.28278],[114.15031,22.28278]]],[[[114.15039,22.28276],[114.15041,22.28274],[114.15036,22.28277],[114.15039,22.28276]]],[[[114.15047,22.2827],[114.15091,22.28229],[114.15046,22.28271],[114.15047,22.2827]]],[[[114.15129,22.28195],[114.15132,22.28192],[114.15124,22.28199],[114.15129,22.28195]]],[[[114.15234,22.28102],[114.15242,22.28096],[114.15222,22.28111],[114.15234,22.28102]]],[[[114.15305,22.2806],[114.15301,22.28063],[114.15296,22.28066],[114.15291,22.28068],[114.15305,22.2806]]],[[[114.15335,22.28044],[114.1537,22.28025],[114.15307,22.2806],[114.15335,22.28044]]],[[[114.15402,22.28008],[114.15402,22.28008],[114.15401,22.28008],[114.15402,22.28008]]],[[[114.1541,22.28],[114.15414,22.27994],[114.1541,22.28],[114.1541,22.28]]],[[[114.15418,22.27987],[114.15418,22.27987],[114.15414,22.27993],[114.15418,22.27987]]],[[[114.15421,22.27979],[114.15421,22.27978],[114.15418,22.27987],[114.15421,22.27979]]],[[[114.15428,22.27926],[114.15429,22.27919],[114.15427,22.27936],[114.15428,22.27926]]],[[[114.15431,22.27909],[114.1543,22.27911],[114.1543,22.27912],[114.15431,22.27909]]],[[[114.15437,22.27899],[114.15438,22.27898],[114.15437,22.27899],[114.15436,22.279],[114.15437,22.27899]]],[[[114.15446,22.27892],[114.15453,22.27889],[114.15445,22.27893],[114.15446,22.27892]]],[[[114.15453,22.27889],[114.15453,22.27889],[114.15453,22.27889],[114.15453,22.27889]]],[[[114.15458,22.2789],[114.15458,22.2789],[114.15458,22.2789],[114.15457,22.2789],[114.15458,22.2789]]],[[[114.15464,22.27893],[114.15515,22.2792],[114.15459,22.27891],[114.15464,22.27893]]],[[[114.156,22.27918],[114.15602,22.27917],[114.15599,22.27919],[114.156,22.27918]]],[[[114.15607,22.27914],[114.15627,22.27896],[114.15604,22.27916],[114.15607,22.27914]]],[[[114.15631,22.27888],[114.15632,22.27887],[114.15629,22.27891],[114.15631,22.27888]]],[[[114.15634,22.2788],[114.15642,22.27863],[114.15633,22.27883],[114.15634,22.2788]]],[[[114.15654,22.2785],[114.15656,22.27849],[114.15653,22.27851],[114.15652,22.27852],[114.15654,22.2785]]],[[[114.15698,22.27807],[114.15691,22.27813],[114.15683,22.27821],[114.15698,22.27807]]],[[[114.15715,22.27791],[114.1571,22.27795],[114.15705,22.278],[114.15715,22.27791]]],[[[114.15726,22.27781],[114.15733,22.27774],[114.15722,22.27784],[114.15726,22.27781]]],[[[114.15746,22.27763],[114.15749,22.27754],[114.15742,22.27766],[114.15746,22.27763]]],[[[114.15749,22.27747],[114.15749,22.27747],[114.15749,22.27749],[114.15749,22.27747]]],[[[114.15747,22.2774],[114.15743,22.27732],[114.15748,22.27743],[114.15747,22.2774]]],[[[114.15727,22.27698],[114.15736,22.27719],[114.15741,22.27728],[114.15727,22.27698]]],[[[114.15725,22.27685],[114.15725,22.27681],[114.15725,22.27681],[114.15724,22.27683],[114.15725,22.27686],[114.15725,22.27685]]],[[[114.15726,22.27673],[114.15728,22.27669],[114.15728,22.27669],[114.15728,22.2767],[114.15726,22.27674],[114.15725,22.27676],[114.15726,22.27673]]],[[[114.15732,22.27662],[114.15731,22.27664],[114.15731,22.27664],[114.15732,22.27662]]],[[[114.15735,22.27659],[114.15736,22.27658],[114.15735,22.27658],[114.15735,22.27659],[114.15735,22.27659]]],[[[114.15752,22.27652],[114.15769,22.27646],[114.15744,22.27654],[114.15752,22.27652]]],[[[114.15817,22.27628],[114.15817,22.27628],[114.15806,22.27633],[114.15793,22.27637],[114.15817,22.27628]]],[[[114.15839,22.27626],[114.15838,22.27626],[114.15833,22.27626],[114.15839,22.27626]]],[[[114.15865,22.27629],[114.15903,22.27631],[114.1586,22.27628],[114.15865,22.27629]]],[[[114.16004,22.27627],[114.16007,22.27626],[114.15993,22.27629],[114.16004,22.27627]]],[[[114.16073,22.27599],[114.16074,22.27598],[114.16073,22.27599],[114.16072,22.27599],[114.16073,22.27599]]],[[[114.16084,22.27593],[114.16083,22.27593],[114.16081,22.27594],[114.16084,22.27593]]],[[[114.16111,22.27587],[114.16105,22.27588],[114.16103,22.27588],[114.16111,22.27587]]],[[[114.16129,22.2759],[114.16125,22.27589],[114.16123,22.27589],[114.16129,22.2759]]],[[[114.16136,22.27592],[114.16141,22.27594],[114.1613,22.27591],[114.16136,22.27592]]],[[[114.16148,22.27597],[114.16148,22.27597],[114.16147,22.27597],[114.16148,22.27597]]],[[[114.16172,22.2761],[114.16186,22.27622],[114.1617,22.27609],[114.16172,22.2761]]],[[[114.16196,22.27642],[114.16198,22.27647],[114.16195,22.2764],[114.16196,22.27642]]],[[[114.1631,22.27698],[114.16316,22.27696],[114.16302,22.27701],[114.1631,22.27698]]],[[[114.16322,22.27694],[114.16323,22.27693],[114.16322,22.27694],[114.16322,22.27694]]],[[[114.1633,22.27683],[114.1633,22.27682],[114.16328,22.27686],[114.1633,22.27683]]],[[[114.16331,22.27671],[114.1633,22.27669],[114.16331,22.27671],[114.16331,22.27671]]],[[[114.16321,22.27613],[114.1632,22.27616],[114.1632,22.27617],[114.16321,22.27613]]],[[[114.16325,22.276],[114.16324,22.27601],[114.16324,22.27602],[114.16325,22.276]]],[[[114.16331,22.27593],[114.16331,22.27593],[114.16331,22.27594],[114.16331,22.27593]]],[[[114.16372,22.27566],[114.16379,22.27563],[114.16369,22.27567],[114.16372,22.27566]]],[[[114.16466,22.27545],[114.16473,22.27545],[114.16453,22.27546],[114.16466,22.27545]]],[[[114.16496,22.27545],[114.16486,22.27544],[114.16484,22.27544],[114.16496,22.27545]]],[[[114.16524,22.2755],[114.16508,22.27547],[114.16506,22.27547],[114.16524,22.2755]]],[[[114.1665,22.27576],[114.16662,22.27576],[114.16649,22.27576],[114.1665,22.27576]]],[[[114.16666,22.27575],[114.16688,22.27566],[114.16665,22.27575],[114.16666,22.27575]]],[[[114.16692,22.27562],[114.16694,22.2756],[114.16689,22.27565],[114.16692,22.27562]]],[[[114.167,22.27554],[114.16701,22.27553],[114.16695,22.27559],[114.167,22.27554]]],[[[114.16702,22.27537],[114.16699,22.27538],[114.16698,22.27539],[114.16699,22.27538],[114.16702,22.27537],[114.16703,22.27537],[114.16702,22.27537]]],[[[114.16679,22.27551],[114.1667,22.27557],[114.16691,22.27543],[114.16679,22.27551]]],[[[114.16669,22.27557],[114.16668,22.27557],[114.16669,22.27557],[114.1667,22.27557],[114.16669,22.27557]]],[[[114.16658,22.27556],[114.16656,22.27556],[114.16658,22.27556],[114.1666,22.27557],[114.16658,22.27556]]],[[[114.16654,22.27554],[114.16645,22.27545],[114.16654,22.27554],[114.16654,22.27554]]],[[[114.16627,22.27521],[114.16627,22.27519],[114.16627,22.27521],[114.16629,22.27524],[114.16627,22.27521]]],[[[114.16627,22.27513],[114.16627,22.27512],[114.16627,22.27518],[114.16627,22.27513]]],[[[114.16627,22.2751],[114.16628,22.27503],[114.16627,22.27512],[114.16627,22.2751]]],[[[114.1663,22.27496],[114.1663,22.27494],[114.16631,22.27493],[114.1663,22.27497],[114.1663,22.27496]]],[[[114.16638,22.27474],[114.16639,22.27469],[114.16635,22.27482],[114.16638,22.27474]]],[[[114.16639,22.27468],[114.1664,22.27467],[114.1664,22.27465],[114.1664,22.27465],[114.16639,22.27468],[114.16639,22.27468]]],[[[114.1664,22.27462],[114.1664,22.27461],[114.1664,22.27461],[114.1664,22.27463],[114.1664,22.27462]]],[[[114.1664,22.2746],[114.1664,22.2746],[114.1664,22.27459],[114.1664,22.27459],[114.1664,22.27458],[114.1664,22.27461],[114.1664,22.2746]]],[[[114.16639,22.27448],[114.16639,22.27442],[114.16639,22.27448],[114.16639,22.27448]]],[[[114.16639,22.2744],[114.16637,22.27435],[114.16639,22.2744],[114.16639,22.2744]]],[[[114.16615,22.27399],[114.16613,22.27396],[114.16615,22.27399],[114.16624,22.27408],[114.16615,22.27399]]],[[[114.16606,22.2738],[114.16606,22.27373],[114.16608,22.27386],[114.16606,22.2738]]],[[[114.16619,22.27343],[114.1662,22.27342],[114.16619,22.27343],[114.16619,22.27344],[114.16619,22.27343]]],[[[114.1662,22.2734],[114.1662,22.2734],[114.1662,22.27341],[114.1662,22.2734]]],[[[114.16619,22.27329],[114.16619,22.27327],[114.16619,22.27329],[114.16619,22.2733],[114.16619,22.27329]]],[[[114.16608,22.27293],[114.16603,22.27288],[114.16609,22.27294],[114.16608,22.27293]]],[[[114.16599,22.27286],[114.16587,22.27284],[114.16601,22.27288],[114.16599,22.27286]]],[[[114.16571,22.27281],[114.16563,22.2728],[114.16587,22.27284],[114.16571,22.27281]]],[[[114.16561,22.2728],[114.16559,22.2728],[114.16561,22.2728],[114.16561,22.2728]]],[[[114.16556,22.2728],[114.16551,22.27281],[114.16559,22.2728],[114.16556,22.2728]]],[[[114.16548,22.27283],[114.16545,22.27284],[114.16548,22.27283],[114.16551,22.27281],[114.16548,22.27283]]],[[[114.16542,22.27286],[114.16542,22.27286],[114.16543,22.27285],[114.16542,22.27286]]],[[[114.16543,22.27281],[114.16543,22.27284],[114.16542,22.27285],[114.16543,22.27281]]],[[[114.16565,22.27244],[114.16559,22.27087],[114.16549,22.27084],[114.16559,22.27087],[114.16565,22.27244],[114.16565,22.27244]]],[[[114.16549,22.27084],[114.16549,22.27084],[114.16549,22.27084],[114.16549,22.27084]]],[[[114.16546,22.27087],[114.16541,22.271],[114.16546,22.27086],[114.16546,22.27087]]],[[[114.16501,22.2713],[114.16503,22.27136],[114.16501,22.2713],[114.16501,22.2713]]],[[[114.16504,22.27144],[114.16504,22.27146],[114.16504,22.27144],[114.16504,22.27141],[114.16504,22.27144]]],[[[114.16503,22.27147],[114.16503,22.27148],[114.16502,22.2715],[114.16501,22.27151],[114.16502,22.2715],[114.16503,22.27148],[114.16503,22.27147],[114.16504,22.27146],[114.16503,22.27147]]],[[[114.16501,22.27152],[114.165,22.27153],[114.16499,22.27153],[114.165,22.27153],[114.16501,22.27152],[114.16501,22.27151],[114.16501,22.27152]]],[[[114.16497,22.27154],[114.16496,22.27154],[114.16497,22.27154],[114.16499,22.27153],[114.16497,22.27154]]],[[[114.16491,22.27155],[114.16491,22.27155],[114.1649,22.27155],[114.16491,22.27155],[114.16491,22.27155],[114.16492,22.27155],[114.16491,22.27155]]],[[[114.16488,22.27154],[114.16487,22.27153],[114.16488,22.27154],[114.1649,22.27155],[114.16488,22.27154]]],[[[114.16478,22.27143],[114.16478,22.27143],[114.16478,22.27143],[114.16479,22.27144],[114.16478,22.27143]]],[[[114.16474,22.27141],[114.16469,22.2714],[114.16476,22.27142],[114.16474,22.27141]]],[[[114.16453,22.27146],[114.16441,22.27162],[114.16455,22.27142],[114.16453,22.27146]]],[[[114.16432,22.2717],[114.16413,22.27182],[114.16432,22.2717],[114.16432,22.2717]]],[[[114.16401,22.27188],[114.16401,22.27188],[114.16401,22.27188],[114.16413,22.27182],[114.16401,22.27188]]],[[[114.16387,22.27195],[114.16281,22.27244],[114.16401,22.27188],[114.16387,22.27195]]],[[[114.16267,22.27256],[114.16267,22.27257],[114.16267,22.27256],[114.16271,22.27253],[114.16267,22.27256]]],[[[114.16262,22.27261],[114.16253,22.2727],[114.16263,22.2726],[114.16262,22.27261]]],[[[114.16253,22.2727],[114.16253,22.2727],[114.16253,22.2727],[114.16253,22.2727]]],[[[114.16243,22.27279],[114.16214,22.273],[114.16246,22.27276],[114.16243,22.27279]]],[[[114.16204,22.27306],[114.16167,22.27324],[114.16205,22.27305],[114.16204,22.27306]]],[[[114.16163,22.27325],[114.16156,22.27325],[114.16164,22.27325],[114.16163,22.27325]]],[[[114.16154,22.27324],[114.16153,22.27323],[114.16154,22.27324],[114.16155,22.27324],[114.16154,22.27324]]],[[[114.16136,22.27302],[114.16134,22.273],[114.16136,22.27302],[114.16138,22.27303],[114.16136,22.27302]]],[[[114.16134,22.273],[114.16134,22.273],[114.16134,22.273],[114.16134,22.273]]],[[[114.16131,22.27298],[114.1613,22.27297],[114.1613,22.27297],[114.16131,22.27298],[114.16132,22.27298],[114.16131,22.27298]]],[[[114.16114,22.27295],[114.16111,22.27295],[114.16114,22.27295],[114.16116,22.27296],[114.16114,22.27295]]],[[[114.16109,22.27294],[114.16108,22.27294],[114.16109,22.27294],[114.16111,22.27295],[114.16109,22.27294]]],[[[114.16098,22.27287],[114.16097,22.27287],[114.16096,22.27287],[114.16097,22.27287],[114.16098,22.27287],[114.16098,22.27287],[114.16098,22.27287]]],[[[114.16094,22.27287],[114.16085,22.27287],[114.16094,22.27287],[114.16094,22.27287]]],[[[114.16058,22.27265],[114.16013,22.27254],[114.16058,22.27265],[114.16072,22.27287],[114.16058,22.27265]]],[[[114.15973,22.2727],[114.15946,22.2726],[114.15973,22.2727],[114.16013,22.27254],[114.15973,22.2727]]],[[[114.15942,22.27259],[114.15942,22.27259],[114.15942,22.27259],[114.15942,22.27259]]],[[[114.15932,22.2726],[114.15932,22.2726],[114.15932,22.2726],[114.15933,22.2726],[114.15932,22.2726]]],[[[114.15916,22.27269],[114.15911,22.27273],[114.15916,22.27269],[114.15916,22.27269]]],[[[114.15905,22.27278],[114.15899,22.27285],[114.15907,22.27277],[114.15905,22.27278]]],[[[114.15896,22.27289],[114.15895,22.27292],[114.15896,22.27289],[114.15899,22.27285],[114.15896,22.27289]]],[[[114.15892,22.27295],[114.15891,22.27295],[114.15892,22.27295],[114.15893,22.27294],[114.15892,22.27295]]],[[[114.15885,22.27297],[114.15865,22.27294],[114.15888,22.27296],[114.15885,22.27297]]],[[[114.15857,22.2729],[114.15852,22.27286],[114.15859,22.27292],[114.15857,22.2729]]],[[[114.15829,22.27277],[114.1582,22.27282],[114.15841,22.27271],[114.15829,22.27277]]],[[[114.15815,22.2729],[114.15814,22.2729],[114.15815,22.2729],[114.15816,22.27288],[114.15815,22.2729]]],[[[114.15812,22.27296],[114.15808,22.27306],[114.15812,22.27295],[114.15812,22.27296]]],[[[114.15803,22.27314],[114.15802,22.27315],[114.15803,22.27314],[114.15805,22.27312],[114.15803,22.27314]]],[[[114.15801,22.27316],[114.15799,22.27318],[114.15801,22.27316],[114.15802,22.27315],[114.15801,22.27316]]],[[[114.15794,22.27319],[114.15739,22.27324],[114.15799,22.27318],[114.15794,22.27319]]],[[[114.15727,22.27325],[114.15726,22.27325],[114.15727,22.27325],[114.15729,22.27325],[114.15727,22.27325]]],[[[114.15705,22.27324],[114.15705,22.27324],[114.15705,22.27324],[114.15713,22.27322],[114.15705,22.27324]]],[[[114.15699,22.27326],[114.15698,22.27326],[114.15696,22.27326],[114.15698,22.27326],[114.15699,22.27326],[114.15701,22.27325],[114.15699,22.27326]]],[[[114.15691,22.27326],[114.15691,22.27325],[114.15691,22.27326],[114.15691,22.27326],[114.15691,22.27326]]],[[[114.15689,22.27324],[114.15686,22.27322],[114.15689,22.27324],[114.1569,22.27325],[114.15689,22.27324]]],[[[114.15674,22.27304],[114.15673,22.27303],[114.15672,22.27303],[114.15672,22.27302],[114.15671,22.27302],[114.15672,22.27302],[114.15672,22.27303],[114.15673,22.27303],[114.15674,22.27304],[114.15677,22.27307],[114.15674,22.27304]]],[[[114.1567,22.27302],[114.15669,22.27302],[114.1567,22.27302],[114.15671,22.27302],[114.1567,22.27302]]],[[[114.15669,22.27302],[114.15667,22.27302],[114.15669,22.27302],[114.15669,22.27302]]],[[[114.15665,22.27302],[114.15664,22.27302],[114.15665,22.27302],[114.15667,22.27302],[114.15665,22.27302]]],[[[114.15654,22.27305],[114.1565,22.27306],[114.15654,22.27305],[114.1566,22.27304],[114.15654,22.27305]]],[[[114.15644,22.27307],[114.15642,22.27307],[114.15644,22.27307],[114.15644,22.27307],[114.15644,22.27307]]],[[[114.1563,22.27305],[114.15614,22.27309],[114.15632,22.27306],[114.1563,22.27305]]],[[[114.15574,22.27299],[114.15587,22.27318],[114.15587,22.27318],[114.15574,22.27299]]],[[[114.15571,22.27298],[114.15562,22.27296],[114.15574,22.27299],[114.15571,22.27298]]],[[[114.15506,22.2727],[114.15498,22.2727],[114.15514,22.27271],[114.15506,22.2727]]],[[[114.15481,22.27258],[114.1548,22.27258],[114.15481,22.27258],[114.15481,22.27258],[114.15481,22.27258]]],[[[114.15429,22.27271],[114.15423,22.27271],[114.15432,22.2727],[114.15429,22.27271]]],[[[114.15417,22.27271],[114.15416,22.27271],[114.15414,22.27271],[114.15416,22.27271],[114.15417,22.27271],[114.15419,22.27271],[114.15417,22.27271]]],[[[114.154,22.27253],[114.15399,22.27252],[114.154,22.27253],[114.154,22.27254],[114.154,22.27253]]],[[[114.15393,22.27242],[114.15391,22.27241],[114.1539,22.2724],[114.15391,22.27241],[114.15393,22.27242],[114.15393,22.27242]]],[[[114.15386,22.27238],[114.15384,22.27238],[114.15386,22.27238],[114.15387,22.27238],[114.15386,22.27238]]],[[[114.15376,22.27239],[114.15373,22.27242],[114.15376,22.27239],[114.15376,22.27239],[114.15376,22.27239]]],[[[114.15371,22.27244],[114.15368,22.27245],[114.15368,22.27245],[114.15368,22.27245],[114.15371,22.27244],[114.15372,22.27243],[114.15371,22.27244]]],[[[114.15329,22.27252],[114.15325,22.27253],[114.15329,22.27252],[114.1533,22.27251],[114.15329,22.27252]]],[[[114.15309,22.27259],[114.15307,22.2726],[114.15309,22.27259],[114.1532,22.27255],[114.15309,22.27259]]],[[[114.15305,22.2726],[114.15299,22.27261],[114.15307,22.2726],[114.15305,22.2726]]],[[[114.15287,22.27261],[114.15281,22.27261],[114.1529,22.27261],[114.15287,22.27261]]],[[[114.15279,22.27261],[114.15277,22.27261],[114.15279,22.27261],[114.15279,22.27261]]],[[[114.15274,22.27262],[114.15274,22.27262],[114.15274,22.27262],[114.15275,22.27262],[114.15274,22.27262]]],[[[114.15271,22.27264],[114.15266,22.27271],[114.15271,22.27264],[114.15271,22.27264]]],[[[114.15247,22.27288],[114.15243,22.2729],[114.15247,22.27288],[114.15251,22.27286],[114.15247,22.27288]]],[[[114.15233,22.27293],[114.15233,22.27293],[114.15233,22.27293],[114.15234,22.27293],[114.15233,22.27293]]],[[[114.1523,22.27296],[114.1523,22.27296],[114.1523,22.27296],[114.1523,22.27295],[114.1523,22.27296]]],[[[114.15227,22.27302],[114.15226,22.27303],[114.15225,22.27304],[114.15226,22.27303],[114.15227,22.27302],[114.15227,22.27302],[114.15227,22.27302]]],[[[114.15223,22.27306],[114.15221,22.27307],[114.15223,22.27306],[114.15225,22.27304],[114.15223,22.27306]]],[[[114.15208,22.27316],[114.15207,22.27316],[114.15208,22.27316],[114.15209,22.27314],[114.15208,22.27316]]],[[[114.15203,22.27321],[114.15202,22.27323],[114.15203,22.27321],[114.15205,22.27319],[114.15203,22.27321]]],[[[114.15187,22.27366],[114.15185,22.27371],[114.15191,22.27352],[114.15187,22.27366]]],[[[114.15184,22.27373],[114.15183,22.27373],[114.15184,22.27373],[114.15185,22.27371],[114.15184,22.27373]]],[[[114.15176,22.27379],[114.15171,22.27384],[114.1518,22.27376],[114.15176,22.27379]]],[[[114.1517,22.27385],[114.15167,22.27391],[114.15171,22.27384],[114.1517,22.27385]]],[[[114.15166,22.27393],[114.15166,22.27394],[114.15166,22.27393],[114.15166,22.27393],[114.15166,22.27393]]],[[[114.15166,22.274],[114.15166,22.274],[114.15166,22.27397],[114.15166,22.274]]],[[[114.15173,22.27442],[114.15166,22.274],[114.15166,22.274],[114.15173,22.27442]]],[[[114.15176,22.27454],[114.15178,22.27459],[114.15175,22.27451],[114.15176,22.27454]]],[[[114.15195,22.27509],[114.15195,22.27509],[114.15195,22.27509],[114.15195,22.27509]]],[[[114.15195,22.2752],[114.15194,22.27521],[114.15195,22.2752],[114.15195,22.27513],[114.15195,22.2752]]],[[[114.15176,22.27553],[114.15148,22.27563],[114.15181,22.27548],[114.15176,22.27553]]],[[[114.15152,22.27568],[114.15157,22.27574],[114.15148,22.27563],[114.15152,22.27568]]],[[[114.15159,22.27575],[114.15157,22.27592],[114.15158,22.27575],[114.15159,22.27575]]],[[[114.15103,22.27699],[114.151,22.27704],[114.15126,22.27657],[114.15103,22.27699]]],[[[114.15063,22.27748],[114.15058,22.27749],[114.15066,22.27748],[114.15063,22.27748]]],[[[114.15044,22.27749],[114.15034,22.27751],[114.15046,22.27749],[114.15044,22.27749]]],[[[114.15032,22.27753],[114.15032,22.27753],[114.15034,22.27751],[114.15032,22.27753]]],[[[114.15027,22.2776],[114.15023,22.2777],[114.1503,22.27757],[114.15027,22.2776]]],[[[114.15009,22.27796],[114.15011,22.27795],[114.15011,22.27795],[114.15009,22.27796]]],[[[114.14974,22.27819],[114.14979,22.27828],[114.14974,22.27819],[114.14974,22.27819]]],[[[114.14943,22.2788],[114.14939,22.27886],[114.14943,22.2788],[114.14943,22.2788]]],[[[114.14923,22.27897],[114.14902,22.27908],[114.14924,22.27897],[114.14923,22.27897]]],[[[114.14899,22.27912],[114.14897,22.27914],[114.14899,22.27912],[114.149,22.2791],[114.14899,22.27912]]],[[[114.14892,22.27918],[114.14891,22.27919],[114.14892,22.27918],[114.14897,22.27914],[114.14892,22.27918]]],[[[114.14884,22.27922],[114.14867,22.2793],[114.14884,22.27922],[114.14884,22.27922]]],[[[114.14848,22.27943],[114.14848,22.27943],[114.14848,22.27943],[114.14856,22.27937],[114.14848,22.27943]]],[[[114.14841,22.2795],[114.1482,22.2797],[114.14842,22.2795],[114.14841,22.2795]]],[[[114.14812,22.27974],[114.14803,22.27979],[114.14815,22.27973],[114.14812,22.27974]]],[[[114.148,22.27979],[114.14795,22.27979],[114.148,22.27979],[114.14803,22.27979],[114.148,22.27979]]],[[[114.14789,22.27981],[114.14786,22.27983],[114.14789,22.27981],[114.14791,22.2798],[114.14789,22.27981]]],[[[114.14784,22.27985],[114.14696,22.28028],[114.14786,22.27983],[114.14784,22.27985]]],[[[114.1469,22.28027],[114.14686,22.28027],[114.1469,22.28027],[114.14693,22.28028],[114.1469,22.28027]]],[[[114.14679,22.28031],[114.14677,22.28033],[114.14679,22.28031],[114.1468,22.28029],[114.14679,22.28031]]],[[[114.14672,22.2805],[114.14671,22.28051],[114.14672,22.2805],[114.14673,22.28047],[114.14672,22.2805]]],[[[114.14666,22.28064],[114.14664,22.28067],[114.14666,22.28064],[114.14669,22.28057],[114.14666,22.28064]]],[[[114.1466,22.2807],[114.14656,22.28072],[114.1466,22.2807],[114.14664,22.28067],[114.14664,22.28067],[114.1466,22.2807]]],[[[114.14653,22.28073],[114.14634,22.28083],[114.14656,22.28072],[114.14653,22.28073]]],[[[114.14628,22.28087],[114.14623,22.2809],[114.14634,22.28083],[114.14628,22.28087]]],[[[114.14599,22.28102],[114.14598,22.28102],[114.14599,22.28102],[114.14606,22.28101],[114.14599,22.28102]]],[[[114.1458,22.28103],[114.14575,22.28102],[114.14587,22.28104],[114.1458,22.28103]]],[[[114.14566,22.281],[114.14536,22.28095],[114.14568,22.28101],[114.14566,22.281]]],[[[114.1453,22.28095],[114.14517,22.2809],[114.14536,22.28095],[114.1453,22.28095]]],[[[114.14508,22.28085],[114.14505,22.28083],[114.14508,22.28085],[114.14512,22.28087],[114.14508,22.28085]]]]}},{"type":"Feature","id":"FEAT-S-H4,S-H24","properties":{"id":"FEAT-S-H4,S-H24","micro_district":"中环及金钟","micro_district_en":"Central & Admiralty","main_area":"港岛中西区","color":"#7c3aed"},"geometry":{"type":"Polygon","coordinates":[[[114.15329,22.28929],[114.15275,22.2894],[114.15262,22.28893],[114.15315,22.28876],[114.15323,22.28864],[114.15319,22.28852],[114.15305,22.28844],[114.15251,22.28855],[114.15237,22.28805],[114.15373,22.28766],[114.15424,22.2874],[114.15582,22.28893],[114.15592,22.2889],[114.15575,22.28831],[114.15608,22.28822],[114.15615,22.2881],[114.15638,22.28805],[114.15657,22.28875],[114.15684,22.28869],[114.15665,22.28798],[114.15729,22.28783],[114.15749,22.28853],[114.15776,22.28847],[114.15756,22.28776],[114.1582,22.2876],[114.1584,22.28831],[114.15869,22.28824],[114.15849,22.28753],[114.15914,22.28738],[114.15936,22.28806],[114.15963,22.28798],[114.1594,22.2873],[114.16004,22.2871],[114.1603,22.28777],[114.16055,22.28769],[114.16029,22.28702],[114.16093,22.28678],[114.16123,22.28745],[114.16148,22.28735],[114.16118,22.28669],[114.16176,22.28645],[114.16209,22.28709],[114.16233,22.28702],[114.16209,22.28643],[114.16225,22.28605],[114.16279,22.28621],[114.16289,22.28614],[114.16284,22.28606],[114.16231,22.28587],[114.1625,22.28535],[114.16305,22.2855],[114.16314,22.28544],[114.1631,22.28536],[114.16257,22.28516],[114.16274,22.28468],[114.16374,22.28415],[114.16557,22.28349],[114.16734,22.28321],[114.16959,22.28317],[114.17062,22.28336],[114.17163,22.28366],[114.172,22.28441],[114.17207,22.2843],[114.1714,22.28244],[114.17127,22.28172],[114.17052,22.2809],[114.16848,22.2807],[114.16822,22.2805],[114.16806,22.28009],[114.16791,22.27993],[114.16667,22.27968],[114.16642,22.27936],[114.16763,22.2795],[114.16823,22.27965],[114.16916,22.27946],[114.16838,22.27778],[114.16726,22.27788],[114.16806,22.27743],[114.16787,22.27715],[114.16713,22.27661],[114.16711,22.27615],[114.16733,22.27618],[114.16737,22.27595],[114.16701,22.27553],[114.16677,22.27572],[114.16656,22.27576],[114.16484,22.27544],[114.16382,22.27562],[114.16344,22.27582],[114.16321,22.27608],[114.16331,22.27671],[114.16326,22.27689],[114.1628,22.27708],[114.16213,22.27676],[114.16186,22.27621],[114.16172,22.2761],[114.16111,22.27587],[114.16084,22.27593],[114.1603,22.27622],[114.15951,22.27634],[114.15825,22.27627],[114.15736,22.27658],[114.15725,22.27676],[114.15726,22.27696],[114.15749,22.27756],[114.15642,22.27863],[114.15614,22.27909],[114.15583,22.27923],[114.15529,22.27923],[114.15453,22.27889],[114.15469,22.27917],[114.15505,22.27935],[114.15548,22.27996],[114.15547,22.28019],[114.15508,22.28078],[114.15585,22.28134],[114.15499,22.28245],[114.15548,22.28308],[114.15515,22.28351],[114.15471,22.28382],[114.15634,22.285],[114.15581,22.28557],[114.15396,22.28664],[114.15061,22.28771],[114.15081,22.28844],[114.1515,22.28826],[114.15165,22.28876],[114.15111,22.28893],[114.15103,22.28906],[114.15106,22.28918],[114.1512,22.28925],[114.15145,22.28922],[114.1525,22.28896],[114.15261,22.28946],[114.15135,22.28977],[114.15127,22.2899],[114.15135,22.29004],[114.15344,22.28951],[114.15343,22.28936],[114.15329,22.28929]],[[114.15163,22.28823],[114.15225,22.28808],[114.15239,22.28858],[114.15177,22.28873],[114.15162,22.28823],[114.15163,22.28823]]]}},{"type":"Feature","id":"FEAT-S-H5,S-H25","properties":{"id":"FEAT-S-H5,S-H25","micro_district":"湾仔","micro_district_en":"Wan Chai","main_area":"港岛湾仔及东半山","color":"#db2777"},"geometry":{"type":"MultiPolygon","coordinates":[[[[114.18353,22.27803],[114.18357,22.27788],[114.18351,22.27778],[114.1827,22.27725],[114.18065,22.27642],[114.18039,22.27616],[114.17994,22.27537],[114.17944,22.27474],[114.17924,22.27471],[114.17739,22.27514],[114.17588,22.27484],[114.17557,22.27471],[114.17531,22.27447],[114.17496,22.27332],[114.17436,22.2728],[114.17376,22.27262],[114.17345,22.27264],[114.17324,22.27282],[114.17321,22.27308],[114.17336,22.27347],[114.17323,22.27364],[114.1724,22.27368],[114.17195,22.27353],[114.1717,22.27356],[114.17134,22.27385],[114.17111,22.27441],[114.17072,22.27463],[114.17051,22.27464],[114.17014,22.27437],[114.16991,22.27432],[114.16836,22.27496],[114.16761,22.27496],[114.16701,22.27553],[114.16737,22.27595],[114.16733,22.27618],[114.16711,22.27615],[114.16713,22.27661],[114.16787,22.27715],[114.16806,22.27743],[114.16726,22.27788],[114.16838,22.27778],[114.16916,22.27946],[114.16823,22.27965],[114.16763,22.2795],[114.16642,22.27936],[114.16667,22.27968],[114.16791,22.27993],[114.16806,22.28009],[114.16822,22.2805],[114.16848,22.2807],[114.17042,22.28088],[114.17064,22.28099],[114.17127,22.28172],[114.1714,22.28244],[114.17207,22.2843],[114.17201,22.28442],[114.1725,22.28477],[114.17302,22.28486],[114.1736,22.28469],[114.17424,22.28469],[114.17415,22.28508],[114.17426,22.28518],[114.1744,22.28514],[114.17463,22.28439],[114.17449,22.28435],[114.17435,22.28378],[114.17439,22.28319],[114.17452,22.28297],[114.17477,22.28287],[114.17608,22.28299],[114.17604,22.28369],[114.17627,22.28374],[114.17645,22.28303],[114.17817,22.28325],[114.17862,22.28299],[114.17901,22.28297],[114.18074,22.28428],[114.1809,22.28431],[114.18099,22.28421],[114.18096,22.28407],[114.17993,22.28327],[114.18023,22.2825],[114.1809,22.28273],[114.18188,22.28321],[114.18185,22.28384],[114.18178,22.28385],[114.18178,22.284],[114.18184,22.28401],[114.18184,22.28434],[114.1818,22.28445],[114.18143,22.28453],[114.18187,22.28445],[114.18211,22.28475],[114.18233,22.2847],[114.18268,22.28479],[114.18237,22.28555],[114.1827,22.28482],[114.18333,22.28497],[114.18286,22.28483],[114.18292,22.28461],[114.1833,22.28467],[114.18336,22.28447],[114.18325,22.28394],[114.18339,22.28392],[114.18338,22.28384],[114.18324,22.28386],[114.18299,22.28256],[114.18307,22.28235],[114.18319,22.28231],[114.18353,22.28243],[114.18487,22.28328],[114.18491,22.28353],[114.18562,22.28405],[114.18918,22.28495],[114.1898,22.28521],[114.18981,22.28576],[114.1891,22.28605],[114.1888,22.28691],[114.18889,22.28703],[114.1875,22.288],[114.18832,22.28748],[114.18838,22.28755],[114.18871,22.28735],[114.18863,22.28726],[114.18958,22.28653],[114.18972,22.28629],[114.1904,22.28573],[114.19063,22.28544],[114.19065,22.28537],[114.18988,22.2849],[114.18775,22.28426],[114.18605,22.28384],[114.18565,22.28396],[114.18472,22.28306],[114.18404,22.28258],[114.1834,22.28231],[114.18254,22.28208],[114.18233,22.28205],[114.18197,22.28215],[114.18197,22.28149],[114.18353,22.27803]]],[[[114.18314,22.28577],[114.18734,22.28688],[114.18736,22.28683],[114.18316,22.28572],[114.18314,22.28577]]]]}},{"type":"Feature","id":"FEAT-S-H7","properties":{"id":"FEAT-S-H7","micro_district":"跑马地及黄泥涌","micro_district_en":"Happy Valley & Wong Nai Chung","main_area":"港岛湾仔及东半山","color":"#db2777"},"geometry":{"type":"Polygon","coordinates":[[[114.18488,22.2782],[114.18536,22.27709],[114.18609,22.2778],[114.18654,22.2774],[114.18723,22.27707],[114.1883,22.27612],[114.18849,22.2758],[114.18852,22.27544],[114.18841,22.27513],[114.18822,22.27491],[114.18791,22.27472],[114.18779,22.27253],[114.1875,22.27232],[114.18737,22.27213],[114.18728,22.27155],[114.18753,22.27101],[114.18768,22.26999],[114.18824,22.26965],[114.18873,22.26904],[114.18925,22.26893],[114.18959,22.26912],[114.19004,22.2688],[114.18981,22.26864],[114.18982,22.26837],[114.19054,22.26681],[114.19029,22.265],[114.19092,22.26382],[114.19109,22.26299],[114.19102,22.26274],[114.19082,22.26264],[114.19112,22.26239],[114.19139,22.26148],[114.19124,22.26136],[114.19043,22.26184],[114.19027,22.2621],[114.18937,22.2621],[114.18836,22.26256],[114.18729,22.26262],[114.18632,22.26326],[114.18606,22.26333],[114.18533,22.26374],[114.18487,22.2644],[114.18488,22.2652],[114.18443,22.26622],[114.18424,22.26631],[114.18346,22.26632],[114.18257,22.26649],[114.18231,22.26661],[114.18209,22.26686],[114.18202,22.26724],[114.18216,22.26766],[114.18216,22.26792],[114.1817,22.26879],[114.18082,22.26919],[114.1806,22.26913],[114.18018,22.26872],[114.17981,22.26867],[114.17874,22.26922],[114.17851,22.26969],[114.17849,22.27045],[114.17814,22.27101],[114.17836,22.27178],[114.17834,22.27195],[114.17722,22.27265],[114.17723,22.27282],[114.17747,22.27315],[114.17749,22.27332],[114.17735,22.2735],[114.1769,22.27362],[114.17684,22.27387],[114.17704,22.27412],[114.17764,22.27451],[114.17781,22.27507],[114.17924,22.27471],[114.17944,22.27474],[114.17994,22.27537],[114.18041,22.27619],[114.18072,22.27647],[114.1827,22.27725],[114.18351,22.27778],[114.18354,22.278],[114.18365,22.27785],[114.18386,22.27782],[114.1848,22.27817],[114.18488,22.2782]]]}},{"type":"Feature","id":"FEAT-S-H8","properties":{"id":"FEAT-S-H8","micro_district":"北角核心及炮台山","micro_district_en":"North Point & Fortress Hill","main_area":"港岛东区","color":"#059669"},"geometry":{"type":"Polygon","coordinates":[[[114.20121,22.29355],[114.20301,22.29392],[114.20317,22.29404],[114.20313,22.29451],[114.20303,22.2945],[114.20302,22.2946],[114.20351,22.29463],[114.2035,22.29453],[114.20341,22.29452],[114.20343,22.29373],[114.20626,22.29323],[114.20951,22.29228],[114.20988,22.29211],[114.20921,22.29163],[114.20931,22.29143],[114.20932,22.29118],[114.20924,22.29101],[114.209,22.29087],[114.20931,22.29022],[114.2082,22.28989],[114.2082,22.28971],[114.20805,22.28953],[114.2075,22.28949],[114.2093,22.28695],[114.21012,22.28603],[114.21014,22.28584],[114.21039,22.28545],[114.21102,22.28481],[114.21092,22.28432],[114.21077,22.284],[114.21078,22.28375],[114.2105,22.28364],[114.21013,22.28374],[114.20949,22.2836],[114.20886,22.2836],[114.20764,22.28396],[114.20785,22.28415],[114.20816,22.28417],[114.20822,22.28429],[114.20774,22.28451],[114.20794,22.28499],[114.20761,22.28506],[114.2075,22.28561],[114.20729,22.28577],[114.20654,22.28594],[114.20646,22.28554],[114.20621,22.28533],[114.2058,22.28544],[114.20552,22.28537],[114.20522,22.28556],[114.20464,22.28563],[114.20466,22.28455],[114.20433,22.28416],[114.20396,22.28438],[114.20374,22.28425],[114.20361,22.28403],[114.20363,22.28385],[114.20352,22.28359],[114.20366,22.28335],[114.20331,22.28306],[114.20307,22.28301],[114.20293,22.28343],[114.20262,22.28339],[114.20256,22.28379],[114.20263,22.28393],[114.20245,22.28422],[114.20231,22.28425],[114.20213,22.28412],[114.20154,22.28394],[114.2014,22.28376],[114.20118,22.28381],[114.20106,22.28364],[114.2008,22.28373],[114.20062,22.28341],[114.20028,22.28337],[114.2002,22.28316],[114.20023,22.28287],[114.20042,22.28238],[114.20002,22.28241],[114.1997,22.28226],[114.19963,22.28151],[114.19923,22.28111],[114.1992,22.2807],[114.19903,22.28083],[114.19887,22.2808],[114.19868,22.28119],[114.19848,22.28114],[114.19822,22.28133],[114.19821,22.28171],[114.19814,22.28181],[114.19793,22.2818],[114.19757,22.28152],[114.19763,22.28086],[114.19782,22.28065],[114.19813,22.28048],[114.19818,22.28021],[114.19778,22.28038],[114.19756,22.28037],[114.19734,22.27979],[114.19778,22.27944],[114.19801,22.27935],[114.19796,22.27918],[114.19813,22.27892],[114.19779,22.27857],[114.19774,22.27842],[114.1978,22.27824],[114.19824,22.2779],[114.1983,22.27759],[114.19818,22.27715],[114.19875,22.2766],[114.19915,22.27657],[114.19921,22.2764],[114.19949,22.27623],[114.19959,22.27591],[114.19996,22.27576],[114.19997,22.27543],[114.19966,22.27544],[114.19948,22.27509],[114.19957,22.27489],[114.19986,22.27479],[114.19983,22.2745],[114.19997,22.27442],[114.20051,22.2744],[114.2006,22.27431],[114.19822,22.27295],[114.19763,22.27332],[114.19738,22.2737],[114.19734,22.274],[114.19715,22.2742],[114.19679,22.27411],[114.19658,22.27424],[114.19616,22.27507],[114.19586,22.27543],[114.19527,22.27588],[114.19522,22.27646],[114.19504,22.27672],[114.19473,22.27686],[114.19405,22.27685],[114.19365,22.27759],[114.19332,22.27785],[114.19221,22.27945],[114.19236,22.27975],[114.19232,22.28021],[114.19201,22.28107],[114.19183,22.28221],[114.18765,22.27933],[114.18747,22.27995],[114.18726,22.28011],[114.187,22.28091],[114.18673,22.28145],[114.18632,22.28271],[114.18605,22.28384],[114.18767,22.28424],[114.18988,22.2849],[114.19065,22.28537],[114.19045,22.28569],[114.18978,22.28624],[114.18958,22.28653],[114.18863,22.28726],[114.18871,22.28735],[114.18839,22.28755],[114.19026,22.28953],[114.19223,22.29128],[114.19247,22.29131],[114.19305,22.29087],[114.19371,22.29161],[114.19608,22.2927],[114.19838,22.29318],[114.19843,22.29298],[114.1999,22.29328],[114.19982,22.29366],[114.1997,22.29381],[114.19963,22.29446],[114.19984,22.29446],[114.20003,22.2938],[114.19997,22.29368],[114.20006,22.29331],[114.20084,22.29347],[114.20087,22.29367],[114.20071,22.29419],[114.20063,22.29482],[114.20084,22.29483],[114.20109,22.29372],[114.20121,22.29358],[114.20121,22.29355]]]}},{"type":"Feature","id":"FEAT-S-H19","properties":{"id":"FEAT-S-H19","micro_district":"赤柱及黄麻角","micro_district_en":"Stanley","main_area":"港岛南区","color":"#0284c7"},"geometry":{"type":"MultiPolygon","coordinates":[[[[114.20571,22.22528],[114.20588,22.22479],[114.20618,22.22467],[114.20695,22.22466],[114.2073,22.2245],[114.20825,22.22451],[114.20855,22.22411],[114.20858,22.22383],[114.20875,22.2238],[114.20905,22.22407],[114.20927,22.22544],[114.20953,22.2257],[114.20973,22.22571],[114.20992,22.2256],[114.21037,22.22504],[114.21062,22.22489],[114.21071,22.22466],[114.21085,22.2246],[114.21143,22.22459],[114.21167,22.22474],[114.21156,22.22558],[114.21164,22.22579],[114.21216,22.2254],[114.21271,22.2252],[114.21285,22.22491],[114.21298,22.22484],[114.21412,22.22516],[114.21467,22.22541],[114.21541,22.22441],[114.215,22.2244],[114.2149,22.22423],[114.21489,22.22397],[114.21494,22.22389],[114.21508,22.22389],[114.21503,22.22383],[114.21521,22.22351],[114.21513,22.22326],[114.21487,22.22309],[114.21474,22.22282],[114.215,22.22259],[114.21461,22.22237],[114.21453,22.22249],[114.21437,22.22243],[114.21415,22.22192],[114.21411,22.2214],[114.2142,22.21983],[114.21429,22.21943],[114.21447,22.21908],[114.21482,22.2188],[114.21525,22.21874],[114.21523,22.21901],[114.21508,22.21919],[114.2152,22.21933],[114.21541,22.21906],[114.21553,22.21911],[114.21567,22.21883],[114.21586,22.21885],[114.21591,22.21871],[114.21616,22.21873],[114.21649,22.21846],[114.21694,22.21742],[114.21743,22.21738],[114.21755,22.21724],[114.21794,22.21725],[114.21812,22.21707],[114.21833,22.21713],[114.21838,22.21702],[114.21826,22.21688],[114.21831,22.21681],[114.21845,22.21674],[114.21859,22.21685],[114.21888,22.21676],[114.21894,22.21658],[114.21882,22.21654],[114.21899,22.21636],[114.21923,22.21634],[114.21921,22.21648],[114.2193,22.21655],[114.21934,22.21637],[114.21958,22.21638],[114.21968,22.21689],[114.21984,22.21681],[114.21985,22.21658],[114.21997,22.21662],[114.22024,22.21647],[114.22075,22.21642],[114.22078,22.21634],[114.22065,22.21624],[114.2207,22.21616],[114.22082,22.21609],[114.22085,22.2162],[114.22092,22.2162],[114.22108,22.21608],[114.22053,22.21602],[114.22063,22.21619],[114.22046,22.21616],[114.22043,22.21603],[114.22062,22.21552],[114.22089,22.21528],[114.22131,22.21524],[114.22117,22.21546],[114.22107,22.21531],[114.22102,22.21541],[114.22115,22.21559],[114.22137,22.21544],[114.22158,22.21549],[114.2213,22.21561],[114.22136,22.21572],[114.22178,22.21568],[114.22191,22.21551],[114.22208,22.21562],[114.22211,22.2155],[114.2219,22.21546],[114.22178,22.21528],[114.22166,22.21531],[114.22147,22.21512],[114.22181,22.21506],[114.2218,22.21519],[114.22209,22.21502],[114.22207,22.21492],[114.22227,22.2149],[114.22232,22.2147],[114.22248,22.21469],[114.22248,22.21414],[114.22235,22.21402],[114.22237,22.21392],[114.22251,22.21389],[114.22253,22.21366],[114.22265,22.21352],[114.22261,22.21327],[114.22267,22.21318],[114.22259,22.213],[114.22272,22.21283],[114.22231,22.21252],[114.22209,22.21255],[114.22201,22.21267],[114.2219,22.21264],[114.22168,22.21285],[114.22148,22.2127],[114.22154,22.21259],[114.22149,22.21252],[114.22137,22.21248],[114.22125,22.2126],[114.22108,22.21233],[114.22086,22.21226],[114.22063,22.212],[114.22062,22.21181],[114.22046,22.21176],[114.22051,22.2116],[114.22064,22.21162],[114.22071,22.21149],[114.22054,22.2115],[114.2204,22.21134],[114.22049,22.21078],[114.22056,22.21075],[114.22051,22.21063],[114.22057,22.21056],[114.22055,22.21046],[114.22049,22.21048],[114.22052,22.21038],[114.22042,22.21033],[114.22043,22.21015],[114.21985,22.20974],[114.21961,22.20965],[114.21927,22.2097],[114.21924,22.20983],[114.21874,22.20992],[114.21842,22.20954],[114.21818,22.20905],[114.21822,22.20885],[114.21836,22.20875],[114.21837,22.20858],[114.21856,22.20837],[114.21872,22.20794],[114.21869,22.20786],[114.21877,22.2078],[114.21868,22.20775],[114.21882,22.20763],[114.21877,22.20748],[114.21885,22.20748],[114.21881,22.20739],[114.21891,22.20726],[114.21943,22.20691],[114.21975,22.20701],[114.22004,22.20689],[114.22022,22.20677],[114.22029,22.20661],[114.2201,22.2066],[114.22032,22.20644],[114.22023,22.20628],[114.22031,22.20613],[114.22019,22.20558],[114.2198,22.20551],[114.21962,22.20559],[114.21956,22.20546],[114.21969,22.20538],[114.21958,22.20531],[114.2195,22.20538],[114.21937,22.2052],[114.21953,22.20519],[114.21969,22.20492],[114.22004,22.20469],[114.22006,22.20459],[114.22023,22.20453],[114.22034,22.20431],[114.22053,22.20435],[114.22112,22.20384],[114.22158,22.20286],[114.22154,22.20255],[114.2216,22.20226],[114.22183,22.20214],[114.22187,22.20198],[114.22205,22.20196],[114.2222,22.20165],[114.22292,22.20104],[114.22325,22.20059],[114.22316,22.20044],[114.22326,22.20025],[114.22327,22.19998],[114.22317,22.1997],[114.22307,22.19966],[114.2231,22.19929],[114.2237,22.19898],[114.22374,22.19881],[114.22367,22.19876],[114.22379,22.19865],[114.22388,22.19867],[114.22406,22.19843],[114.22401,22.19829],[114.22389,22.19829],[114.22406,22.19817],[114.2241,22.19791],[114.22387,22.1972],[114.2239,22.19712],[114.2234,22.19658],[114.22331,22.19639],[114.22337,22.19628],[114.22304,22.19586],[114.22291,22.19581],[114.22295,22.19595],[114.22274,22.19598],[114.22254,22.1958],[114.22209,22.19572],[114.22198,22.19556],[114.22165,22.19543],[114.22177,22.19538],[114.22155,22.19534],[114.2216,22.19538],[114.22114,22.19543],[114.2208,22.19531],[114.22012,22.19523],[114.21868,22.19477],[114.21849,22.19484],[114.21844,22.19498],[114.21827,22.19492],[114.21824,22.19497],[114.21846,22.19512],[114.21815,22.19522],[114.21739,22.19492],[114.21695,22.19488],[114.21641,22.19468],[114.21613,22.19486],[114.21558,22.19483],[114.21542,22.19466],[114.21535,22.19472],[114.21521,22.19462],[114.21525,22.19469],[114.21509,22.19474],[114.2146,22.19439],[114.21434,22.19455],[114.2142,22.19441],[114.21419,22.19429],[114.21428,22.19423],[114.21413,22.19412],[114.21407,22.19423],[114.21388,22.19417],[114.21377,22.19426],[114.21377,22.19441],[114.21351,22.19459],[114.21336,22.19456],[114.21312,22.19474],[114.21303,22.19504],[114.21254,22.19541],[114.21267,22.19557],[114.21206,22.19615],[114.21189,22.1961],[114.21149,22.19645],[114.21164,22.19654],[114.21151,22.19675],[114.2113,22.19682],[114.21143,22.19694],[114.21131,22.19718],[114.21124,22.19715],[114.21118,22.19754],[114.2113,22.19767],[114.21131,22.19819],[114.21108,22.1984],[114.21136,22.19861],[114.2113,22.19915],[114.211,22.19958],[114.21112,22.19969],[114.21108,22.19983],[114.211,22.1998],[114.21109,22.19996],[114.21085,22.20004],[114.21104,22.20015],[114.21095,22.20049],[114.21123,22.20085],[114.21129,22.20118],[114.21168,22.20206],[114.21166,22.20275],[114.21157,22.20284],[114.21167,22.2029],[114.21175,22.20316],[114.2119,22.20419],[114.21186,22.20456],[114.21177,22.20456],[114.21173,22.20445],[114.21163,22.20465],[114.2118,22.20468],[114.21156,22.20472],[114.21156,22.20479],[114.2119,22.20482],[114.21201,22.20537],[114.21177,22.20663],[114.21154,22.20666],[114.21165,22.20681],[114.21155,22.2069],[114.21163,22.2071],[114.21156,22.2072],[114.21159,22.20738],[114.21145,22.2074],[114.21163,22.20761],[114.2116,22.20791],[114.21166,22.20822],[114.21157,22.20844],[114.21181,22.20898],[114.21209,22.2093],[114.21218,22.20968],[114.21258,22.20996],[114.21282,22.21052],[114.2128,22.21097],[114.21267,22.21108],[114.21236,22.21113],[114.21237,22.21129],[114.21253,22.21141],[114.21278,22.2112],[114.2131,22.21109],[114.21379,22.21105],[114.21401,22.21114],[114.21421,22.21133],[114.21431,22.21159],[114.21442,22.21157],[114.21458,22.21187],[114.2141,22.21208],[114.21478,22.21185],[114.21495,22.21219],[114.21487,22.21234],[114.21501,22.21245],[114.21497,22.21295],[114.21492,22.21314],[114.21481,22.21305],[114.21468,22.2132],[114.21468,22.21333],[114.21463,22.21329],[114.21461,22.21336],[114.21447,22.2134],[114.21453,22.21346],[114.21416,22.21377],[114.21422,22.2139],[114.21443,22.21401],[114.21435,22.21421],[114.21444,22.21427],[114.21427,22.21464],[114.21432,22.2147],[114.21421,22.2148],[114.21409,22.21476],[114.21393,22.21496],[114.2138,22.21489],[114.21366,22.21508],[114.21345,22.2151],[114.21349,22.21519],[114.21339,22.21524],[114.21347,22.21554],[114.21337,22.21573],[114.21345,22.21573],[114.21353,22.21593],[114.21347,22.2161],[114.21353,22.21637],[114.21308,22.21683],[114.21276,22.21685],[114.21264,22.21675],[114.21224,22.21667],[114.21205,22.21693],[114.21238,22.21705],[114.21218,22.21755],[114.21189,22.21802],[114.21146,22.21839],[114.21052,22.21858],[114.21004,22.21838],[114.21021,22.21809],[114.21006,22.21761],[114.21038,22.21713],[114.21026,22.21707],[114.21003,22.21757],[114.2098,22.21744],[114.20958,22.21747],[114.20885,22.21721],[114.20883,22.21704],[114.20862,22.21694],[114.20855,22.21681],[114.20829,22.21681],[114.20785,22.217],[114.20737,22.21683],[114.20688,22.21598],[114.20649,22.21575],[114.20624,22.21538],[114.20619,22.21507],[114.20683,22.21466],[114.20686,22.21456],[114.20624,22.2149],[114.2056,22.21551],[114.2051,22.21617],[114.20454,22.21726],[114.20476,22.21816],[114.20469,22.21861],[114.20438,22.21905],[114.20353,22.21966],[114.20304,22.22093],[114.20307,22.22214],[114.20291,22.223],[114.20305,22.22333],[114.20358,22.2237],[114.2037,22.22388],[114.20391,22.2254],[114.20456,22.22545],[114.20501,22.22609],[114.20552,22.22657],[114.20565,22.22543],[114.20571,22.22528]]],[[[114.20687,22.21455],[114.20687,22.21454],[114.20687,22.21454],[114.20687,22.21454],[114.20687,22.21455],[114.20687,22.21455],[114.20687,22.21455]]],[[[114.20689,22.21453],[114.20689,22.21453],[114.20689,22.21453],[114.20689,22.21453],[114.20689,22.21453]]],[[[114.20691,22.21452],[114.20691,22.21452],[114.20691,22.21452],[114.2069,22.21453],[114.20691,22.21452]]],[[[114.20691,22.21451],[114.20692,22.2145],[114.20692,22.2145],[114.20692,22.2145],[114.20691,22.2145],[114.20691,22.21451],[114.20691,22.21451],[114.20691,22.21451]]],[[[114.20695,22.21449],[114.20695,22.21449],[114.20695,22.21448],[114.20695,22.21448],[114.20695,22.21449]]],[[[114.20695,22.2145],[114.20696,22.2145],[114.20695,22.2145],[114.20695,22.21449],[114.20695,22.2145]]],[[[114.20697,22.21452],[114.20697,22.21452],[114.20697,22.21452],[114.20697,22.21452]]],[[[114.20701,22.2145],[114.20701,22.2145],[114.20701,22.2145],[114.207,22.2145],[114.20701,22.2145]]],[[[114.20701,22.2145],[114.20702,22.2145],[114.20701,22.2145],[114.20701,22.21449],[114.20701,22.2145]]],[[[114.20703,22.21451],[114.20704,22.2145],[114.20703,22.21451],[114.20703,22.21451],[114.20703,22.21451],[114.20703,22.21451]]],[[[114.20707,22.21448],[114.20707,22.21448],[114.20707,22.21448],[114.20707,22.21448]]],[[[114.20705,22.21445],[114.20705,22.21445],[114.20705,22.21445],[114.20705,22.21445],[114.20705,22.21445]]],[[[114.20703,22.21444],[114.20703,22.21444],[114.20703,22.21444],[114.20703,22.21444],[114.20703,22.21444],[114.20703,22.21444]]],[[[114.20701,22.21444],[114.20701,22.21444],[114.207,22.21445],[114.20701,22.21444],[114.20701,22.21444],[114.20701,22.21444],[114.20702,22.21444],[114.20702,22.21444],[114.20701,22.21444]]],[[[114.20698,22.21445],[114.20698,22.21445],[114.20699,22.21445],[114.20698,22.21445]]],[[[114.20697,22.21442],[114.20697,22.21441],[114.20697,22.21442],[114.20697,22.21442],[114.20697,22.21442]]],[[[114.20698,22.21436],[114.20698,22.21436],[114.20698,22.21436],[114.20698,22.21436],[114.20698,22.21436],[114.20698,22.21436]]],[[[114.20698,22.21436],[114.20698,22.21436],[114.20698,22.21436],[114.20698,22.21436],[114.20698,22.21436]]],[[[114.20699,22.21431],[114.20699,22.21431],[114.20699,22.21431],[114.20699,22.21431]]],[[[114.20699,22.21431],[114.207,22.21429],[114.20699,22.21431],[114.20699,22.21431]]],[[[114.207,22.21427],[114.207,22.21427],[114.207,22.21428],[114.207,22.21428],[114.207,22.21427]]],[[[114.20701,22.21428],[114.20701,22.21427],[114.20701,22.21428],[114.20701,22.21428],[114.207,22.21427],[114.20701,22.21428]]],[[[114.20701,22.21426],[114.20701,22.21425],[114.20701,22.21425],[114.20701,22.21426],[114.20701,22.21426]]],[[[114.20701,22.21424],[114.20703,22.21419],[114.20701,22.21425],[114.20701,22.21424]]],[[[114.20702,22.21419],[114.20702,22.21419],[114.20702,22.21419],[114.20702,22.21419]]],[[[114.20703,22.21416],[114.20702,22.21416],[114.20702,22.21416],[114.20702,22.21416],[114.20703,22.21416]]],[[[114.20703,22.21413],[114.20703,22.21413],[114.20703,22.21416],[114.20703,22.21413]]],[[[114.20704,22.21413],[114.20704,22.21413],[114.20704,22.21413],[114.20704,22.21413],[114.20704,22.21413]]],[[[114.20704,22.21408],[114.20704,22.21408],[114.20704,22.21409],[114.20704,22.2141],[114.20704,22.21408]]],[[[114.20703,22.21408],[114.20703,22.21408],[114.20703,22.21408],[114.20703,22.21408]]],[[[114.207,22.21401],[114.207,22.21401],[114.207,22.21401],[114.207,22.21402],[114.207,22.21402],[114.207,22.21401]]],[[[114.207,22.21401],[114.20697,22.21397],[114.20697,22.21397],[114.207,22.21401],[114.207,22.21401]]],[[[114.20696,22.21395],[114.20696,22.21395],[114.20696,22.21395],[114.20696,22.21395],[114.20695,22.21395],[114.20696,22.21395]]],[[[114.20695,22.21392],[114.20695,22.21392],[114.20695,22.21392],[114.20695,22.21392]]],[[[114.20693,22.21388],[114.20693,22.21388],[114.20693,22.21389],[114.20694,22.2139],[114.20693,22.21388]]],[[[114.20692,22.21389],[114.20691,22.21387],[114.20692,22.21389],[114.20692,22.21389],[114.20692,22.21389]]],[[[114.20687,22.21386],[114.20687,22.21386],[114.20687,22.21386],[114.20687,22.21386]]],[[[114.20687,22.21383],[114.20687,22.21383],[114.20686,22.21384],[114.20686,22.21384],[114.20687,22.21383]]],[[[114.20687,22.21381],[114.20683,22.21377],[114.20687,22.21382],[114.20687,22.21381]]],[[[114.20683,22.21376],[114.20682,22.21376],[114.20682,22.21376],[114.20683,22.21376],[114.20683,22.21376]]],[[[114.20674,22.2137],[114.20673,22.2137],[114.20673,22.2137],[114.20674,22.2137],[114.20677,22.21373],[114.20677,22.21373],[114.20674,22.2137]]],[[[114.2067,22.21366],[114.20669,22.21366],[114.2067,22.21366],[114.2067,22.21366],[114.2067,22.21366]]],[[[114.20668,22.21366],[114.20666,22.21363],[114.20666,22.21364],[114.20668,22.21366],[114.20669,22.21366],[114.20669,22.21366],[114.20668,22.21366]]],[[[114.20668,22.21362],[114.20668,22.21362],[114.20667,22.21362],[114.20668,22.21362]]],[[[114.20666,22.2136],[114.20666,22.2136],[114.20666,22.2136],[114.20667,22.21361],[114.20666,22.2136]]],[[[114.20665,22.21358],[114.20664,22.21358],[114.20664,22.21358],[114.20665,22.21358],[114.20665,22.21358]]],[[[114.20664,22.21358],[114.20664,22.21358],[114.20664,22.21358],[114.20664,22.21358]]],[[[114.20661,22.21354],[114.2066,22.21354],[114.20659,22.21353],[114.2066,22.21354],[114.2066,22.21354],[114.20661,22.21354],[114.20661,22.21354]]],[[[114.2066,22.21352],[114.20655,22.21346],[114.20659,22.21352],[114.2066,22.21352]]],[[[114.20653,22.21344],[114.20653,22.21344],[114.20653,22.21344],[114.20653,22.21344],[114.20653,22.21344]]],[[[114.20651,22.21344],[114.20647,22.21339],[114.20652,22.21344],[114.20651,22.21344]]],[[[114.20646,22.21339],[114.20644,22.2134],[114.20644,22.2134],[114.20646,22.21339],[114.20646,22.21339],[114.20646,22.21339],[114.20646,22.21339],[114.20646,22.21339]]],[[[114.20639,22.21337],[114.20639,22.21337],[114.20639,22.21337],[114.20641,22.21338],[114.20639,22.21337]]],[[[114.20637,22.21337],[114.20637,22.21337],[114.20638,22.21337],[114.20637,22.21337]]],[[[114.20638,22.21336],[114.20638,22.21336],[114.20638,22.21336],[114.20638,22.21336]]],[[[114.20636,22.21334],[114.20635,22.21333],[114.20634,22.21333],[114.20634,22.21333],[114.20635,22.21333],[114.20636,22.21334],[114.20637,22.21335],[114.20637,22.21335],[114.20636,22.21334]]],[[[114.2063,22.2133],[114.20629,22.2133],[114.20629,22.2133],[114.20629,22.2133],[114.2063,22.2133],[114.20631,22.2133],[114.20632,22.21331],[114.2063,22.2133]]],[[[114.20629,22.21328],[114.20629,22.21328],[114.20629,22.21329],[114.20629,22.21328]]],[[[114.20627,22.21327],[114.20628,22.21327],[114.20628,22.21327],[114.20627,22.21327]]],[[[114.20623,22.21325],[114.20621,22.21324],[114.20621,22.21324],[114.20622,22.21324],[114.20623,22.21325],[114.20623,22.21325],[114.20623,22.21325],[114.20623,22.21325]]],[[[114.20619,22.21325],[114.2062,22.21325],[114.20621,22.21325],[114.20621,22.21325],[114.20619,22.21325]]],[[[114.20616,22.21324],[114.20616,22.21325],[114.20617,22.21324],[114.20617,22.21324],[114.20618,22.21324],[114.20618,22.21324],[114.20616,22.21324]]],[[[114.20616,22.21325],[114.20616,22.21325],[114.20616,22.21325],[114.20616,22.21325]]],[[[114.20616,22.21323],[114.20616,22.21322],[114.20617,22.21322],[114.20617,22.21322],[114.20617,22.21322],[114.20616,22.21322],[114.20616,22.21323],[114.20615,22.21324],[114.20616,22.21323]]],[[[114.20618,22.21321],[114.20619,22.2132],[114.20619,22.21319],[114.20619,22.21319],[114.20619,22.21319],[114.20619,22.21319],[114.20619,22.2132],[114.20618,22.21321],[114.20618,22.21321],[114.20618,22.21321]]],[[[114.20619,22.21319],[114.20619,22.21318],[114.20619,22.21317],[114.20619,22.21317],[114.20619,22.21317],[114.20619,22.21318],[114.20619,22.21319],[114.20619,22.21319],[114.20619,22.21319],[114.20619,22.21319]]],[[[114.20617,22.21316],[114.20615,22.21316],[114.20617,22.21316],[114.20617,22.21316],[114.20617,22.21316]]],[[[114.2061,22.21315],[114.20609,22.21315],[114.2061,22.21315],[114.2061,22.21315],[114.2061,22.21315]]],[[[114.20608,22.21316],[114.20607,22.21316],[114.20607,22.21317],[114.20607,22.21317],[114.20607,22.21317],[114.20607,22.21317],[114.20607,22.21316],[114.20608,22.21316],[114.20608,22.21316],[114.20608,22.21316]]],[[[114.20594,22.21323],[114.20591,22.21322],[114.20591,22.21322],[114.20591,22.21322],[114.20591,22.21322],[114.20594,22.21323],[114.20594,22.21324],[114.20594,22.21324],[114.20594,22.21323]]],[[[114.20583,22.21317],[114.20583,22.21317],[114.20583,22.21317],[114.20583,22.21317]]],[[[114.20583,22.21317],[114.20583,22.21317],[114.20583,22.21317],[114.20583,22.21317]]],[[[114.20583,22.21315],[114.20582,22.21313],[114.20582,22.21312],[114.20582,22.21313],[114.20583,22.21315],[114.20583,22.21315],[114.20583,22.21315]]],[[[114.20581,22.2131],[114.20581,22.2131],[114.20581,22.2131],[114.20581,22.2131],[114.20581,22.2131]]],[[[114.2058,22.21308],[114.2058,22.21307],[114.2058,22.21307],[114.2058,22.21307],[114.2058,22.21308],[114.2058,22.21308],[114.2058,22.21308]]],[[[114.20579,22.21305],[114.20579,22.21304],[114.20579,22.21305],[114.20579,22.21305],[114.20579,22.21305],[114.20579,22.21305]]],[[[114.20578,22.21303],[114.20577,22.21303],[114.20578,22.21303],[114.20578,22.21304],[114.20578,22.21303]]],[[[114.20575,22.21301],[114.20574,22.213],[114.20574,22.213],[114.20575,22.21301],[114.20575,22.21302],[114.20575,22.21302],[114.20575,22.21301]]],[[[114.20574,22.21299],[114.20574,22.21299],[114.20574,22.21299],[114.20574,22.21299]]],[[[114.20572,22.21293],[114.20572,22.21293],[114.20571,22.21294],[114.20572,22.21293]]],[[[114.20569,22.21291],[114.20569,22.21291],[114.2057,22.21291],[114.20569,22.21291]]],[[[114.20568,22.21289],[114.20568,22.21289],[114.20568,22.2129],[114.20568,22.21289]]],[[[114.20568,22.21289],[114.20568,22.21288],[114.20568,22.21289],[114.20568,22.21289],[114.20568,22.21289]]],[[[114.20568,22.21287],[114.20568,22.21286],[114.20568,22.21287],[114.20568,22.21287],[114.20568,22.21287]]],[[[114.20561,22.21276],[114.20561,22.21276],[114.20561,22.21276],[114.20561,22.21276]]],[[[114.2056,22.21276],[114.20559,22.21276],[114.2056,22.21276],[114.2056,22.21276],[114.2056,22.21276]]],[[[114.20551,22.21272],[114.20551,22.21272],[114.20551,22.21272],[114.20551,22.21272],[114.20551,22.21272],[114.20551,22.21272]]],[[[114.2055,22.2127],[114.2055,22.2127],[114.2055,22.2127],[114.2055,22.2127],[114.2055,22.2127]]],[[[114.20549,22.21266],[114.20549,22.21266],[114.20549,22.21266],[114.20549,22.21266],[114.20549,22.21266],[114.20549,22.21266]]],[[[114.20546,22.21259],[114.20546,22.21258],[114.20544,22.21258],[114.20544,22.21258],[114.20546,22.21258],[114.20546,22.21259],[114.20547,22.2126],[114.20546,22.21259]]],[[[114.20544,22.21257],[114.20543,22.21257],[114.20543,22.21257],[114.20544,22.21257],[114.20544,22.21257],[114.20544,22.21257]]],[[[114.20542,22.21256],[114.20542,22.21256],[114.20542,22.21256],[114.20542,22.21256],[114.20543,22.21257],[114.20543,22.21257],[114.20542,22.21256]]],[[[114.20539,22.21253],[114.20539,22.21253],[114.20541,22.21256],[114.20541,22.21256],[114.20539,22.21253]]],[[[114.2054,22.21253],[114.20536,22.21249],[114.2054,22.21253],[114.2054,22.21253]]],[[[114.20536,22.21249],[114.20536,22.21249],[114.20536,22.21249],[114.20536,22.21249]]],[[[114.20533,22.2124],[114.20533,22.21239],[114.20532,22.21238],[114.20531,22.21238],[114.20531,22.21238],[114.20531,22.21238],[114.20532,22.21238],[114.20533,22.21239],[114.20533,22.2124],[114.20534,22.2124],[114.20533,22.2124]]],[[[114.2053,22.21238],[114.20529,22.21238],[114.20528,22.21238],[114.20529,22.21238],[114.20529,22.21238],[114.2053,22.21238],[114.2053,22.21238],[114.2053,22.21238],[114.2053,22.21238]]],[[[114.20522,22.21241],[114.20521,22.21241],[114.20521,22.21242],[114.20521,22.21242],[114.20521,22.21241],[114.20522,22.21241],[114.20522,22.21241],[114.20523,22.2124],[114.20522,22.21241]]],[[[114.2052,22.21242],[114.2052,22.21242],[114.2052,22.21242],[114.2052,22.21242],[114.2052,22.21242]]],[[[114.2052,22.21244],[114.2052,22.21244],[114.2052,22.21244],[114.2052,22.21243],[114.2052,22.21244]]],[[[114.20519,22.21247],[114.20518,22.21247],[114.20519,22.21247],[114.2052,22.21247],[114.20519,22.21247]]],[[[114.20516,22.21246],[114.20515,22.21246],[114.20516,22.21246],[114.20517,22.21247],[114.20516,22.21246]]],[[[114.20513,22.21245],[114.20512,22.21244],[114.20512,22.21244],[114.20512,22.21244],[114.20512,22.21244],[114.20513,22.21245],[114.20513,22.21245],[114.20513,22.21245]]],[[[114.20511,22.21242],[114.20511,22.21242],[114.20511,22.21242],[114.20512,22.21243],[114.20511,22.21242]]],[[[114.2051,22.21242],[114.2051,22.21242],[114.20508,22.21242],[114.20507,22.21242],[114.20507,22.21243],[114.20507,22.21242],[114.20508,22.21242],[114.2051,22.21242],[114.2051,22.21242],[114.20511,22.21242],[114.2051,22.21242]]],[[[114.20504,22.21245],[114.20503,22.21245],[114.20503,22.21245],[114.20504,22.21245],[114.20504,22.21245],[114.20504,22.21245]]],[[[114.20474,22.21238],[114.20474,22.21238],[114.20474,22.21238],[114.20474,22.21238],[114.20474,22.21239],[114.20474,22.21238]]],[[[114.20466,22.2124],[114.20466,22.2124],[114.20466,22.2124],[114.20466,22.2124],[114.20466,22.2124]]],[[[114.2046,22.21259],[114.20459,22.21259],[114.20458,22.21259],[114.20459,22.21259],[114.2046,22.2126],[114.2046,22.2126],[114.2046,22.2126],[114.2046,22.21259]]],[[[114.20452,22.21262],[114.20452,22.21263],[114.20452,22.21262],[114.20452,22.21262],[114.20452,22.21262]]],[[[114.20452,22.21263],[114.20452,22.21264],[114.20452,22.21264],[114.20452,22.21265],[114.20452,22.21264],[114.20452,22.21264],[114.20452,22.21263],[114.20452,22.21263]]],[[[114.20448,22.21279],[114.20448,22.21279],[114.20448,22.21279],[114.20448,22.21279],[114.20449,22.21279],[114.20449,22.21279],[114.20449,22.21279],[114.20448,22.21279]]],[[[114.20447,22.21278],[114.20446,22.21279],[114.20446,22.21279],[114.20446,22.21279],[114.20446,22.21279],[114.20447,22.21278],[114.20447,22.21278],[114.20447,22.21278]]],[[[114.2044,22.21279],[114.2044,22.2128],[114.2044,22.2128],[114.2044,22.21279]]],[[[114.20438,22.21279],[114.20437,22.21279],[114.20437,22.21279],[114.20437,22.21279],[114.20437,22.21279],[114.20438,22.21279],[114.20439,22.21279],[114.20438,22.21279]]],[[[114.20437,22.21279],[114.20436,22.21279],[114.20436,22.21279],[114.20436,22.21279],[114.20437,22.21279],[114.20437,22.21279],[114.20437,22.21279]]],[[[114.20435,22.21279],[114.20435,22.21279],[114.20435,22.21279],[114.20435,22.21279],[114.20435,22.21279]]],[[[114.20434,22.21279],[114.20432,22.21279],[114.20431,22.21279],[114.20431,22.21279],[114.20431,22.21279],[114.20432,22.21279],[114.20434,22.21279],[114.20434,22.21279],[114.20434,22.21279]]],[[[114.2042,22.2128],[114.2042,22.2128],[114.2042,22.2128],[114.2042,22.2128],[114.20421,22.21281],[114.2042,22.2128]]],[[[114.20413,22.21275],[114.20412,22.21275],[114.20413,22.21275],[114.20414,22.21276],[114.20413,22.21275]]],[[[114.20409,22.21274],[114.20407,22.21274],[114.20407,22.21274],[114.20407,22.21274],[114.20409,22.21274],[114.2041,22.21274],[114.20409,22.21274]]],[[[114.20404,22.21274],[114.20404,22.21275],[114.20404,22.21274],[114.20405,22.21274],[114.20404,22.21274]]],[[[114.20394,22.21276],[114.20394,22.21276],[114.20394,22.21277],[114.20395,22.21277],[114.20394,22.21276]]],[[[114.20392,22.21276],[114.20392,22.21277],[114.20392,22.21276],[114.20393,22.21276],[114.20392,22.21276]]],[[[114.20392,22.21277],[114.20392,22.21277],[114.20392,22.21277],[114.20392,22.21277]]],[[[114.20389,22.21278],[114.20389,22.21277],[114.20388,22.21277],[114.20388,22.21277],[114.20388,22.21277],[114.20389,22.21277],[114.20389,22.21278],[114.2039,22.21278],[114.2039,22.21278],[114.20389,22.21278]]],[[[114.20387,22.21278],[114.20386,22.21278],[114.20387,22.21278],[114.20387,22.21277],[114.20387,22.21278]]],[[[114.20385,22.2128],[114.20385,22.2128],[114.20385,22.2128],[114.20385,22.2128]]],[[[114.20385,22.2128],[114.20385,22.2128],[114.20385,22.2128],[114.20385,22.2128]]],[[[114.20383,22.2128],[114.20383,22.21281],[114.20383,22.2128],[114.20383,22.2128],[114.20383,22.2128]]],[[[114.2038,22.21283],[114.2038,22.21283],[114.2038,22.21283],[114.2038,22.21283],[114.2038,22.21283]]],[[[114.20373,22.21282],[114.20372,22.21282],[114.20373,22.21282],[114.20373,22.21282],[114.20373,22.21282],[114.20373,22.21282]]],[[[114.20368,22.21282],[114.20368,22.21282],[114.20368,22.21282],[114.20368,22.21282]]],[[[114.20361,22.21283],[114.20359,22.21282],[114.20359,22.21282],[114.20358,22.21282],[114.20359,22.21282],[114.20359,22.21282],[114.20361,22.21283],[114.20361,22.21283],[114.20361,22.21283]]],[[[114.20357,22.21282],[114.20356,22.21282],[114.20357,22.21282],[114.20357,22.21282],[114.20357,22.21282]]],[[[114.20355,22.21283],[114.20355,22.21283],[114.20355,22.21283],[114.20355,22.21283]]],[[[114.2035,22.21283],[114.2035,22.21283],[114.2035,22.21283],[114.2035,22.21283],[114.20351,22.21283],[114.2035,22.21283]]],[[[114.20347,22.21283],[114.20347,22.21283],[114.20347,22.21283],[114.20347,22.21283],[114.20347,22.21283],[114.20347,22.21283],[114.20347,22.21283]]],[[[114.20344,22.21282],[114.20343,22.21282],[114.20342,22.21282],[114.20342,22.21282],[114.20343,22.21282],[114.20344,22.21282],[114.20344,22.21282],[114.20344,22.21282]]],[[[114.20339,22.21282],[114.20338,22.21282],[114.20339,22.21282],[114.20339,22.21282],[114.20339,22.21282],[114.20339,22.21282]]],[[[114.20332,22.21283],[114.20331,22.21284],[114.20332,22.21284],[114.20332,22.21283],[114.20334,22.21283],[114.20332,22.21283]]],[[[114.20328,22.21285],[114.20328,22.21285],[114.20328,22.21285],[114.20328,22.21285],[114.20328,22.21285]]],[[[114.20327,22.21285],[114.20326,22.21285],[114.20327,22.21285],[114.20327,22.21285],[114.20327,22.21285],[114.20327,22.21285]]],[[[114.20324,22.21286],[114.20323,22.21286],[114.20322,22.21286],[114.20323,22.21286],[114.20323,22.21286],[114.20324,22.21286],[114.20324,22.21286],[114.20324,22.21286]]],[[[114.2032,22.21288],[114.2032,22.21288],[114.2032,22.21288],[114.2032,22.21288]]],[[[114.20315,22.21285],[114.20327,22.21268],[114.20303,22.21275],[114.20308,22.21291],[114.20316,22.21287],[114.20315,22.21285]]],[[[114.203,22.21271],[114.20299,22.2127],[114.203,22.21271],[114.203,22.21271],[114.203,22.21271]]],[[[114.20299,22.2127],[114.20299,22.2127],[114.20299,22.2127],[114.20299,22.2127]]],[[[114.20289,22.21275],[114.20278,22.21277],[114.2028,22.21291],[114.20289,22.21292],[114.20296,22.21275],[114.20289,22.21275]]],[[[114.20266,22.21294],[114.20264,22.21294],[114.20266,22.21294],[114.20266,22.21294],[114.20266,22.21294]]],[[[114.20261,22.21294],[114.20261,22.21294],[114.20261,22.21294],[114.20261,22.21294],[114.20261,22.21294]]],[[[114.20259,22.21295],[114.20259,22.21296],[114.20259,22.21296],[114.20259,22.21295],[114.20259,22.21295],[114.20259,22.21295],[114.2026,22.21295],[114.20259,22.21295]]],[[[114.20259,22.21296],[114.20259,22.21296],[114.20259,22.21296],[114.20259,22.21296]]],[[[114.20259,22.21296],[114.20259,22.21297],[114.20257,22.21297],[114.20257,22.21297],[114.20257,22.21297],[114.20257,22.21297],[114.20259,22.21297],[114.20259,22.21296],[114.20259,22.21296]]],[[[114.20256,22.21297],[114.20257,22.21297],[114.20257,22.21297],[114.20256,22.21297]]],[[[114.20255,22.21297],[114.20255,22.21297],[114.20256,22.21297],[114.20256,22.21297],[114.20256,22.21297],[114.20255,22.21297]]],[[[114.20252,22.21296],[114.20252,22.21296],[114.20252,22.21296],[114.20252,22.21296],[114.20252,22.21297],[114.20252,22.21296]]],[[[114.20252,22.21295],[114.20252,22.21295],[114.20252,22.21295],[114.20252,22.21295]]],[[[114.20251,22.21295],[114.20249,22.21295],[114.20249,22.21295],[114.20249,22.21295],[114.20251,22.21295],[114.20251,22.21295],[114.20251,22.21295]]],[[[114.20245,22.21294],[114.20244,22.21294],[114.20243,22.21294],[114.20244,22.21294],[114.20244,22.21294],[114.20245,22.21294],[114.20245,22.21295],[114.20245,22.21294]]],[[[114.20241,22.21295],[114.20241,22.21295],[114.20241,22.21295],[114.20241,22.21295],[114.20241,22.21295],[114.20241,22.21295],[114.20241,22.21295],[114.20241,22.21295]]],[[[114.2024,22.21295],[114.2024,22.21295],[114.2024,22.21295],[114.2024,22.21295]]],[[[114.20239,22.21294],[114.20239,22.21294],[114.20239,22.21294],[114.20239,22.21294]]],[[[114.20239,22.21294],[114.20239,22.21293],[114.20239,22.21293],[114.20239,22.21293],[114.20239,22.21294],[114.20239,22.21294],[114.20239,22.21294]]],[[[114.2024,22.21292],[114.2024,22.21292],[114.2024,22.21292],[114.2024,22.21292],[114.2024,22.21292],[114.2024,22.21292]]],[[[114.2024,22.21291],[114.2024,22.21291],[114.2024,22.2129],[114.20238,22.21291],[114.20237,22.21292],[114.20236,22.21291],[114.20236,22.21291],[114.20236,22.21291],[114.20237,22.21291],[114.20237,22.21292],[114.20237,22.21291],[114.20238,22.21291],[114.20239,22.21291],[114.2024,22.2129],[114.2024,22.2129],[114.2024,22.21291],[114.2024,22.21291],[114.2024,22.21291],[114.2024,22.21291],[114.2024,22.21292],[114.2024,22.21291]]],[[[114.20236,22.21291],[114.20236,22.21291],[114.20236,22.21291],[114.20236,22.21291]]],[[[114.20236,22.21291],[114.20236,22.21291],[114.20236,22.21291],[114.20236,22.21291],[114.20236,22.21291]]],[[[114.20234,22.2129],[114.20234,22.2129],[114.20234,22.2129],[114.20234,22.2129],[114.20234,22.2129],[114.20234,22.2129],[114.20234,22.2129]]],[[[114.20232,22.2129],[114.20232,22.2129],[114.20232,22.2129],[114.20233,22.21291],[114.20234,22.21291],[114.20232,22.2129]]],[[[114.20231,22.2129],[114.20231,22.2129],[114.20231,22.2129],[114.20232,22.2129],[114.20232,22.2129],[114.20231,22.2129]]],[[[114.20228,22.2129],[114.20228,22.21291],[114.20228,22.21291],[114.20228,22.2129],[114.20228,22.2129],[114.20228,22.2129],[114.20228,22.2129],[114.20229,22.2129],[114.20228,22.2129]]],[[[114.20227,22.21291],[114.20227,22.21291],[114.20227,22.21291],[114.20227,22.21291],[114.20227,22.21291]]],[[[114.20227,22.21292],[114.20227,22.21292],[114.20227,22.21292],[114.20227,22.21292]]],[[[114.20228,22.21295],[114.20228,22.21295],[114.20228,22.21294],[114.20228,22.21295]]],[[[114.20228,22.21295],[114.20228,22.21296],[114.20228,22.21295],[114.20228,22.21295],[114.20228,22.21295]]],[[[114.20227,22.21296],[114.20227,22.21297],[114.20227,22.21297],[114.20227,22.21297],[114.20227,22.21297],[114.20227,22.21296],[114.20227,22.21296]]],[[[114.20225,22.21298],[114.20225,22.21298],[114.20225,22.21298],[114.20225,22.21298],[114.20226,22.21298],[114.20225,22.21298]]],[[[114.20224,22.21298],[114.20224,22.21298],[114.20224,22.21298],[114.20224,22.21298]]],[[[114.20222,22.21301],[114.20222,22.21301],[114.20223,22.21301],[114.20223,22.21301],[114.20222,22.21301]]],[[[114.20221,22.21301],[114.20221,22.21301],[114.20221,22.21301],[114.20221,22.21301]]],[[[114.20222,22.21302],[114.20221,22.21302],[114.20222,22.21302],[114.20222,22.21302],[114.20222,22.21302]]],[[[114.2022,22.21302],[114.2022,22.21302],[114.2022,22.21302],[114.20221,22.21302],[114.2022,22.21302]]],[[[114.20221,22.21303],[114.20221,22.21304],[114.20221,22.21303],[114.20221,22.21303],[114.20221,22.21302],[114.20221,22.21303]]],[[[114.20222,22.21303],[114.20222,22.21303],[114.20221,22.21303],[114.20222,22.21303]]],[[[114.20222,22.21304],[114.20222,22.21304],[114.20222,22.21304],[114.20222,22.21304],[114.20222,22.21304]]],[[[114.20221,22.21305],[114.2022,22.21305],[114.2022,22.21305],[114.2022,22.21305],[114.2022,22.21305],[114.2022,22.21305],[114.20221,22.21305],[114.20221,22.21305],[114.20221,22.21305]]],[[[114.20219,22.21307],[114.20219,22.21307],[114.20219,22.21307],[114.20219,22.21307],[114.20219,22.21307]]],[[[114.20217,22.21308],[114.20217,22.21308],[114.20217,22.21308],[114.20218,22.21307],[114.20217,22.21308]]],[[[114.20216,22.21308],[114.20216,22.21308],[114.20216,22.21308],[114.20216,22.21308],[114.20216,22.21308]]],[[[114.20216,22.21309],[114.20216,22.21309],[114.20216,22.21309],[114.20216,22.21309],[114.20216,22.21309],[114.20216,22.21309],[114.20216,22.21309],[114.20216,22.21309],[114.20216,22.21309]]],[[[114.20216,22.21318],[114.20216,22.21317],[114.20215,22.21316],[114.20215,22.21316],[114.20215,22.21316],[114.20215,22.21317],[114.20215,22.21317],[114.20216,22.21317],[114.20216,22.21318],[114.20216,22.21318],[114.20216,22.21318],[114.20216,22.21318]]],[[[114.20209,22.21306],[114.20209,22.21306],[114.20211,22.21309],[114.20209,22.21306]]],[[[114.20209,22.21305],[114.20208,22.21305],[114.20208,22.21305],[114.20208,22.21304],[114.20208,22.21304],[114.20207,22.21304],[114.20208,22.21304],[114.20208,22.21304],[114.20208,22.21304],[114.20208,22.21304],[114.20208,22.21305],[114.20208,22.21305],[114.20208,22.21305],[114.20209,22.21305],[114.20209,22.21305],[114.20209,22.21305]]],[[[114.20207,22.21303],[114.20207,22.21302],[114.20207,22.21302],[114.20207,22.21302],[114.20207,22.21302],[114.20207,22.21302],[114.20207,22.21303],[114.20207,22.21303],[114.20207,22.21303]]],[[[114.20208,22.21301],[114.20207,22.21301],[114.20206,22.213],[114.20206,22.213],[114.20206,22.213],[114.20206,22.213],[114.20206,22.213],[114.20206,22.213],[114.20207,22.21301],[114.20208,22.21301],[114.20208,22.21301],[114.20208,22.21301]]],[[[114.20206,22.21299],[114.20206,22.21299],[114.20206,22.21299],[114.20206,22.21299],[114.20206,22.21299]]],[[[114.20206,22.21299],[114.20206,22.21298],[114.20205,22.21298],[114.20205,22.21298],[114.20205,22.21298],[114.20206,22.21298],[114.20206,22.21298],[114.20206,22.21298],[114.20206,22.21299],[114.20206,22.21299]]],[[[114.20205,22.21297],[114.20205,22.21297],[114.20205,22.21297],[114.20205,22.21297],[114.20205,22.21297],[114.20205,22.21297]]],[[[114.20203,22.21296],[114.20202,22.21295],[114.20203,22.21296],[114.20203,22.21296],[114.20203,22.21296],[114.20203,22.21296],[114.20203,22.21296]]],[[[114.20202,22.21295],[114.20202,22.21295],[114.20202,22.21295],[114.20201,22.21295],[114.20201,22.21295],[114.20202,22.21295]]],[[[114.20201,22.21294],[114.202,22.21294],[114.20201,22.21294],[114.20202,22.21294],[114.20201,22.21294]]],[[[114.20198,22.21294],[114.20198,22.21294],[114.20198,22.21294],[114.20198,22.21294],[114.20198,22.21294]]],[[[114.20197,22.21295],[114.20198,22.21295],[114.20198,22.21295],[114.20197,22.21295]]],[[[114.20197,22.21294],[114.20197,22.21294],[114.20196,22.21294],[114.20197,22.21294],[114.20197,22.21294],[114.20197,22.21294],[114.20197,22.21294],[114.20197,22.21294]]],[[[114.20195,22.21293],[114.20195,22.21293],[114.20195,22.21293],[114.20196,22.21293],[114.20195,22.21293]]],[[[114.20193,22.21292],[114.20193,22.21293],[114.20193,22.21292],[114.20194,22.21293],[114.20193,22.21292]]],[[[114.20191,22.21293],[114.2019,22.21293],[114.2019,22.21293],[114.20191,22.21293],[114.20193,22.21293],[114.20193,22.21293],[114.20191,22.21293]]],[[[114.20191,22.21294],[114.20191,22.21294],[114.2019,22.21294],[114.20191,22.21294],[114.20191,22.21294],[114.20191,22.21294],[114.2019,22.21293],[114.20191,22.21294]]],[[[114.2019,22.21294],[114.2019,22.21294],[114.2019,22.21294],[114.2019,22.21294],[114.2019,22.21294]]],[[[114.2019,22.21295],[114.2019,22.21295],[114.2019,22.21295],[114.2019,22.21295]]],[[[114.2019,22.21295],[114.2019,22.21295],[114.2019,22.21295],[114.2019,22.21296],[114.2019,22.21295],[114.2019,22.21295]]],[[[114.20189,22.21295],[114.20189,22.21296],[114.20189,22.21295],[114.20189,22.21295]]],[[[114.20189,22.21296],[114.20189,22.21296],[114.20189,22.21296],[114.20189,22.21296],[114.20189,22.21296]]],[[[114.20188,22.21295],[114.20188,22.21295],[114.20188,22.21296],[114.20188,22.21295]]],[[[114.20187,22.21296],[114.20187,22.21296],[114.20188,22.21296],[114.20187,22.21296]]],[[[114.20189,22.21298],[114.20189,22.21298],[114.20188,22.21297],[114.20189,22.21298]]],[[[114.20188,22.21298],[114.20188,22.21298],[114.20188,22.21298],[114.20188,22.21298]]],[[[114.20188,22.21299],[114.20188,22.21299],[114.20188,22.21299],[114.20188,22.21298],[114.20188,22.21298],[114.20188,22.21299]]],[[[114.20188,22.21299],[114.20188,22.21299],[114.20188,22.21299],[114.20188,22.21299]]],[[[114.20188,22.213],[114.20188,22.213],[114.20188,22.213],[114.20188,22.213],[114.20188,22.213],[114.20188,22.213],[114.20188,22.213],[114.20188,22.21299],[114.20188,22.213]]],[[[114.20188,22.213],[114.20188,22.213],[114.20188,22.213],[114.20188,22.213]]],[[[114.20187,22.21301],[114.20187,22.21301],[114.20187,22.21301],[114.20187,22.21301]]],[[[114.20186,22.21301],[114.20186,22.21301],[114.20186,22.21301],[114.20186,22.21301],[114.20186,22.21301]]],[[[114.20183,22.21299],[114.20183,22.21299],[114.20183,22.21299],[114.20184,22.213],[114.20183,22.21299]]],[[[114.20184,22.21299],[114.20183,22.21298],[114.20183,22.21298],[114.20183,22.21299],[114.20184,22.21299],[114.20184,22.21299]]],[[[114.20184,22.21298],[114.20184,22.21298],[114.20184,22.21298],[114.20184,22.21299],[114.20184,22.21298]]],[[[114.20184,22.21298],[114.20184,22.21297],[114.20184,22.21298],[114.20184,22.21298],[114.20184,22.21298]]],[[[114.20183,22.21297],[114.20183,22.21297],[114.20183,22.21297],[114.20184,22.21297],[114.20183,22.21297]]],[[[114.20183,22.21296],[114.20183,22.21296],[114.20183,22.21296],[114.20183,22.21296],[114.20183,22.21297],[114.20183,22.21296]]],[[[114.20183,22.21295],[114.20183,22.21295],[114.20183,22.21295],[114.20183,22.21295],[114.20183,22.21295],[114.20183,22.21295]]],[[[114.20181,22.21293],[114.20181,22.21293],[114.20181,22.21293],[114.20181,22.21293],[114.20181,22.21293],[114.20181,22.21293],[114.20181,22.21293]]],[[[114.2018,22.21293],[114.2018,22.21293],[114.2018,22.21293],[114.2018,22.21293]]],[[[114.20179,22.21293],[114.20179,22.21293],[114.20176,22.21291],[114.20176,22.21291],[114.20176,22.21291],[114.20176,22.21291],[114.20178,22.21293],[114.20179,22.21293],[114.20179,22.21293],[114.20179,22.21293],[114.20179,22.21293]]],[[[114.20177,22.21291],[114.20177,22.2129],[114.20177,22.21291],[114.20177,22.21291],[114.20177,22.21291],[114.20176,22.2129],[114.20176,22.2129],[114.20177,22.21291]]],[[[114.20177,22.2129],[114.20177,22.2129],[114.20177,22.2129],[114.20177,22.2129]]],[[[114.20177,22.21289],[114.20177,22.21289],[114.20177,22.2129],[114.20177,22.21289]]],[[[114.20176,22.21288],[114.20176,22.21288],[114.20176,22.21288],[114.20176,22.21288],[114.20176,22.21289],[114.20176,22.21288]]],[[[114.20173,22.21286],[114.20173,22.21286],[114.20173,22.21286],[114.20171,22.21285],[114.20173,22.21286],[114.20173,22.21286],[114.20173,22.21286],[114.20173,22.21286],[114.20173,22.21286],[114.20173,22.21286],[114.20174,22.21286],[114.20173,22.21286]]],[[[114.2017,22.21285],[114.2017,22.21285],[114.2017,22.21285],[114.2017,22.21285],[114.2017,22.21285],[114.2017,22.21285],[114.2017,22.21285],[114.2017,22.21285]]],[[[114.20169,22.21285],[114.20168,22.21285],[114.20168,22.21285],[114.20169,22.21285],[114.20169,22.21285],[114.20169,22.21285],[114.20169,22.21285],[114.20169,22.21285]]],[[[114.20168,22.21286],[114.20168,22.21285],[114.20168,22.21286],[114.20168,22.21286],[114.20168,22.21286],[114.20168,22.21285],[114.20168,22.21286]]],[[[114.20166,22.21284],[114.20166,22.21284],[114.20166,22.21284],[114.20166,22.21285],[114.20166,22.21284]]],[[[114.20165,22.21283],[114.20165,22.21283],[114.20166,22.21283],[114.20165,22.21283]]],[[[114.20166,22.21282],[114.20166,22.21282],[114.20166,22.21282],[114.20166,22.21282],[114.20166,22.21282],[114.20166,22.21282]]],[[[114.20165,22.21281],[114.20165,22.21281],[114.20165,22.21281],[114.20165,22.21281],[114.20165,22.21281]]],[[[114.20164,22.21281],[114.20164,22.21281],[114.20164,22.21281],[114.20164,22.21281]]],[[[114.20164,22.21281],[114.20163,22.21281],[114.20164,22.21281],[114.20164,22.21281],[114.20164,22.21281]]],[[[114.20163,22.21281],[114.20163,22.21281],[114.20163,22.21281],[114.20163,22.21281],[114.20163,22.21281]]],[[[114.20162,22.2128],[114.20162,22.2128],[114.20162,22.2128],[114.20162,22.2128]]],[[[114.20161,22.21279],[114.20161,22.21278],[114.20161,22.21279],[114.20161,22.21279],[114.20161,22.21279],[114.20161,22.21279],[114.20161,22.21279]]],[[[114.20161,22.21278],[114.2016,22.21278],[114.2016,22.21278],[114.2016,22.21278],[114.2016,22.21278],[114.20161,22.21278],[114.20161,22.21278],[114.20161,22.21278]]],[[[114.2016,22.21278],[114.20159,22.21277],[114.20159,22.21277],[114.20159,22.21277],[114.2016,22.21278],[114.2016,22.21278],[114.2016,22.21278]]],[[[114.2016,22.21277],[114.2016,22.21277],[114.2016,22.21277],[114.2016,22.21277],[114.2016,22.21277]]],[[[114.2016,22.21275],[114.2016,22.21275],[114.2016,22.21275],[114.2016,22.21275],[114.2016,22.21275],[114.2016,22.21275],[114.2016,22.21275],[114.2016,22.21276],[114.2016,22.21275]]],[[[114.2016,22.21275],[114.2016,22.21274],[114.20159,22.21274],[114.2016,22.21275],[114.2016,22.21275],[114.2016,22.21275]]],[[[114.20158,22.21273],[114.20157,22.21273],[114.20157,22.21273],[114.20158,22.21273],[114.20158,22.21274],[114.20158,22.21273]]],[[[114.20155,22.21273],[114.20155,22.21273],[114.20156,22.21274],[114.20156,22.21273],[114.20155,22.21273]]],[[[114.20155,22.21273],[114.20155,22.21273],[114.20155,22.21273],[114.20155,22.21273]]],[[[114.20152,22.21271],[114.20152,22.2127],[114.20152,22.2127],[114.20152,22.21271],[114.20154,22.21272],[114.20152,22.21271]]],[[[114.20151,22.2127],[114.2015,22.2127],[114.2015,22.2127],[114.2015,22.2127],[114.2015,22.2127],[114.20151,22.2127],[114.20151,22.2127]]],[[[114.20148,22.2127],[114.20148,22.2127],[114.20148,22.2127],[114.20149,22.2127],[114.20148,22.2127]]],[[[114.20145,22.2127],[114.20144,22.21269],[114.20143,22.21269],[114.20143,22.21269],[114.20144,22.21269],[114.20144,22.21269],[114.20145,22.21269],[114.20145,22.2127],[114.20145,22.2127],[114.20145,22.2127]]],[[[114.20144,22.21268],[114.20144,22.21268],[114.20143,22.21269],[114.20144,22.21268]]],[[[114.20144,22.21268],[114.20145,22.21268],[114.20145,22.21268],[114.20145,22.21268],[114.20145,22.21268],[114.20144,22.21268],[114.20144,22.21268],[114.20144,22.21268]]],[[[114.20145,22.21268],[114.20145,22.21268],[114.20145,22.21268],[114.20145,22.21268]]],[[[114.20145,22.21267],[114.20145,22.21267],[114.20145,22.21267],[114.20145,22.21267]]],[[[114.20147,22.21268],[114.20147,22.21268],[114.20147,22.21268],[114.20147,22.21268]]],[[[114.20149,22.21268],[114.20149,22.21268],[114.20149,22.21268],[114.20148,22.21267],[114.20148,22.21267],[114.20149,22.21268]]],[[[114.20149,22.21267],[114.20149,22.21267],[114.20149,22.21267],[114.20149,22.21267]]],[[[114.2015,22.21265],[114.2015,22.21265],[114.2015,22.21265],[114.2015,22.21265],[114.2015,22.21265],[114.2015,22.21265],[114.2015,22.21265],[114.2015,22.21265]]],[[[114.20149,22.21264],[114.20148,22.21264],[114.20147,22.21264],[114.20147,22.21264],[114.20148,22.21264],[114.20149,22.21264],[114.20149,22.21264]]],[[[114.20148,22.21263],[114.20148,22.21262],[114.20147,22.21262],[114.20148,22.21262],[114.20148,22.21263],[114.20148,22.21263],[114.20148,22.21263]]],[[[114.20145,22.21261],[114.20145,22.21261],[114.20146,22.21261],[114.20145,22.21261]]],[[[114.20144,22.2126],[114.20144,22.2126],[114.20145,22.2126],[114.20144,22.2126]]],[[[114.20145,22.21259],[114.20145,22.21259],[114.20145,22.21259],[114.20145,22.21259],[114.20145,22.21259]]],[[[114.20145,22.21259],[114.20145,22.21259],[114.20145,22.21259],[114.20145,22.21259]]],[[[114.20144,22.21257],[114.20144,22.21257],[114.20144,22.21257],[114.20144,22.21257]]],[[[114.20144,22.21256],[114.20144,22.21256],[114.20144,22.21256],[114.20144,22.21256]]],[[[114.20143,22.21255],[114.20143,22.21255],[114.20143,22.21255],[114.20143,22.21255]]],[[[114.20142,22.21254],[114.20142,22.21254],[114.20141,22.21254],[114.20141,22.21254],[114.20142,22.21254],[114.20142,22.21254],[114.20142,22.21255],[114.20142,22.21254]]],[[[114.20142,22.21253],[114.20141,22.21251],[114.20141,22.21251],[114.20142,22.21253],[114.20142,22.21253],[114.20142,22.21253]]],[[[114.20138,22.2125],[114.20137,22.2125],[114.20137,22.21251],[114.20137,22.2125],[114.20137,22.21251],[114.20137,22.2125],[114.20138,22.2125],[114.20138,22.2125],[114.20139,22.21251],[114.20138,22.2125]]],[[[114.20136,22.21249],[114.20136,22.21249],[114.20136,22.21249],[114.20136,22.21249],[114.20136,22.21249]]],[[[114.20134,22.21246],[114.20133,22.21241],[114.20133,22.21246],[114.20134,22.21246]]],[[[114.2013,22.21241],[114.2013,22.21242],[114.2013,22.21242],[114.2013,22.21241],[114.20131,22.21241],[114.2013,22.21241]]],[[[114.2013,22.21242],[114.2013,22.21242],[114.2013,22.21242],[114.2013,22.21242]]],[[[114.20128,22.21241],[114.20128,22.2124],[114.20128,22.2124],[114.20128,22.21241],[114.20128,22.21241],[114.20128,22.21241],[114.20128,22.21241]]],[[[114.20127,22.2124],[114.20127,22.2124],[114.20128,22.2124],[114.20127,22.2124]]],[[[114.20122,22.21235],[114.20122,22.21235],[114.20122,22.21235],[114.20122,22.21235]]],[[[114.20122,22.21234],[114.20122,22.21234],[114.20122,22.21234],[114.20122,22.21234],[114.20122,22.21234]]],[[[114.20123,22.21233],[114.20123,22.21233],[114.20123,22.21233],[114.20123,22.21233],[114.20123,22.21233]]],[[[114.20122,22.21232],[114.20122,22.21232],[114.20122,22.21232],[114.20122,22.21232],[114.20122,22.21232]]],[[[114.2012,22.21232],[114.20119,22.21232],[114.2012,22.21232],[114.2012,22.21232],[114.2012,22.21232]]],[[[114.20118,22.21231],[114.20118,22.2123],[114.20118,22.21231],[114.20117,22.2123],[114.20117,22.2123],[114.20118,22.21231]]],[[[114.20119,22.21228],[114.20119,22.21228],[114.20118,22.21229],[114.20118,22.21229],[114.20119,22.21228]]],[[[114.20119,22.21228],[114.20118,22.21227],[114.20119,22.21228],[114.20119,22.21228],[114.20119,22.21228]]],[[[114.20118,22.21226],[114.20118,22.21226],[114.20118,22.21226],[114.20118,22.21226],[114.20118,22.21226]]],[[[114.20118,22.21226],[114.20117,22.21226],[114.20118,22.21226],[114.20118,22.21226]]],[[[114.20117,22.21225],[114.20117,22.21226],[114.20117,22.21226],[114.20117,22.21225]]],[[[114.20118,22.21226],[114.20118,22.21225],[114.20118,22.21225],[114.20118,22.21226],[114.20117,22.21225],[114.20118,22.21226]]],[[[114.20117,22.21223],[114.20117,22.21223],[114.20117,22.21223],[114.20117,22.21223],[114.20117,22.21223]]],[[[114.20117,22.21222],[114.20117,22.21222],[114.20117,22.21222],[114.20117,22.21223],[114.20117,22.21223],[114.20117,22.21222]]],[[[114.20113,22.21219],[114.20113,22.21219],[114.20114,22.2122],[114.20114,22.2122],[114.20113,22.21219]]],[[[114.2011,22.21219],[114.2011,22.21219],[114.2011,22.21219],[114.2011,22.21219]]],[[[114.20108,22.2122],[114.20108,22.2122],[114.20108,22.2122],[114.20108,22.2122],[114.20108,22.2122]]],[[[114.20108,22.2122],[114.20108,22.2122],[114.20108,22.2122],[114.20108,22.2122]]],[[[114.20108,22.2122],[114.20108,22.2122],[114.20108,22.2122],[114.20108,22.2122],[114.20108,22.2122]]],[[[114.20107,22.2122],[114.20107,22.2122],[114.20107,22.2122],[114.20107,22.2122]]],[[[114.20107,22.2122],[114.20107,22.2122],[114.20107,22.2122],[114.20107,22.2122]]],[[[114.20107,22.21221],[114.20107,22.21221],[114.20107,22.2122],[114.20107,22.21221]]],[[[114.20095,22.21209],[114.20095,22.21209],[114.20095,22.21209],[114.20095,22.21209]]],[[[114.20095,22.21209],[114.20095,22.21209],[114.20095,22.21209],[114.20095,22.21209],[114.20095,22.21209]]],[[[114.20094,22.21209],[114.20095,22.21209],[114.20095,22.21209],[114.20094,22.21209]]],[[[114.20088,22.21192],[114.20087,22.21192],[114.20086,22.21192],[114.20086,22.21194],[114.20088,22.21192]]],[[[114.20088,22.2119],[114.20087,22.2119],[114.20088,22.2119],[114.20088,22.21191],[114.20088,22.2119]]],[[[114.20087,22.2119],[114.20087,22.21189],[114.20087,22.21189],[114.20086,22.21188],[114.20086,22.21188],[114.20086,22.21188],[114.20086,22.21189],[114.20085,22.21189],[114.20085,22.21189],[114.20086,22.2119],[114.20086,22.2119],[114.20087,22.21189],[114.20087,22.21189],[114.20087,22.21189],[114.20087,22.2119],[114.20087,22.2119]]],[[[114.20086,22.21187],[114.20085,22.21187],[114.20085,22.21187],[114.20085,22.21187],[114.20085,22.21187],[114.20086,22.21187],[114.20086,22.21187]]],[[[114.20084,22.21187],[114.20083,22.21187],[114.20083,22.21187],[114.20083,22.21187],[114.20083,22.21187],[114.20084,22.21187],[114.20084,22.21187],[114.20084,22.21187]]],[[[114.20083,22.21187],[114.20083,22.21186],[114.20082,22.21186],[114.20082,22.21185],[114.20082,22.21186],[114.20083,22.21186],[114.20083,22.21187],[114.20083,22.21187],[114.20083,22.21187]]],[[[114.20081,22.21185],[114.20081,22.21185],[114.20081,22.21185],[114.2008,22.21185],[114.20081,22.21185],[114.20081,22.21185],[114.20082,22.21185],[114.20081,22.21185]]],[[[114.20077,22.21177],[114.20077,22.21177],[114.20077,22.21177],[114.20077,22.21177],[114.20077,22.21177],[114.20077,22.21177]]],[[[114.2008,22.21177],[114.2008,22.21177],[114.2008,22.21177],[114.20079,22.21176],[114.20079,22.21176],[114.20079,22.21176],[114.20079,22.21176],[114.2008,22.21177],[114.2008,22.21177],[114.2008,22.21177],[114.2008,22.21177],[114.2008,22.21177]]],[[[114.20081,22.21175],[114.20081,22.21175],[114.20081,22.21175],[114.20081,22.21175],[114.20081,22.21175],[114.20081,22.21175]]],[[[114.20082,22.21175],[114.20082,22.21174],[114.20082,22.21174],[114.20082,22.21175],[114.20082,22.21175],[114.20082,22.21175]]],[[[114.20083,22.21173],[114.20083,22.21173],[114.20083,22.21172],[114.20083,22.21173],[114.20083,22.21173],[114.20083,22.21174],[114.20083,22.21173]]],[[[114.20083,22.21172],[114.20082,22.21171],[114.20082,22.21171],[114.20082,22.21171],[114.20082,22.21171],[114.20082,22.21171],[114.20083,22.21171],[114.20083,22.21172],[114.20083,22.21172],[114.20083,22.21172]]],[[[114.20083,22.2117],[114.20083,22.2117],[114.20083,22.2117],[114.20082,22.21171],[114.20083,22.2117]]],[[[114.20082,22.21168],[114.20082,22.21168],[114.20082,22.21168],[114.20082,22.21168],[114.20082,22.21168]]],[[[114.20081,22.21168],[114.20081,22.21168],[114.20081,22.21168],[114.20082,22.21168],[114.20082,22.21168],[114.20081,22.21168]]],[[[114.20081,22.21155],[114.20083,22.2115],[114.20081,22.21166],[114.20081,22.21155]]],[[[114.20084,22.21146],[114.20081,22.21144],[114.20081,22.21146],[114.20082,22.21146],[114.20083,22.21146],[114.20083,22.21146],[114.20083,22.21146],[114.20083,22.21146],[114.20084,22.21147],[114.20084,22.21146]]],[[[114.2007,22.21132],[114.20069,22.21131],[114.20069,22.21131],[114.20069,22.21131],[114.20069,22.21131],[114.20071,22.21137],[114.20077,22.2114],[114.20077,22.2114],[114.20078,22.2114],[114.20078,22.2114],[114.2007,22.21132]]],[[[114.20069,22.2113],[114.20068,22.21129],[114.20069,22.2113],[114.20069,22.2113],[114.20069,22.2113]]],[[[114.20068,22.21129],[114.20067,22.21128],[114.20068,22.21129],[114.20068,22.21129],[114.20068,22.21129]]],[[[114.20067,22.21128],[114.20067,22.21127],[114.20067,22.21128],[114.20067,22.21128],[114.20067,22.21128],[114.20067,22.21128]]],[[[114.20066,22.21127],[114.20066,22.21127],[114.20066,22.21127],[114.20066,22.21127]]],[[[114.20066,22.21126],[114.20062,22.21119],[114.20066,22.21126],[114.20066,22.21126]]],[[[114.20061,22.21118],[114.2006,22.21117],[114.2006,22.21117],[114.2006,22.21117],[114.2006,22.21118],[114.20061,22.21118],[114.20061,22.21118],[114.20061,22.21118],[114.20061,22.21118]]],[[[114.20058,22.21115],[114.20058,22.21115],[114.20058,22.21114],[114.20058,22.21115],[114.20058,22.21115],[114.20058,22.21115],[114.20058,22.21115],[114.20058,22.21115],[114.20058,22.21115]]],[[[114.20061,22.21111],[114.20061,22.21111],[114.20061,22.21111],[114.20061,22.21111],[114.20061,22.21111]]],[[[114.20062,22.2111],[114.20062,22.21109],[114.20062,22.21107],[114.20061,22.21106],[114.20061,22.21106],[114.20061,22.21106],[114.20061,22.21106],[114.20062,22.21107],[114.20062,22.21109],[114.20062,22.2111],[114.20062,22.2111],[114.20062,22.2111],[114.20062,22.2111],[114.20062,22.2111],[114.20062,22.2111]]],[[[114.2006,22.21104],[114.2006,22.21104],[114.2006,22.21104],[114.2006,22.21104],[114.2006,22.21104],[114.2006,22.21104],[114.2006,22.21104]]],[[[114.20061,22.21099],[114.20056,22.21094],[114.2005,22.21103],[114.2006,22.21104],[114.20061,22.21099]]],[[[114.20048,22.21102],[114.20048,22.21102],[114.20048,22.21102],[114.20048,22.21102]]],[[[114.20043,22.21099],[114.20043,22.21099],[114.20043,22.21099],[114.20043,22.21099]]],[[[114.20041,22.21097],[114.20041,22.21097],[114.20041,22.21097],[114.20042,22.21097],[114.20042,22.21097],[114.20041,22.21097]]],[[[114.20041,22.21097],[114.2004,22.21096],[114.2004,22.21096],[114.2004,22.21096],[114.2004,22.21096],[114.2004,22.21096],[114.20041,22.21097],[114.20041,22.21097],[114.20041,22.21097]]],[[[114.20042,22.21095],[114.20042,22.21095],[114.20042,22.21095],[114.20042,22.21095],[114.20042,22.21095]]],[[[114.20045,22.21094],[114.20046,22.21093],[114.20045,22.21094],[114.20045,22.21094],[114.20045,22.21094]]],[[[114.20046,22.21093],[114.20046,22.21093],[114.20046,22.21093],[114.20046,22.21093]]],[[[114.20047,22.2109],[114.20047,22.21089],[114.20047,22.21089],[114.20047,22.2109],[114.20047,22.2109],[114.20047,22.2109]]],[[[114.20047,22.21087],[114.20047,22.21087],[114.20047,22.21087],[114.20047,22.21087]]],[[[114.20044,22.21083],[114.20042,22.21083],[114.20042,22.21083],[114.20044,22.21083],[114.20044,22.21084],[114.20044,22.21083]]],[[[114.2004,22.21085],[114.20039,22.21087],[114.20039,22.21088],[114.20039,22.21087],[114.2004,22.21085],[114.2004,22.21085],[114.2004,22.21085]]],[[[114.20039,22.21089],[114.20039,22.21089],[114.20039,22.21089],[114.20039,22.21088],[114.20039,22.21089]]],[[[114.20038,22.21089],[114.20038,22.21088],[114.20038,22.21088],[114.20038,22.21089],[114.20038,22.21089],[114.20038,22.21089],[114.20038,22.21089]]],[[[114.20036,22.21084],[114.20036,22.21084],[114.20036,22.21084],[114.20037,22.21086],[114.20036,22.21084]]],[[[114.20035,22.21082],[114.20034,22.21082],[114.20034,22.21082],[114.20035,22.21082]]],[[[114.20035,22.21079],[114.20034,22.21079],[114.20034,22.21079],[114.20033,22.21078],[114.20034,22.21079],[114.20034,22.21079],[114.20035,22.21079],[114.20035,22.2108],[114.20035,22.21079]]],[[[114.20031,22.21077],[114.20031,22.21077],[114.20031,22.21077],[114.20031,22.21077]]],[[[114.20029,22.21073],[114.20029,22.21072],[114.20028,22.21072],[114.20029,22.21072],[114.20029,22.21072],[114.20029,22.21073],[114.2003,22.21073],[114.20029,22.21073]]],[[[114.20027,22.21071],[114.20026,22.21071],[114.20026,22.21071],[114.20027,22.21071],[114.20027,22.21071],[114.20027,22.21071]]],[[[114.20023,22.21071],[114.20021,22.21071],[114.20021,22.21071],[114.20023,22.21071],[114.20023,22.21071],[114.20023,22.21071]]],[[[114.20016,22.21069],[114.20016,22.21069],[114.20016,22.21069],[114.20016,22.21069],[114.20016,22.21069]]],[[[114.20017,22.21068],[114.20017,22.21068],[114.20017,22.21068],[114.20017,22.21068],[114.20017,22.21068]]],[[[114.20019,22.21066],[114.20018,22.21066],[114.20019,22.21066],[114.20019,22.21066],[114.20018,22.21066],[114.20019,22.21066]]],[[[114.20018,22.21065],[114.20018,22.21065],[114.20018,22.21065],[114.20018,22.21065]]],[[[114.20013,22.21063],[114.20013,22.21063],[114.20013,22.21063],[114.20013,22.21063],[114.20013,22.21063],[114.20013,22.21063],[114.20013,22.21063]]],[[[114.20012,22.21062],[114.20012,22.21061],[114.20012,22.21061],[114.20012,22.21062],[114.20012,22.21062]]],[[[114.20012,22.21061],[114.20013,22.21059],[114.20013,22.21059],[114.20013,22.21059],[114.20012,22.21061],[114.20012,22.21061],[114.20012,22.21061]]],[[[114.20012,22.21058],[114.20012,22.21058],[114.20012,22.21058],[114.20012,22.21058],[114.20013,22.21058],[114.20012,22.21058]]],[[[114.2001,22.21058],[114.2001,22.21057],[114.2001,22.21058],[114.2001,22.21057],[114.2001,22.21058]]],[[[114.20009,22.21058],[114.20007,22.21059],[114.20009,22.21058],[114.20009,22.21057],[114.20009,22.21058]]],[[[114.20007,22.21059],[114.20006,22.21059],[114.20005,22.2106],[114.20005,22.2106],[114.20005,22.2106],[114.20005,22.21061],[114.20005,22.2106],[114.20005,22.2106],[114.20005,22.2106],[114.20006,22.21059],[114.20007,22.21059],[114.20007,22.21059],[114.20007,22.21059]]],[[[114.20005,22.21061],[114.20005,22.21061],[114.20005,22.21061],[114.20005,22.21061]]],[[[114.20006,22.21061],[114.20007,22.21061],[114.20007,22.21061],[114.20008,22.21063],[114.20007,22.21061],[114.20007,22.21061],[114.20006,22.21061],[114.20006,22.21061],[114.20006,22.21061]]],[[[114.20008,22.21064],[114.20009,22.21064],[114.2001,22.21063],[114.2001,22.21063],[114.20009,22.21064],[114.20008,22.21064],[114.20008,22.21064],[114.20008,22.21064]]],[[[114.2001,22.21063],[114.2001,22.21064],[114.2001,22.21063],[114.2001,22.21063],[114.2001,22.21063]]],[[[114.20009,22.21064],[114.20007,22.21064],[114.20006,22.21064],[114.20007,22.21064],[114.20007,22.21064],[114.20009,22.21064],[114.20009,22.21064],[114.2001,22.21064],[114.2001,22.21064],[114.20009,22.21064]]],[[[114.20002,22.21063],[114.20002,22.21063],[114.20002,22.21063],[114.20002,22.21063]]],[[[114.19999,22.21061],[114.19998,22.2106],[114.19997,22.21059],[114.19996,22.21058],[114.19996,22.21058],[114.19996,22.21058],[114.19997,22.21059],[114.19997,22.21059],[114.19997,22.21059],[114.19998,22.2106],[114.19999,22.21061],[114.19999,22.21061]]],[[[114.19995,22.21058],[114.19995,22.21058],[114.19995,22.21058],[114.19995,22.21058]]],[[[114.19993,22.21057],[114.19993,22.21057],[114.19993,22.21057],[114.19993,22.21057],[114.19994,22.21057],[114.19993,22.21057]]],[[[114.19991,22.21056],[114.19991,22.21055],[114.19991,22.21056],[114.19991,22.21056],[114.19992,22.21056],[114.19991,22.21056]]],[[[114.19991,22.21055],[114.19991,22.21055],[114.19991,22.21055],[114.19991,22.21055]]],[[[114.1999,22.21054],[114.19989,22.21053],[114.19989,22.21053],[114.19988,22.21053],[114.19988,22.21053],[114.19989,22.21053],[114.19989,22.21053],[114.19989,22.21053],[114.1999,22.21054],[114.1999,22.21054],[114.1999,22.21054]]],[[[114.19985,22.21048],[114.19985,22.21048],[114.19985,22.21048],[114.19985,22.21048]]],[[[114.19983,22.21046],[114.19982,22.21046],[114.19982,22.21046],[114.19983,22.21046],[114.19983,22.21047],[114.19983,22.21046]]],[[[114.19977,22.21045],[114.19977,22.21045],[114.19977,22.21045],[114.19977,22.21045],[114.19977,22.21045],[114.19977,22.21045],[114.19977,22.21045]]],[[[114.19971,22.21044],[114.1997,22.21044],[114.19971,22.21044],[114.19971,22.21044],[114.19971,22.21044],[114.19971,22.21045],[114.19971,22.21044]]],[[[114.19969,22.21043],[114.19969,22.21043],[114.19969,22.21043],[114.19969,22.21043]]],[[[114.19965,22.2104],[114.19964,22.21039],[114.19963,22.21039],[114.19964,22.21039],[114.19965,22.2104],[114.19965,22.2104]]],[[[114.19962,22.21038],[114.19962,22.21038],[114.19962,22.21038],[114.19963,22.21038],[114.19962,22.21038]]],[[[114.1996,22.21035],[114.19958,22.21034],[114.19958,22.21034],[114.19958,22.21034],[114.19958,22.21034],[114.19958,22.21034],[114.1996,22.21035],[114.1996,22.21036],[114.1996,22.21035]]],[[[114.19957,22.21033],[114.19956,22.21033],[114.19957,22.21033],[114.19957,22.21034],[114.19957,22.21034],[114.19957,22.21033]]],[[[114.19953,22.21033],[114.19952,22.21033],[114.19953,22.21033],[114.19954,22.21033],[114.19954,22.21033],[114.19953,22.21033]]],[[[114.19949,22.21032],[114.19949,22.21032],[114.19949,22.21032],[114.19949,22.21032],[114.19951,22.21033],[114.19949,22.21032]]],[[[114.19948,22.21031],[114.19945,22.2103],[114.19945,22.2103],[114.19945,22.2103],[114.19948,22.21031],[114.19948,22.21032],[114.19948,22.21032],[114.19948,22.21031]]],[[[114.19943,22.2103],[114.19941,22.2103],[114.1994,22.2103],[114.19941,22.2103],[114.19941,22.2103],[114.19943,22.2103],[114.19943,22.2103],[114.19943,22.2103],[114.19944,22.2103],[114.19943,22.2103]]],[[[114.19938,22.21031],[114.19938,22.21031],[114.19938,22.21031],[114.19939,22.21031],[114.19939,22.21031],[114.19938,22.21031]]],[[[114.19935,22.21031],[114.19934,22.21031],[114.19933,22.21031],[114.19933,22.21031],[114.19934,22.21031],[114.19935,22.21031],[114.19935,22.21031],[114.19936,22.21031],[114.19935,22.21031]]],[[[114.19928,22.2103],[114.19927,22.2103],[114.19926,22.2103],[114.19927,22.2103],[114.19927,22.2103],[114.19928,22.2103],[114.19929,22.2103],[114.19929,22.2103],[114.19928,22.2103]]],[[[114.19922,22.21032],[114.19922,22.21032],[114.19922,22.21032],[114.19922,22.21032],[114.19922,22.21032]]],[[[114.1992,22.21032],[114.19919,22.21032],[114.1992,22.21032],[114.1992,22.21032],[114.1992,22.21032]]],[[[114.19919,22.21031],[114.1992,22.21031],[114.19919,22.21031],[114.19919,22.21032],[114.19919,22.21032],[114.19919,22.21031]]],[[[114.19922,22.2103],[114.19922,22.2103],[114.19922,22.2103],[114.19922,22.2103],[114.19922,22.2103],[114.19921,22.21031],[114.19922,22.2103]]],[[[114.19923,22.21029],[114.19923,22.21029],[114.19923,22.21029],[114.19923,22.21029]]],[[[114.19924,22.21029],[114.19924,22.21029],[114.19924,22.21029],[114.19924,22.21029],[114.19924,22.21029],[114.19924,22.21029]]],[[[114.19925,22.21029],[114.19926,22.21029],[114.19925,22.21029],[114.19925,22.21029],[114.19925,22.21029]]],[[[114.1993,22.21029],[114.1993,22.21029],[114.19929,22.21029],[114.1993,22.21029],[114.19929,22.21029],[114.1993,22.21029]]],[[[114.19929,22.21028],[114.19929,22.21028],[114.19929,22.21028],[114.19929,22.21028]]],[[[114.19932,22.21027],[114.19932,22.21027],[114.19933,22.21027],[114.19933,22.21027],[114.19933,22.21027],[114.19932,22.21027],[114.19932,22.21028],[114.19932,22.21027]]],[[[114.19934,22.21026],[114.19933,22.21026],[114.19933,22.21026],[114.19934,22.21026],[114.19934,22.21027],[114.19934,22.21026]]],[[[114.19934,22.21026],[114.19934,22.21025],[114.19934,22.21025],[114.19934,22.21026],[114.19934,22.21026],[114.19934,22.21026],[114.19934,22.21026]]],[[[114.19935,22.21025],[114.19935,22.21025],[114.19935,22.21025],[114.19935,22.21025]]],[[[114.19935,22.21025],[114.19935,22.21025],[114.19935,22.21025],[114.19935,22.21025],[114.19935,22.21025]]],[[[114.19935,22.21024],[114.19935,22.21024],[114.19935,22.21024],[114.19935,22.21024]]],[[[114.19934,22.21024],[114.19934,22.21024],[114.19934,22.21024],[114.19934,22.21024],[114.19934,22.21024],[114.19934,22.21024],[114.19934,22.21024]]],[[[114.19933,22.21023],[114.19933,22.21023],[114.19933,22.21023],[114.19933,22.21023],[114.19933,22.21023],[114.19933,22.21023],[114.19933,22.21023],[114.19933,22.21023]]],[[[114.19932,22.21022],[114.19932,22.21022],[114.19933,22.21023],[114.19932,22.21022]]],[[[114.19932,22.21022],[114.19932,22.21022],[114.19932,22.21022],[114.19932,22.21022]]],[[[114.1993,22.21022],[114.19929,22.21022],[114.19929,22.21022],[114.19929,22.21022],[114.1993,22.21022],[114.1993,22.21022],[114.1993,22.21022],[114.1993,22.21022]]],[[[114.19929,22.21023],[114.19929,22.21023],[114.19929,22.21022],[114.19929,22.21023]]],[[[114.19927,22.21023],[114.19927,22.21023],[114.19928,22.21023],[114.19929,22.21023],[114.19927,22.21023]]],[[[114.19927,22.21022],[114.19925,22.21022],[114.19926,22.21022],[114.19927,22.21022],[114.19927,22.21022]]],[[[114.19921,22.21023],[114.19921,22.21023],[114.19921,22.21022],[114.19921,22.21023]]],[[[114.19919,22.21023],[114.19919,22.21023],[114.19919,22.21023],[114.19919,22.21023]]],[[[114.19918,22.21023],[114.19917,22.21023],[114.19918,22.21023],[114.19918,22.21023],[114.19918,22.21023],[114.19918,22.21023]]],[[[114.19917,22.21022],[114.19916,22.21022],[114.19917,22.21022],[114.19917,22.21022]]],[[[114.19913,22.21023],[114.19913,22.21023],[114.19913,22.21023],[114.19915,22.21022],[114.19913,22.21023]]],[[[114.19913,22.21023],[114.19913,22.21023],[114.19913,22.21023],[114.19913,22.21023],[114.19913,22.21023]]],[[[114.19911,22.21024],[114.19911,22.21024],[114.19911,22.21024],[114.19911,22.21024],[114.19911,22.21024],[114.19911,22.21024]]],[[[114.19911,22.21023],[114.19911,22.21023],[114.19911,22.21023],[114.1991,22.21023],[114.1991,22.21023],[114.19911,22.21023],[114.19911,22.21023],[114.19911,22.21023],[114.19911,22.21023],[114.19911,22.21023],[114.19911,22.21023],[114.19911,22.21023]]],[[[114.1991,22.21023],[114.19908,22.21023],[114.19909,22.21023],[114.1991,22.21023],[114.1991,22.21023]]],[[[114.19907,22.21022],[114.19904,22.21022],[114.19904,22.21022],[114.19904,22.21022],[114.19904,22.21022],[114.19905,22.21022],[114.19907,22.21022],[114.19907,22.21023],[114.19907,22.21022]]],[[[114.19901,22.21022],[114.19898,22.21022],[114.19898,22.21022],[114.19901,22.21022],[114.19903,22.21022],[114.19901,22.21022]]],[[[114.19897,22.21024],[114.19896,22.21024],[114.19896,22.21024],[114.19896,22.21024],[114.19897,22.21024],[114.19897,22.21024]]],[[[114.19896,22.21025],[114.19896,22.21025],[114.19896,22.21024],[114.19896,22.21025]]],[[[114.19895,22.21024],[114.19895,22.21024],[114.19895,22.21025],[114.19896,22.21025],[114.19895,22.21024]]],[[[114.19895,22.21024],[114.19895,22.21024],[114.19895,22.21024],[114.19895,22.21024]]],[[[114.19891,22.21025],[114.19891,22.21025],[114.19891,22.21025],[114.19892,22.21025],[114.19891,22.21025]]],[[[114.19891,22.21025],[114.1989,22.21025],[114.1989,22.21025],[114.19891,22.21025],[114.19891,22.21025],[114.19891,22.21025]]],[[[114.19889,22.21025],[114.19889,22.21025],[114.19889,22.21025],[114.19889,22.21025]]],[[[114.19889,22.21026],[114.19889,22.21026],[114.19889,22.21026],[114.19889,22.21026]]],[[[114.19887,22.21027],[114.19886,22.21027],[114.19886,22.21027],[114.19887,22.21027],[114.19888,22.21027],[114.19887,22.21027]]],[[[114.19886,22.21026],[114.19886,22.21026],[114.19886,22.21026],[114.19886,22.21027],[114.19886,22.21027],[114.19886,22.21026]]],[[[114.19884,22.21027],[114.19884,22.21027],[114.19884,22.21027],[114.19884,22.21027]]],[[[114.19881,22.21028],[114.19881,22.21028],[114.19881,22.21028],[114.19881,22.21028],[114.19881,22.21028]]],[[[114.19879,22.21029],[114.19879,22.21029],[114.19879,22.21029],[114.19879,22.21029],[114.19879,22.21028],[114.19879,22.21029]]],[[[114.19877,22.2103],[114.19877,22.21031],[114.19877,22.21031],[114.19877,22.2103],[114.19877,22.2103],[114.19877,22.2103],[114.19877,22.2103]]],[[[114.19876,22.21031],[114.19876,22.21031],[114.19876,22.21031],[114.19876,22.21031],[114.19877,22.21031],[114.19876,22.21031]]],[[[114.19876,22.21032],[114.19876,22.21032],[114.19876,22.21032],[114.19876,22.21032],[114.19876,22.21032]]],[[[114.19877,22.21033],[114.19877,22.21033],[114.19877,22.21033],[114.19876,22.21034],[114.19877,22.21033]]],[[[114.19877,22.21034],[114.19877,22.21034],[114.19877,22.21034],[114.19877,22.21034]]],[[[114.19877,22.21034],[114.19877,22.21034],[114.19877,22.21034],[114.19877,22.21034]]],[[[114.19877,22.21035],[114.19876,22.21035],[114.19877,22.21035],[114.19877,22.21034],[114.19877,22.21035]]],[[[114.19876,22.21036],[114.19876,22.21036],[114.19876,22.21036],[114.19876,22.21036],[114.19876,22.21035],[114.19876,22.21035],[114.19876,22.21036]]],[[[114.19873,22.21037],[114.19874,22.21037],[114.19874,22.21037],[114.19873,22.21037]]],[[[114.19863,22.21037],[114.19863,22.21037],[114.19863,22.21038],[114.19863,22.21038],[114.19863,22.21037]]],[[[114.19858,22.21036],[114.19858,22.21036],[114.19858,22.21036],[114.19858,22.21036]]],[[[114.19858,22.21036],[114.19857,22.21034],[114.19857,22.21034],[114.19857,22.21034],[114.19858,22.21036],[114.19858,22.21036],[114.19858,22.21036],[114.19858,22.21036]]],[[[114.19852,22.21033],[114.19852,22.21033],[114.19852,22.21033],[114.19854,22.21033],[114.19852,22.21033]]],[[[114.1985,22.21033],[114.19849,22.21033],[114.1985,22.21033],[114.1985,22.21033],[114.1985,22.21033]]],[[[114.19848,22.21034],[114.19847,22.21034],[114.19848,22.21034],[114.19848,22.21034],[114.19848,22.21034],[114.19848,22.21034],[114.19848,22.21034]]],[[[114.19845,22.21034],[114.19844,22.21034],[114.19845,22.21034],[114.19846,22.21034],[114.19845,22.21034]]],[[[114.19843,22.21034],[114.19844,22.21034],[114.19844,22.21034],[114.19843,22.21034]]],[[[114.19842,22.21033],[114.19842,22.21033],[114.19842,22.21033],[114.19842,22.21033]]],[[[114.19841,22.21033],[114.1984,22.21033],[114.1984,22.21033],[114.19839,22.21032],[114.19839,22.21032],[114.1984,22.21033],[114.19841,22.21033],[114.19841,22.21033],[114.19841,22.21033],[114.19841,22.21033]]],[[[114.19836,22.21032],[114.19836,22.21032],[114.19834,22.21032],[114.19834,22.21031],[114.19834,22.21032],[114.19834,22.21032],[114.19836,22.21032],[114.19836,22.21032],[114.19837,22.21032],[114.19836,22.21032]]],[[[114.19832,22.21031],[114.19831,22.21032],[114.1983,22.21032],[114.19828,22.21032],[114.1983,22.21032],[114.1983,22.21032],[114.19831,22.21032],[114.19831,22.21032],[114.19832,22.21031],[114.19832,22.21031],[114.19833,22.21031],[114.19832,22.21031]]],[[[114.19826,22.21032],[114.19826,22.21032],[114.19826,22.21032],[114.19826,22.21032]]],[[[114.19821,22.21031],[114.1982,22.21031],[114.19821,22.21031],[114.19821,22.21031],[114.19822,22.21031],[114.19821,22.21031]]],[[[114.19818,22.21031],[114.19812,22.21031],[114.19819,22.21031],[114.19818,22.21031]]],[[[114.19808,22.2103],[114.19807,22.21031],[114.19808,22.2103],[114.19808,22.2103],[114.19809,22.2103],[114.19808,22.2103]]],[[[114.19794,22.2103],[114.19793,22.2103],[114.19792,22.21031],[114.19793,22.2103],[114.19793,22.2103],[114.19794,22.2103],[114.19794,22.2103],[114.19794,22.2103]]],[[[114.19791,22.21031],[114.19791,22.21032],[114.19792,22.21033],[114.19791,22.21032],[114.19791,22.21032],[114.19791,22.21031],[114.19792,22.21031],[114.19791,22.21031]]],[[[114.19791,22.21034],[114.19792,22.21033],[114.19792,22.21033],[114.19792,22.21033],[114.19791,22.21034]]],[[[114.19788,22.21036],[114.19788,22.21036],[114.19788,22.21036],[114.19788,22.21036],[114.19789,22.21035],[114.19788,22.21036]]],[[[114.19786,22.21036],[114.19786,22.21036],[114.19786,22.21036],[114.19786,22.21036]]],[[[114.19781,22.21037],[114.1978,22.21038],[114.1978,22.21038],[114.1978,22.21038],[114.19781,22.21037],[114.19782,22.21037],[114.19781,22.21037]]],[[[114.19779,22.21041],[114.19779,22.21042],[114.19779,22.21042],[114.19779,22.21042],[114.19779,22.21042],[114.19779,22.21042],[114.19779,22.21041],[114.19779,22.2104],[114.19779,22.21041]]],[[[114.19778,22.21043],[114.19778,22.21043],[114.19778,22.21043],[114.19778,22.21043]]],[[[114.19777,22.21043],[114.19777,22.21043],[114.19777,22.21043],[114.19777,22.21043],[114.19778,22.21043],[114.19778,22.21043],[114.19777,22.21043]]],[[[114.19774,22.21045],[114.19774,22.21045],[114.19774,22.21044],[114.19774,22.21045]]],[[[114.19774,22.21046],[114.19774,22.21046],[114.19774,22.21046],[114.19774,22.21046],[114.19774,22.21046],[114.19774,22.21046]]],[[[114.19773,22.21047],[114.19773,22.21047],[114.19773,22.21047],[114.19773,22.21047],[114.19773,22.21047]]],[[[114.19772,22.21049],[114.19772,22.21049],[114.19773,22.21049],[114.19772,22.21049]]],[[[114.19771,22.21049],[114.19771,22.21049],[114.19772,22.21049],[114.19771,22.21049]]],[[[114.1977,22.2105],[114.1977,22.2105],[114.1977,22.2105],[114.1977,22.2105],[114.19771,22.21049],[114.1977,22.2105]]],[[[114.19769,22.21051],[114.19769,22.21052],[114.19769,22.21052],[114.19769,22.21052],[114.19769,22.21052],[114.19769,22.21051],[114.1977,22.21051],[114.19769,22.21051]]],[[[114.19765,22.21058],[114.19765,22.21058],[114.19765,22.21058],[114.19765,22.21058],[114.19765,22.21058]]],[[[114.19764,22.2106],[114.19764,22.2106],[114.19764,22.2106],[114.19765,22.21059],[114.19764,22.2106]]],[[[114.19762,22.21062],[114.19762,22.21062],[114.19762,22.21062],[114.19762,22.21062]]],[[[114.1976,22.21064],[114.1976,22.21064],[114.1976,22.21064],[114.1976,22.21064],[114.1976,22.21064],[114.1976,22.21064]]],[[[114.19744,22.21067],[114.19744,22.21067],[114.19744,22.21067],[114.19744,22.21067]]],[[[114.19742,22.21067],[114.19742,22.21067],[114.19742,22.21067],[114.19742,22.21067],[114.19742,22.21067]]],[[[114.19741,22.21067],[114.19741,22.21067],[114.19741,22.21067],[114.19741,22.21067]]],[[[114.1974,22.21066],[114.19751,22.21054],[114.19745,22.21037],[114.19731,22.21047],[114.19736,22.21051],[114.19729,22.21069],[114.19735,22.21059],[114.1974,22.21066],[114.1974,22.21066]]],[[[114.1973,22.21048],[114.19729,22.21048],[114.1973,22.21048],[114.1973,22.21048],[114.1973,22.21048],[114.1973,22.21047],[114.1973,22.21048]]],[[[114.19728,22.21049],[114.19728,22.21049],[114.19727,22.2105],[114.19727,22.21051],[114.19726,22.2105],[114.19726,22.2105],[114.19727,22.21051],[114.19727,22.21051],[114.19727,22.2105],[114.19728,22.21049],[114.19728,22.21049],[114.19728,22.21049],[114.19729,22.21049],[114.19729,22.21049],[114.19728,22.21049]]],[[[114.19725,22.21057],[114.19724,22.21057],[114.19724,22.21057],[114.19725,22.21057],[114.19724,22.21057],[114.19724,22.21057],[114.19725,22.21057]]],[[[114.19725,22.21058],[114.19724,22.2106],[114.19724,22.2106],[114.19724,22.21059],[114.19725,22.21058],[114.19725,22.21057],[114.19725,22.21058]]],[[[114.19723,22.2106],[114.19723,22.2106],[114.19724,22.2106],[114.19723,22.2106]]],[[[114.19723,22.2106],[114.19723,22.21061],[114.19723,22.2106],[114.19723,22.2106],[114.19723,22.2106],[114.19723,22.2106]]],[[[114.19721,22.21062],[114.19721,22.21062],[114.19721,22.21062],[114.19722,22.21062],[114.19722,22.21062],[114.19721,22.21062]]],[[[114.19719,22.21063],[114.19719,22.21065],[114.19719,22.21066],[114.19719,22.21066],[114.19719,22.21065],[114.19719,22.21063],[114.1972,22.21063],[114.19719,22.21063]]],[[[114.19704,22.21077],[114.19708,22.21092],[114.19701,22.21091],[114.19696,22.21104],[114.19708,22.21111],[114.19707,22.21119],[114.19717,22.21101],[114.19712,22.21085],[114.19718,22.21067],[114.19704,22.21077]]],[[[114.19706,22.21123],[114.19706,22.21123],[114.19706,22.21123],[114.19706,22.21121],[114.19706,22.21123]]],[[[114.19706,22.21125],[114.19702,22.2113],[114.19706,22.21125],[114.19706,22.21125]]],[[[114.19701,22.21131],[114.19701,22.21131],[114.19701,22.21131],[114.19701,22.21131],[114.19701,22.21131]]],[[[114.19698,22.21144],[114.19698,22.21144],[114.19698,22.21144],[114.19698,22.21144]]],[[[114.19698,22.21145],[114.19697,22.21146],[114.19698,22.21145],[114.19698,22.21145],[114.19698,22.21144],[114.19698,22.21145]]],[[[114.19697,22.21147],[114.19697,22.21148],[114.19697,22.21148],[114.19697,22.21148],[114.19697,22.21147],[114.19697,22.21146],[114.19697,22.21147]]],[[[114.19696,22.21153],[114.19696,22.21153],[114.19696,22.21153],[114.19696,22.21153]]],[[[114.19697,22.21161],[114.19698,22.21169],[114.19696,22.2116],[114.19697,22.21161]]],[[[114.19698,22.21169],[114.19698,22.21169],[114.19698,22.21169],[114.19698,22.21169]]],[[[114.19696,22.2117],[114.19696,22.2117],[114.19696,22.2117],[114.19696,22.2117]]],[[[114.19696,22.21171],[114.19696,22.21171],[114.19696,22.21171],[114.19696,22.2117],[114.19696,22.21171]]],[[[114.19694,22.21175],[114.19693,22.21175],[114.19694,22.21175],[114.19694,22.21175],[114.19694,22.21175],[114.19694,22.21175],[114.19694,22.21175]]],[[[114.19693,22.21175],[114.19692,22.21175],[114.19692,22.21175],[114.19693,22.21175],[114.19693,22.21175],[114.19693,22.21175],[114.19693,22.21175]]],[[[114.19692,22.21176],[114.19692,22.21176],[114.19692,22.21176],[114.19692,22.21175],[114.19692,22.21176]]],[[[114.1969,22.21182],[114.1969,22.21182],[114.1969,22.21178],[114.1969,22.21182]]],[[[114.1969,22.21183],[114.1969,22.21183],[114.1969,22.21183],[114.1969,22.21183],[114.1969,22.21182],[114.1969,22.21183]]],[[[114.1969,22.21188],[114.1969,22.21189],[114.1969,22.21188],[114.1969,22.21188],[114.1969,22.21188],[114.1969,22.21188]]],[[[114.1969,22.21189],[114.1969,22.2119],[114.1969,22.21194],[114.1969,22.2119],[114.1969,22.21189],[114.1969,22.21189],[114.1969,22.21189],[114.1969,22.21189],[114.1969,22.21189]]],[[[114.1969,22.21195],[114.1969,22.21195],[114.1969,22.21195],[114.1969,22.21195]]],[[[114.19691,22.21197],[114.19691,22.21199],[114.19691,22.21199],[114.19691,22.21197],[114.19691,22.21196],[114.19691,22.21196],[114.19691,22.21197]]],[[[114.19691,22.21199],[114.19691,22.21199],[114.19691,22.21199],[114.19691,22.21199]]],[[[114.1969,22.21201],[114.1969,22.21202],[114.1969,22.21203],[114.1969,22.21202],[114.1969,22.21202],[114.1969,22.212],[114.1969,22.212],[114.1969,22.21201]]],[[[114.1969,22.21205],[114.1969,22.21205],[114.1969,22.21205],[114.1969,22.21205]]],[[[114.19691,22.21205],[114.19691,22.21205],[114.19691,22.21205],[114.19691,22.21205]]],[[[114.19691,22.21208],[114.19691,22.21208],[114.19691,22.21206],[114.19691,22.21206],[114.19691,22.21208]]],[[[114.19693,22.2121],[114.19693,22.2121],[114.19693,22.2121],[114.19693,22.2121],[114.19693,22.2121]]],[[[114.19693,22.21215],[114.19693,22.21216],[114.19693,22.21216],[114.19693,22.21215],[114.19693,22.21215]]],[[[114.19693,22.21219],[114.19693,22.21219],[114.19694,22.21219],[114.19694,22.21219],[114.19693,22.21219],[114.19693,22.21219],[114.19693,22.21219],[114.19693,22.21219],[114.19693,22.21219]]],[[[114.19694,22.2122],[114.19693,22.2122],[114.19694,22.2122],[114.19694,22.21219],[114.19694,22.2122]]],[[[114.19693,22.21221],[114.19693,22.21221],[114.19693,22.21221],[114.19693,22.21221],[114.19693,22.21221],[114.19693,22.21221],[114.19693,22.21221]]],[[[114.19694,22.21223],[114.19695,22.21223],[114.19695,22.21223],[114.19694,22.21223],[114.19694,22.21223]]],[[[114.19695,22.21222],[114.19695,22.21222],[114.19695,22.21222],[114.19695,22.21222]]],[[[114.19694,22.21227],[114.19694,22.21228],[114.19694,22.2123],[114.19694,22.2123],[114.19694,22.2123],[114.19694,22.21228],[114.19694,22.21227],[114.19694,22.21227]]],[[[114.19694,22.21231],[114.19695,22.21231],[114.19694,22.21231],[114.19694,22.21231],[114.19694,22.21231],[114.19694,22.21231],[114.19694,22.21231]]],[[[114.19695,22.21231],[114.19695,22.21231],[114.19695,22.21231],[114.19695,22.21231],[114.19695,22.21231],[114.19695,22.21231]]],[[[114.19696,22.21233],[114.19695,22.21234],[114.19696,22.21233],[114.19696,22.21233],[114.19696,22.21233]]],[[[114.19696,22.21234],[114.19697,22.21234],[114.19697,22.21234],[114.19697,22.21234],[114.19696,22.21234],[114.19696,22.21234],[114.19696,22.21234]]],[[[114.19697,22.21237],[114.19697,22.21237],[114.19697,22.21237],[114.19697,22.21237]]],[[[114.19699,22.2124],[114.197,22.2124],[114.19699,22.2124],[114.19699,22.21239],[114.19699,22.2124]]],[[[114.19701,22.21241],[114.19701,22.21241],[114.19701,22.21241],[114.19701,22.21241]]],[[[114.19701,22.21241],[114.19701,22.21241],[114.19701,22.21241],[114.19701,22.21241]]],[[[114.19702,22.21242],[114.19702,22.21243],[114.19702,22.21242],[114.19702,22.21242],[114.19702,22.21242]]],[[[114.19702,22.21243],[114.19702,22.21243],[114.19702,22.21243],[114.19702,22.21243]]],[[[114.19703,22.21244],[114.19703,22.21244],[114.19703,22.21244],[114.19703,22.21244]]],[[[114.19703,22.21245],[114.19703,22.21246],[114.19703,22.21246],[114.19703,22.21246],[114.19703,22.21246],[114.19703,22.21245],[114.19703,22.21244],[114.19703,22.21245]]],[[[114.19705,22.21246],[114.19705,22.21246],[114.19705,22.21246],[114.19705,22.21246]]],[[[114.19704,22.21247],[114.19704,22.21248],[114.19704,22.21248],[114.19704,22.21247],[114.19705,22.21247],[114.19704,22.21247]]],[[[114.19704,22.21248],[114.19704,22.21248],[114.19704,22.21248],[114.19704,22.21248]]],[[[114.19705,22.21251],[114.19705,22.21252],[114.19705,22.21252],[114.19705,22.21252],[114.19705,22.21251],[114.19705,22.21251],[114.19704,22.21251],[114.19705,22.21251]]],[[[114.19705,22.21253],[114.19705,22.21253],[114.19705,22.21253],[114.19705,22.21253],[114.19705,22.21253]]],[[[114.19706,22.21253],[114.19706,22.21253],[114.19706,22.21253],[114.19706,22.21253],[114.19706,22.21253]]],[[[114.19707,22.21254],[114.19707,22.21253],[114.19707,22.21254],[114.19706,22.21254],[114.19707,22.21254]]],[[[114.19707,22.21253],[114.19707,22.21253],[114.19707,22.21253],[114.19707,22.21253]]],[[[114.19707,22.21254],[114.19708,22.21254],[114.19707,22.21254],[114.19707,22.21253],[114.19707,22.21254]]],[[[114.19708,22.21256],[114.19708,22.21256],[114.19708,22.21256],[114.19708,22.21256]]],[[[114.19708,22.21258],[114.19709,22.21258],[114.19709,22.21258],[114.19708,22.21258]]],[[[114.19708,22.21258],[114.19708,22.21258],[114.19708,22.21258],[114.19708,22.21258]]],[[[114.19708,22.21261],[114.19709,22.21261],[114.19708,22.21261],[114.19708,22.21261],[114.19708,22.2126],[114.19708,22.21261]]],[[[114.1971,22.21262],[114.1971,22.21262],[114.1971,22.21262],[114.1971,22.21262],[114.19709,22.21262],[114.1971,22.21262]]],[[[114.1971,22.21262],[114.1971,22.21262],[114.1971,22.21262],[114.1971,22.21262]]],[[[114.1971,22.21263],[114.1971,22.21263],[114.1971,22.21263],[114.1971,22.21263]]],[[[114.19711,22.21264],[114.19711,22.21264],[114.19711,22.21264],[114.19711,22.21264],[114.19711,22.21264],[114.19711,22.21264]]],[[[114.19712,22.21266],[114.19712,22.21266],[114.19712,22.21266],[114.19712,22.21266],[114.19712,22.21266]]],[[[114.19712,22.21266],[114.19712,22.21266],[114.19712,22.21266],[114.19712,22.21266],[114.19712,22.21266]]],[[[114.19713,22.21266],[114.19713,22.21267],[114.19713,22.21267],[114.19713,22.21266],[114.19713,22.21266],[114.19713,22.21266],[114.19713,22.21266]]],[[[114.19713,22.21269],[114.19715,22.21269],[114.19715,22.21269],[114.19713,22.21269],[114.19713,22.21269],[114.19713,22.21269]]],[[[114.19719,22.2127],[114.19719,22.2127],[114.19719,22.2127],[114.19719,22.2127]]],[[[114.19718,22.21276],[114.19718,22.21276],[114.19718,22.21276],[114.19718,22.21275],[114.19718,22.21276]]],[[[114.19718,22.21278],[114.19717,22.21279],[114.19716,22.21279],[114.19717,22.21279],[114.19717,22.21279],[114.19718,22.21278],[114.19718,22.21278],[114.19718,22.21277],[114.19718,22.21278]]],[[[114.19715,22.21282],[114.19715,22.21282],[114.19715,22.21282],[114.19715,22.21281],[114.19715,22.21282]]],[[[114.19715,22.21282],[114.19715,22.21282],[114.19715,22.21282],[114.19715,22.21282]]],[[[114.19713,22.21286],[114.19713,22.21286],[114.19713,22.21286],[114.19714,22.21285],[114.19713,22.21286]]],[[[114.19712,22.21287],[114.19712,22.21287],[114.19712,22.21287],[114.19712,22.21287],[114.19713,22.21287],[114.19712,22.21287]]],[[[114.1971,22.21289],[114.1971,22.21289],[114.1971,22.2129],[114.1971,22.2129],[114.1971,22.21289],[114.1971,22.21289],[114.1971,22.21289],[114.19711,22.21288],[114.1971,22.21289]]],[[[114.19711,22.21292],[114.19711,22.21292],[114.19711,22.21292],[114.19711,22.21292],[114.19711,22.21292],[114.19711,22.21292],[114.19711,22.21292],[114.19711,22.21292],[114.19711,22.21292]]],[[[114.19709,22.21294],[114.19709,22.21294],[114.19709,22.21294],[114.19709,22.21294],[114.19709,22.21294],[114.1971,22.21294],[114.19709,22.21294]]],[[[114.19708,22.21296],[114.19708,22.21296],[114.19708,22.21295],[114.19708,22.21296]]],[[[114.19708,22.21296],[114.19709,22.21297],[114.19708,22.21296],[114.19708,22.21296]]],[[[114.1971,22.21297],[114.1971,22.21297],[114.1971,22.21297],[114.1971,22.21297]]],[[[114.19711,22.21297],[114.1971,22.21297],[114.1971,22.21297],[114.19711,22.21297]]],[[[114.19712,22.21298],[114.19712,22.21299],[114.19712,22.21298],[114.19711,22.21298],[114.19711,22.21297],[114.19712,22.21298]]],[[[114.1971,22.21301],[114.1971,22.21301],[114.1971,22.21301],[114.19711,22.213],[114.1971,22.21301]]],[[[114.19709,22.21303],[114.19709,22.21305],[114.19709,22.21304],[114.19709,22.21303],[114.19709,22.21303],[114.19709,22.21303]]],[[[114.1971,22.21313],[114.1971,22.2132],[114.1971,22.21313],[114.1971,22.21313]]],[[[114.19711,22.21326],[114.19711,22.21326],[114.19711,22.21326],[114.19711,22.21326]]],[[[114.19711,22.21327],[114.19711,22.21327],[114.19711,22.21327],[114.19711,22.21327],[114.19711,22.21327]]],[[[114.19709,22.2133],[114.19709,22.2133],[114.19709,22.2133],[114.1971,22.2133],[114.19709,22.2133]]],[[[114.19708,22.21334],[114.19708,22.21334],[114.19709,22.21336],[114.19708,22.21334],[114.19708,22.21334],[114.19708,22.21334],[114.19708,22.21333],[114.19708,22.21334]]],[[[114.1971,22.2134],[114.19711,22.21341],[114.19711,22.21341],[114.1971,22.2134],[114.1971,22.21339],[114.1971,22.2134]]],[[[114.19712,22.21343],[114.19712,22.21343],[114.19712,22.21343],[114.19712,22.21343],[114.19712,22.21343]]],[[[114.19711,22.21345],[114.19712,22.21346],[114.19712,22.21346],[114.19711,22.21345],[114.19711,22.21345]]],[[[114.19713,22.21349],[114.19713,22.2135],[114.19713,22.21349],[114.19713,22.21349],[114.19713,22.21349],[114.19713,22.21349]]],[[[114.19714,22.21352],[114.19714,22.21353],[114.19714,22.21352],[114.19714,22.21352],[114.19714,22.21352],[114.19714,22.21352]]],[[[114.19714,22.21355],[114.19714,22.21355],[114.19714,22.21355],[114.19714,22.21355]]],[[[114.19715,22.21357],[114.19715,22.21358],[114.19715,22.21359],[114.19715,22.21358],[114.19715,22.21357],[114.19715,22.21356],[114.19715,22.21356],[114.19715,22.21357]]],[[[114.19715,22.21359],[114.19715,22.21359],[114.19715,22.21359],[114.19715,22.21359]]],[[[114.19715,22.21362],[114.19715,22.21364],[114.19715,22.21364],[114.19715,22.21365],[114.19715,22.21364],[114.19715,22.21364],[114.19715,22.21362],[114.19715,22.21362],[114.19715,22.21362],[114.19715,22.21362]]],[[[114.19715,22.21368],[114.19715,22.21368],[114.19715,22.21368],[114.19715,22.21368]]],[[[114.19716,22.21369],[114.19716,22.21369],[114.19716,22.21369],[114.19716,22.21369]]],[[[114.19715,22.21371],[114.19715,22.21371],[114.19715,22.21371],[114.19715,22.21371],[114.19715,22.21371]]],[[[114.19714,22.21371],[114.19714,22.21371],[114.19714,22.21371],[114.19714,22.21371]]],[[[114.19714,22.21371],[114.19714,22.21371],[114.19714,22.21371],[114.19714,22.21371]]],[[[114.1971,22.21376],[114.19709,22.21376],[114.1971,22.21376],[114.1971,22.21376],[114.1971,22.21376],[114.1971,22.21376]]],[[[114.19707,22.21377],[114.19707,22.21377],[114.19707,22.21377],[114.19707,22.21377],[114.19707,22.21377]]],[[[114.19704,22.21382],[114.19704,22.21382],[114.19705,22.21382],[114.19705,22.21382],[114.19704,22.21382]]],[[[114.19704,22.21382],[114.19704,22.21382],[114.19704,22.21382],[114.19704,22.21382]]],[[[114.19703,22.21382],[114.19703,22.21382],[114.19703,22.21382],[114.19703,22.21382],[114.19703,22.21382]]],[[[114.19703,22.21384],[114.19703,22.21384],[114.19703,22.21384],[114.19703,22.21384],[114.19703,22.21384],[114.19703,22.21384]]],[[[114.19703,22.21385],[114.19703,22.21385],[114.19703,22.21385],[114.19703,22.21385]]],[[[114.19704,22.2139],[114.19704,22.2139],[114.19704,22.2139],[114.19704,22.2139]]],[[[114.19705,22.21392],[114.19705,22.21392],[114.19705,22.21392],[114.19705,22.21392],[114.19705,22.21392],[114.19705,22.21392],[114.19705,22.21392]]],[[[114.19706,22.21394],[114.19706,22.21394],[114.19706,22.21394],[114.19706,22.21394],[114.19706,22.21394],[114.19706,22.21394],[114.19706,22.21394]]],[[[114.19707,22.21398],[114.19707,22.21398],[114.19707,22.21398],[114.19707,22.21398],[114.19707,22.21398],[114.19707,22.21398],[114.19707,22.21398]]],[[[114.19708,22.214],[114.19709,22.21402],[114.19709,22.21402],[114.19709,22.21401],[114.19708,22.214],[114.19708,22.214],[114.19708,22.214],[114.19708,22.214]]],[[[114.19711,22.21403],[114.19711,22.21403],[114.19711,22.21403],[114.19711,22.21403],[114.19711,22.21403],[114.19711,22.21403]]],[[[114.19711,22.21406],[114.19711,22.21407],[114.19711,22.21407],[114.19711,22.21408],[114.19711,22.21408],[114.19711,22.21408],[114.19711,22.21408],[114.19711,22.21407],[114.19711,22.21407],[114.19711,22.21406],[114.19711,22.21406],[114.19712,22.21406],[114.19711,22.21406]]],[[[114.19714,22.21412],[114.19714,22.21412],[114.19715,22.21412],[114.19715,22.21412],[114.19715,22.21412],[114.19714,22.21412],[114.19714,22.21412],[114.19714,22.21412],[114.19714,22.21412],[114.19714,22.21412],[114.19714,22.21412]]],[[[114.19715,22.21414],[114.19717,22.21417],[114.19717,22.21417],[114.19717,22.21417],[114.19715,22.21414],[114.19716,22.21414],[114.19716,22.21414],[114.19716,22.21414],[114.19715,22.21414]]],[[[114.19717,22.21416],[114.19717,22.21416],[114.19717,22.21417],[114.19717,22.21416]]],[[[114.19719,22.21418],[114.19718,22.21418],[114.19718,22.21418],[114.19719,22.21418],[114.19718,22.21417],[114.19719,22.21418]]],[[[114.19721,22.21425],[114.19722,22.21427],[114.19722,22.21428],[114.19723,22.21428],[114.19723,22.21428],[114.19723,22.21428],[114.19722,22.21428],[114.19722,22.21428],[114.19722,22.21427],[114.19721,22.21426],[114.19721,22.21425],[114.19721,22.21425],[114.19721,22.21425]]],[[[114.19724,22.21429],[114.19724,22.2143],[114.19724,22.21429],[114.19724,22.21429],[114.19724,22.21429],[114.19724,22.21429]]],[[[114.19724,22.21431],[114.19724,22.21432],[114.19725,22.21433],[114.19724,22.21432],[114.19724,22.21431],[114.19724,22.21431]]],[[[114.19726,22.21433],[114.19726,22.21434],[114.19726,22.21433],[114.19725,22.21433],[114.19726,22.21433]]],[[[114.19726,22.21435],[114.19727,22.21435],[114.19727,22.21435],[114.19726,22.21435],[114.19726,22.21435]]],[[[114.19728,22.21436],[114.19728,22.21436],[114.19728,22.21436],[114.19727,22.21436],[114.19728,22.21436]]],[[[114.1973,22.21439],[114.1973,22.21439],[114.1973,22.21439],[114.1973,22.21439]]],[[[114.19733,22.21441],[114.19733,22.21441],[114.19733,22.21441],[114.19733,22.21441],[114.19733,22.2144],[114.19733,22.21441]]],[[[114.19735,22.21444],[114.19736,22.21444],[114.19736,22.21444],[114.19736,22.21444],[114.19735,22.21444],[114.19735,22.21443],[114.19735,22.21444]]],[[[114.19736,22.21445],[114.19737,22.21446],[114.19737,22.21446],[114.19737,22.21446],[114.19737,22.21446],[114.19736,22.21445],[114.19736,22.21445],[114.19736,22.21445]]],[[[114.1974,22.21448],[114.1974,22.21448],[114.1974,22.21448],[114.1974,22.21448],[114.1974,22.21448],[114.1974,22.21448]]],[[[114.19742,22.21448],[114.19742,22.21448],[114.19741,22.21448],[114.19742,22.21448]]],[[[114.19745,22.2145],[114.19746,22.21451],[114.19746,22.2145],[114.19747,22.2145],[114.19747,22.2145],[114.19746,22.2145],[114.19746,22.2145],[114.19746,22.2145],[114.19746,22.2145],[114.19746,22.2145],[114.19745,22.2145],[114.19744,22.21449],[114.19744,22.21449],[114.19745,22.2145]]],[[[114.1975,22.21452],[114.1975,22.21452],[114.1975,22.21452],[114.1975,22.21452],[114.1975,22.21452],[114.1975,22.21452],[114.1975,22.21452]]],[[[114.19751,22.21453],[114.19751,22.21453],[114.19751,22.21453],[114.19751,22.21453],[114.19751,22.21453],[114.1975,22.21453],[114.19751,22.21453]]],[[[114.19753,22.21454],[114.19753,22.21454],[114.19752,22.21453],[114.19752,22.21453],[114.19753,22.21454]]],[[[114.19753,22.21455],[114.19753,22.21455],[114.19753,22.21455],[114.19753,22.21455],[114.19753,22.21455],[114.19753,22.21455]]],[[[114.19755,22.21456],[114.19755,22.21457],[114.19755,22.21457],[114.19755,22.21456],[114.19755,22.21456],[114.19755,22.21456],[114.19755,22.21456]]],[[[114.19758,22.21458],[114.19759,22.21458],[114.1976,22.21459],[114.19761,22.21459],[114.19761,22.21459],[114.19761,22.21459],[114.1976,22.21459],[114.1976,22.21459],[114.1976,22.21459],[114.1976,22.21459],[114.19759,22.21458],[114.19759,22.21458],[114.19758,22.21458],[114.19758,22.21458]]],[[[114.19763,22.2146],[114.19763,22.2146],[114.19762,22.21459],[114.19762,22.21459],[114.19763,22.2146]]],[[[114.19763,22.21461],[114.19762,22.21462],[114.19762,22.21462],[114.19763,22.21461],[114.19763,22.21461],[114.19763,22.21461]]],[[[114.19758,22.21464],[114.19758,22.21464],[114.19758,22.21464],[114.19759,22.21464],[114.1976,22.21464],[114.19758,22.21464]]],[[[114.19761,22.21466],[114.19761,22.21466],[114.19761,22.21466],[114.19761,22.21466]]],[[[114.19762,22.21467],[114.19763,22.21467],[114.19763,22.21467],[114.19762,22.21467],[114.19762,22.21466],[114.19762,22.21467]]],[[[114.19765,22.21468],[114.19766,22.21469],[114.19766,22.21469],[114.19766,22.21469],[114.19766,22.21469],[114.19765,22.21468],[114.19765,22.21468],[114.19765,22.21468],[114.19765,22.21468],[114.19765,22.21468]]],[[[114.19769,22.21473],[114.1977,22.21473],[114.19771,22.21474],[114.19771,22.21474],[114.1977,22.21473],[114.19769,22.21473],[114.19769,22.21473],[114.19769,22.21473]]],[[[114.19772,22.21474],[114.19772,22.21474],[114.19772,22.21474],[114.19772,22.21474],[114.19771,22.21474],[114.19771,22.21474],[114.19772,22.21474]]],[[[114.19773,22.21477],[114.19773,22.21477],[114.19773,22.21477],[114.19773,22.21477]]],[[[114.19772,22.21481],[114.19773,22.21482],[114.19773,22.21482],[114.19773,22.21482],[114.19773,22.21482],[114.19773,22.21482],[114.19772,22.21481],[114.19772,22.2148],[114.19772,22.21481]]],[[[114.19774,22.21483],[114.19775,22.21483],[114.19776,22.21483],[114.19776,22.21483],[114.19775,22.21483],[114.19774,22.21483],[114.19774,22.21483],[114.19774,22.21483]]],[[[114.19778,22.21484],[114.19778,22.21484],[114.19778,22.21484],[114.19778,22.21484]]],[[[114.19778,22.21485],[114.19778,22.21485],[114.19778,22.21485],[114.19778,22.21485],[114.19778,22.21484],[114.19778,22.21485]]],[[[114.19778,22.21486],[114.19778,22.21486],[114.19778,22.21486],[114.19778,22.21486]]],[[[114.19777,22.21492],[114.19777,22.21492],[114.19777,22.21494],[114.19777,22.21494],[114.19777,22.21494],[114.19777,22.21492],[114.19777,22.21492],[114.19777,22.21491],[114.19777,22.21492]]],[[[114.19777,22.21495],[114.19777,22.21495],[114.19777,22.21495],[114.19777,22.21495]]],[[[114.19778,22.21495],[114.19779,22.21496],[114.19779,22.21496],[114.19779,22.21496],[114.19778,22.21495],[114.19778,22.21495],[114.19778,22.21495]]],[[[114.19781,22.21496],[114.19782,22.21496],[114.19781,22.21496],[114.19781,22.21496]]],[[[114.19784,22.21495],[114.19785,22.21495],[114.19785,22.21495],[114.19783,22.21496],[114.19784,22.21495]]],[[[114.19785,22.21494],[114.19785,22.21494],[114.19785,22.21494],[114.19785,22.21494],[114.19785,22.21494]]],[[[114.19787,22.21491],[114.19787,22.21491],[114.19788,22.21491],[114.19788,22.21491],[114.19788,22.21491],[114.19788,22.21491],[114.19787,22.21491],[114.19787,22.21491],[114.19787,22.21491],[114.19787,22.21491]]],[[[114.1979,22.21493],[114.1979,22.21493],[114.1979,22.21493],[114.1979,22.21493],[114.1979,22.21493],[114.1979,22.21493]]],[[[114.19791,22.21495],[114.19792,22.21497],[114.19792,22.21497],[114.19792,22.21497],[114.19791,22.21495],[114.19791,22.21495],[114.19791,22.21495]]],[[[114.19795,22.21504],[114.19795,22.21504],[114.19795,22.21504],[114.19795,22.21503],[114.19795,22.21504]]],[[[114.19795,22.21504],[114.19796,22.21505],[114.19796,22.21505],[114.19796,22.21505],[114.19795,22.21504],[114.19795,22.21504]]],[[[114.19798,22.21505],[114.19798,22.21505],[114.19798,22.21505],[114.19798,22.21505],[114.19798,22.21505]]],[[[114.198,22.21507],[114.198,22.21507],[114.198,22.21507],[114.19799,22.21506],[114.19799,22.21506],[114.198,22.21507]]],[[[114.19801,22.21508],[114.19801,22.21508],[114.19801,22.21508],[114.198,22.21508],[114.19801,22.21508]]],[[[114.19802,22.21508],[114.19803,22.21509],[114.19803,22.21509],[114.19802,22.21508],[114.19802,22.21508],[114.19802,22.21508]]],[[[114.19804,22.21509],[114.19805,22.21509],[114.19805,22.2151],[114.19804,22.21509],[114.19804,22.21509],[114.19804,22.21509]]],[[[114.19806,22.2151],[114.19806,22.2151],[114.19806,22.2151],[114.19806,22.2151],[114.19806,22.2151]]],[[[114.19807,22.21511],[114.19807,22.21511],[114.19807,22.21511],[114.19807,22.21511],[114.19807,22.21511]]],[[[114.19807,22.21516],[114.19807,22.21516],[114.19807,22.21517],[114.19807,22.21516],[114.19807,22.21515],[114.19807,22.21516]]],[[[114.19808,22.21518],[114.19808,22.21518],[114.19808,22.21518],[114.19808,22.21518]]],[[[114.1981,22.21521],[114.19811,22.21521],[114.19811,22.21521],[114.19811,22.21521],[114.1981,22.21521],[114.1981,22.21521]]],[[[114.19812,22.21521],[114.19814,22.21522],[114.19814,22.21522],[114.19815,22.21523],[114.19814,22.21522],[114.19814,22.21522],[114.19812,22.21521],[114.19812,22.21521]]],[[[114.19816,22.21523],[114.19816,22.21523],[114.19816,22.21523],[114.19816,22.21523]]],[[[114.19816,22.21523],[114.19817,22.21525],[114.19817,22.21525],[114.19817,22.21525],[114.19816,22.21523],[114.19816,22.21523]]],[[[114.19818,22.21527],[114.19818,22.21527],[114.19818,22.21527],[114.19817,22.21526],[114.19818,22.21527]]],[[[114.19819,22.21529],[114.1982,22.2153],[114.19819,22.2153],[114.19819,22.21529],[114.19819,22.21529],[114.19819,22.21529],[114.19819,22.21529]]],[[[114.1982,22.21532],[114.1982,22.21533],[114.1982,22.21532],[114.1982,22.21532],[114.1982,22.21532],[114.1982,22.21532]]],[[[114.19821,22.21534],[114.19821,22.21534],[114.19821,22.21534],[114.19821,22.21534],[114.19821,22.21533],[114.19821,22.21534]]],[[[114.19824,22.21537],[114.19825,22.21538],[114.19825,22.21538],[114.19825,22.21538],[114.19824,22.21537],[114.19824,22.21537],[114.19824,22.21537]]],[[[114.19826,22.21539],[114.19826,22.21539],[114.19826,22.21539],[114.19826,22.21539],[114.19826,22.21539]]],[[[114.19827,22.21538],[114.19827,22.21538],[114.19827,22.21538],[114.19827,22.21538],[114.19827,22.21538]]],[[[114.19829,22.21539],[114.1983,22.2154],[114.1983,22.2154],[114.1983,22.2154],[114.1983,22.2154],[114.19829,22.21539],[114.19829,22.21539],[114.19829,22.21539],[114.19829,22.21539]]],[[[114.19831,22.21543],[114.19832,22.21545],[114.19831,22.21543],[114.19831,22.21542],[114.19831,22.21543]]],[[[114.19833,22.21547],[114.19834,22.21548],[114.19833,22.21549],[114.19833,22.21549],[114.19833,22.21549],[114.19834,22.21548],[114.19833,22.21547],[114.19833,22.21547],[114.19833,22.21547]]],[[[114.19832,22.21549],[114.19833,22.21549],[114.19833,22.21549],[114.19833,22.21549],[114.19832,22.21549]]],[[[114.1983,22.21549],[114.1983,22.2155],[114.19831,22.21551],[114.1983,22.2155],[114.1983,22.21549],[114.1983,22.21549]]],[[[114.19831,22.21551],[114.19831,22.21551],[114.19832,22.21551],[114.19833,22.21551],[114.19832,22.21551],[114.19831,22.21551],[114.19831,22.21551],[114.19831,22.21551],[114.19831,22.21551],[114.19831,22.21551]]],[[[114.19835,22.21551],[114.19835,22.21551],[114.19835,22.21551],[114.19835,22.21551],[114.19835,22.21551],[114.19835,22.21551]]],[[[114.19838,22.21551],[114.19838,22.21551],[114.19838,22.21551],[114.19838,22.21551],[114.19838,22.21551],[114.19838,22.21551],[114.19838,22.21551]]],[[[114.19839,22.21552],[114.1984,22.21553],[114.1984,22.21554],[114.1984,22.21554],[114.1984,22.21553],[114.19839,22.21552],[114.19839,22.21552],[114.19839,22.21552],[114.19839,22.21552]]],[[[114.19839,22.21555],[114.19839,22.21555],[114.1984,22.21554],[114.19839,22.21555]]],[[[114.19838,22.21555],[114.19838,22.21555],[114.19838,22.21555],[114.19838,22.21555],[114.19839,22.21555],[114.19838,22.21555]]],[[[114.19837,22.21554],[114.19836,22.21555],[114.19837,22.21554],[114.19837,22.21554],[114.19837,22.21555],[114.19837,22.21554]]],[[[114.19834,22.21557],[114.19833,22.21559],[114.19834,22.2156],[114.19834,22.2156],[114.19834,22.2156],[114.19833,22.21559],[114.19834,22.21557],[114.19834,22.21557]]],[[[114.19835,22.21561],[114.19836,22.21562],[114.19836,22.21562],[114.19835,22.21561],[114.19835,22.21561]]],[[[114.19837,22.21563],[114.19837,22.21564],[114.19837,22.21563],[114.19837,22.21563],[114.19836,22.21562],[114.19837,22.21563]]],[[[114.19838,22.21564],[114.19838,22.21564],[114.19838,22.21564],[114.19838,22.21564],[114.19838,22.21564]]],[[[114.19837,22.21564],[114.19838,22.21564],[114.19837,22.21564],[114.19837,22.21564]]],[[[114.19838,22.21566],[114.19838,22.21566],[114.19838,22.21566],[114.19838,22.21566],[114.19838,22.21566]]],[[[114.1984,22.21567],[114.1984,22.21567],[114.1984,22.21567],[114.19839,22.21566],[114.1984,22.21567]]],[[[114.19841,22.21567],[114.19841,22.21567],[114.19841,22.21567],[114.19841,22.21567],[114.19841,22.21567]]],[[[114.19842,22.21568],[114.19843,22.21568],[114.19842,22.21568],[114.19842,22.21568],[114.19842,22.21568]]],[[[114.19843,22.21569],[114.19845,22.2157],[114.19845,22.21569],[114.19846,22.21569],[114.19845,22.21569],[114.19845,22.2157],[114.19843,22.21569],[114.19843,22.21568],[114.19843,22.21569]]],[[[114.19848,22.21569],[114.19848,22.21569],[114.19847,22.21569],[114.19848,22.21569]]],[[[114.1985,22.21569],[114.19849,22.21569],[114.19848,22.21568],[114.19848,22.21568],[114.1985,22.21569]]],[[[114.19851,22.21569],[114.19851,22.21569],[114.1985,22.21569],[114.19851,22.21569]]],[[[114.19851,22.2157],[114.19852,22.2157],[114.19851,22.2157],[114.19851,22.2157],[114.19851,22.2157],[114.19851,22.21569],[114.19851,22.2157]]],[[[114.19853,22.2157],[114.19854,22.2157],[114.19855,22.2157],[114.19856,22.21572],[114.19856,22.21572],[114.19855,22.2157],[114.19854,22.2157],[114.19853,22.2157],[114.19853,22.2157],[114.19853,22.2157],[114.19853,22.2157]]],[[[114.19856,22.21573],[114.19856,22.21573],[114.19856,22.21572],[114.19856,22.21572],[114.19856,22.21573]]],[[[114.19857,22.21573],[114.19857,22.21573],[114.19856,22.21573],[114.19856,22.21573],[114.19857,22.21573]]],[[[114.19857,22.21573],[114.19857,22.21573],[114.19857,22.21573],[114.19857,22.21573]]],[[[114.19858,22.21574],[114.19859,22.21574],[114.19858,22.21574],[114.19858,22.21574],[114.19858,22.21574],[114.19857,22.21574],[114.19858,22.21574]]],[[[114.19859,22.21573],[114.19859,22.21573],[114.19859,22.21573],[114.19859,22.21573],[114.19859,22.21573],[114.19859,22.21573]]],[[[114.1986,22.21573],[114.1986,22.21572],[114.1986,22.21572],[114.1986,22.21573],[114.1986,22.21573]]],[[[114.19863,22.21575],[114.19863,22.21575],[114.19863,22.21575],[114.19863,22.21575],[114.19863,22.21574],[114.19863,22.21573],[114.19863,22.21573],[114.19863,22.21575]]],[[[114.19863,22.21577],[114.19864,22.21577],[114.19863,22.21577],[114.19863,22.21576],[114.19863,22.21577]]],[[[114.19865,22.21579],[114.19866,22.2158],[114.19866,22.2158],[114.19866,22.2158],[114.19866,22.2158],[114.19865,22.21579],[114.19864,22.21579],[114.19865,22.21579]]],[[[114.19866,22.21579],[114.19866,22.21579],[114.19866,22.21579],[114.19866,22.21579],[114.19866,22.21579],[114.19866,22.21579]]],[[[114.19865,22.21578],[114.19865,22.21578],[114.19865,22.21578],[114.19865,22.21578],[114.19865,22.21578]]],[[[114.19866,22.21577],[114.19866,22.21577],[114.19866,22.21577],[114.19866,22.21577]]],[[[114.19868,22.21578],[114.19868,22.21578],[114.19868,22.21578],[114.19868,22.21578],[114.19868,22.21578]]],[[[114.19869,22.21578],[114.19868,22.21578],[114.19868,22.21578],[114.19869,22.21578]]],[[[114.19879,22.21584],[114.1988,22.21584],[114.19879,22.21584],[114.19879,22.21584],[114.19879,22.21584]]],[[[114.19888,22.21583],[114.19888,22.21583],[114.19888,22.21583],[114.19888,22.21583],[114.19888,22.21583]]],[[[114.19889,22.21585],[114.1989,22.21585],[114.1989,22.21585],[114.19889,22.21585],[114.19889,22.21585],[114.19889,22.21585],[114.19889,22.21584],[114.19889,22.21585]]],[[[114.19891,22.21585],[114.19892,22.21585],[114.19892,22.21585],[114.19893,22.21584],[114.19892,22.21585],[114.19892,22.21585],[114.19892,22.21585],[114.19892,22.21585],[114.19891,22.21585],[114.19891,22.21585],[114.19891,22.21585]]],[[[114.19897,22.21583],[114.19897,22.21583],[114.19897,22.21583],[114.19897,22.21583],[114.19897,22.21583]]],[[[114.19907,22.21583],[114.19909,22.21583],[114.19909,22.21583],[114.19909,22.21583],[114.19907,22.21583],[114.19907,22.21583],[114.19907,22.21583]]],[[[114.19912,22.21584],[114.19913,22.21584],[114.19913,22.21585],[114.19913,22.21585],[114.19913,22.21584],[114.19913,22.21584],[114.19912,22.21584],[114.19912,22.21584],[114.19912,22.21584],[114.19912,22.21584]]],[[[114.19913,22.21585],[114.19912,22.21585],[114.19912,22.21586],[114.19912,22.21586],[114.19912,22.21586],[114.19912,22.21585],[114.19913,22.21585],[114.19913,22.21585],[114.19913,22.21585]]],[[[114.19912,22.21589],[114.19912,22.21589],[114.19912,22.21589],[114.19912,22.21589],[114.19912,22.21589]]],[[[114.19915,22.2159],[114.19916,22.2159],[114.19915,22.2159],[114.19915,22.2159],[114.19915,22.2159]]],[[[114.19917,22.2159],[114.19918,22.21589],[114.19918,22.21589],[114.19917,22.2159],[114.19916,22.2159],[114.19917,22.2159]]],[[[114.19918,22.21589],[114.19918,22.21589],[114.19918,22.21589],[114.19918,22.21589]]],[[[114.19918,22.21588],[114.19918,22.21588],[114.19918,22.21588],[114.19918,22.21588]]],[[[114.19918,22.21587],[114.19917,22.21587],[114.19918,22.21587],[114.19918,22.21587]]],[[[114.19918,22.21587],[114.19918,22.21587],[114.19918,22.21587],[114.19918,22.21587],[114.19918,22.21587],[114.19918,22.21587]]],[[[114.19921,22.2159],[114.19921,22.2159],[114.19921,22.21589],[114.19921,22.2159]]],[[[114.19921,22.21591],[114.19921,22.21592],[114.19921,22.21591],[114.19921,22.2159],[114.19921,22.21591]]],[[[114.19921,22.21593],[114.19921,22.21594],[114.19921,22.21594],[114.19921,22.21594],[114.19921,22.21593],[114.19921,22.21592],[114.19921,22.21593]]],[[[114.19923,22.21596],[114.19923,22.21596],[114.19923,22.21596],[114.19923,22.21595],[114.19923,22.21596]]],[[[114.19924,22.21596],[114.19925,22.21596],[114.19925,22.21596],[114.19925,22.21596],[114.19924,22.21596],[114.19924,22.21596],[114.19924,22.21596]]],[[[114.19927,22.21595],[114.19928,22.21595],[114.19928,22.21595],[114.19928,22.21595],[114.19927,22.21595],[114.19926,22.21596],[114.19927,22.21595]]],[[[114.1994,22.21597],[114.1994,22.21597],[114.1994,22.21597],[114.1994,22.21597],[114.19938,22.21597],[114.1994,22.21597]]],[[[114.19944,22.21601],[114.19944,22.21601],[114.19944,22.21601],[114.19944,22.21601]]],[[[114.19946,22.21601],[114.19946,22.21601],[114.19946,22.21601],[114.19946,22.21601]]],[[[114.19948,22.21604],[114.19948,22.21605],[114.19949,22.21606],[114.19949,22.21606],[114.19949,22.21606],[114.19948,22.21605],[114.19948,22.21604],[114.19946,22.21603],[114.19948,22.21604]]],[[[114.1995,22.21607],[114.1995,22.21607],[114.19949,22.21606],[114.1995,22.21607]]],[[[114.19953,22.21608],[114.19953,22.21608],[114.19953,22.21608],[114.19953,22.21608]]],[[[114.19955,22.21608],[114.19955,22.21608],[114.19955,22.21608],[114.19955,22.21608],[114.19955,22.21608]]],[[[114.19956,22.21608],[114.19956,22.21608],[114.19956,22.21608],[114.19956,22.21608]]],[[[114.19958,22.21609],[114.19959,22.21611],[114.1996,22.21612],[114.1996,22.21612],[114.19961,22.21613],[114.1996,22.21612],[114.1996,22.21612],[114.19959,22.21611],[114.19958,22.21609],[114.19958,22.21609],[114.19957,22.21609],[114.19958,22.21609]]],[[[114.19966,22.21615],[114.19967,22.21615],[114.19966,22.21615],[114.19966,22.21615],[114.19966,22.21615],[114.19966,22.21615]]],[[[114.19971,22.21618],[114.19971,22.21618],[114.19971,22.21618],[114.19971,22.21618]]],[[[114.19974,22.2162],[114.19974,22.2162],[114.19974,22.2162],[114.19973,22.21619],[114.19973,22.21619],[114.19974,22.2162]]],[[[114.19975,22.2162],[114.19975,22.2162],[114.19975,22.2162],[114.19975,22.2162],[114.19975,22.2162],[114.19974,22.2162],[114.19975,22.2162]]],[[[114.19976,22.21621],[114.19977,22.21621],[114.19976,22.21621],[114.19976,22.21621],[114.19976,22.21621],[114.19976,22.21621]]],[[[114.19978,22.21621],[114.19979,22.21623],[114.19978,22.21621],[114.19978,22.21621],[114.19978,22.21621]]],[[[114.1998,22.21623],[114.1998,22.21624],[114.1998,22.21623],[114.1998,22.21623],[114.1998,22.21623],[114.1998,22.21623],[114.1998,22.21623]]],[[[114.19985,22.21627],[114.19986,22.21628],[114.19987,22.21629],[114.19985,22.21627],[114.19985,22.21627],[114.19985,22.21627]]],[[[114.19992,22.21637],[114.19992,22.21637],[114.19992,22.21637],[114.19992,22.21637],[114.19992,22.21637],[114.19992,22.21637]]],[[[114.19992,22.21637],[114.19993,22.21638],[114.19992,22.21637],[114.19992,22.21637],[114.19992,22.21637]]],[[[114.19993,22.21638],[114.19993,22.21638],[114.19993,22.21638],[114.19993,22.21638]]],[[[114.19996,22.2164],[114.19996,22.21641],[114.19996,22.2164],[114.19996,22.2164],[114.19996,22.2164],[114.19996,22.2164],[114.19996,22.2164]]],[[[114.19997,22.21642],[114.19998,22.21642],[114.19997,22.21642],[114.19997,22.21641],[114.19997,22.21641],[114.19997,22.21642]]],[[[114.19998,22.21643],[114.19999,22.21643],[114.19998,22.21643],[114.19998,22.21642],[114.19998,22.21643]]],[[[114.20001,22.21643],[114.20001,22.21644],[114.20001,22.21643],[114.2,22.21643],[114.20001,22.21643]]],[[[114.20001,22.21646],[114.20001,22.21647],[114.20001,22.21646],[114.20001,22.21644],[114.20001,22.21644],[114.20001,22.21646]]],[[[114.20002,22.21649],[114.20002,22.21649],[114.20003,22.2165],[114.20002,22.21649],[114.20002,22.21649],[114.20002,22.21648],[114.20002,22.21648],[114.20002,22.21648],[114.20002,22.21649]]],[[[114.20003,22.21651],[114.20003,22.21651],[114.20003,22.21651],[114.20003,22.21651],[114.20003,22.21651]]],[[[114.20005,22.21652],[114.20005,22.21653],[114.20005,22.21653],[114.20005,22.21652],[114.20003,22.21651],[114.20003,22.21651],[114.20005,22.21652]]],[[[114.20007,22.21654],[114.20008,22.21654],[114.20009,22.21654],[114.20009,22.21654],[114.20009,22.21654],[114.20009,22.21654],[114.20008,22.21654],[114.20007,22.21654],[114.20007,22.21654],[114.20006,22.21653],[114.20007,22.21654]]],[[[114.20011,22.21655],[114.20011,22.21655],[114.20011,22.21655],[114.20011,22.21655],[114.20011,22.21655]]],[[[114.20011,22.21655],[114.20011,22.21655],[114.20011,22.21655],[114.20011,22.21655]]],[[[114.20012,22.21655],[114.20012,22.21655],[114.20012,22.21655],[114.20012,22.21655]]],[[[114.20013,22.21656],[114.20015,22.21657],[114.20016,22.21657],[114.20016,22.21657],[114.20016,22.21657],[114.20016,22.21657],[114.20016,22.21657],[114.20015,22.21657],[114.20015,22.21657],[114.20013,22.21656],[114.20013,22.21656],[114.20013,22.21655],[114.20013,22.21656]]],[[[114.20019,22.21657],[114.2002,22.21657],[114.20019,22.21657],[114.20019,22.21657],[114.20019,22.21657]]],[[[114.2002,22.21657],[114.2002,22.21657],[114.2002,22.21657],[114.2002,22.21657]]],[[[114.20022,22.21661],[114.20023,22.21661],[114.20022,22.21661],[114.20022,22.21661],[114.20022,22.2166],[114.20022,22.2166],[114.20022,22.21661]]],[[[114.20024,22.21664],[114.20025,22.21664],[114.20024,22.21664],[114.20024,22.21664],[114.20024,22.21664]]],[[[114.2003,22.21668],[114.2003,22.21669],[114.2003,22.21668],[114.2003,22.21668]]],[[[114.20033,22.21671],[114.20034,22.21672],[114.20033,22.21671],[114.20033,22.21671],[114.20033,22.21671],[114.20033,22.21671]]],[[[114.20035,22.21673],[114.20035,22.21673],[114.20035,22.21673],[114.20035,22.21673]]],[[[114.20041,22.21675],[114.20042,22.21675],[114.20041,22.21675],[114.20041,22.21675],[114.20041,22.21675]]],[[[114.20044,22.21677],[114.20067,22.21683],[114.20044,22.21677],[114.20044,22.21677]]],[[[114.20069,22.21683],[114.20068,22.21683],[114.20068,22.21683],[114.20069,22.21683]]],[[[114.20083,22.21684],[114.20083,22.21684],[114.20081,22.21684],[114.20083,22.21684]]],[[[114.20084,22.21684],[114.20084,22.21684],[114.20083,22.21684],[114.20083,22.21684],[114.20084,22.21684]]],[[[114.20092,22.21685],[114.20092,22.21685],[114.20085,22.21684],[114.20084,22.21684],[114.20092,22.21685]]],[[[114.20092,22.21685],[114.20092,22.21685],[114.20092,22.21685],[114.20092,22.21685],[114.20092,22.21685]]],[[[114.20095,22.21685],[114.20095,22.21685],[114.20095,22.21685],[114.20095,22.21685],[114.20095,22.21685],[114.20095,22.21685],[114.20095,22.21685]]],[[[114.20097,22.21685],[114.20097,22.21685],[114.20097,22.21685],[114.20097,22.21685]]],[[[114.20102,22.21685],[114.20102,22.21685],[114.20102,22.21685],[114.20102,22.21685],[114.20102,22.21685]]],[[[114.20103,22.21685],[114.20103,22.21685],[114.20103,22.21685],[114.20103,22.21685]]],[[[114.20104,22.21685],[114.20104,22.21685],[114.20104,22.21685],[114.20104,22.21685]]],[[[114.20105,22.21685],[114.20105,22.21685],[114.20105,22.21685],[114.20105,22.21685],[114.20105,22.21685]]],[[[114.20106,22.21685],[114.20106,22.21685],[114.20106,22.21685],[114.20106,22.21685],[114.20106,22.21685],[114.20106,22.21685]]],[[[114.20107,22.21684],[114.20107,22.21684],[114.20107,22.21684],[114.20106,22.21684],[114.20107,22.21684]]],[[[114.20107,22.21684],[114.20107,22.21684],[114.20107,22.21684],[114.20107,22.21684],[114.20107,22.21684],[114.20107,22.21684],[114.20107,22.21684]]],[[[114.20108,22.21683],[114.20108,22.21683],[114.20108,22.21683],[114.20108,22.21683],[114.20108,22.21683]]],[[[114.20109,22.21682],[114.20109,22.21682],[114.20109,22.21682],[114.20109,22.21682],[114.20109,22.21682],[114.20109,22.21682]]],[[[114.20111,22.21681],[114.20111,22.21681],[114.20111,22.21681],[114.20111,22.21681],[114.20111,22.21681],[114.20111,22.21681]]],[[[114.20111,22.21681],[114.20112,22.2168],[114.20111,22.21681],[114.20111,22.21681],[114.20111,22.21681],[114.20111,22.21681]]],[[[114.20112,22.2168],[114.20113,22.21679],[114.20112,22.2168],[114.20112,22.2168],[114.20112,22.2168]]],[[[114.20114,22.21678],[114.20114,22.21677],[114.20114,22.21677],[114.20114,22.21677],[114.20114,22.21678],[114.20114,22.21678],[114.20114,22.21678]]],[[[114.2015,22.21688],[114.20154,22.2169],[114.20154,22.21689],[114.20154,22.21689],[114.20154,22.21688],[114.20154,22.21688],[114.20154,22.21688],[114.20135,22.2168],[114.20129,22.21677],[114.20119,22.21675],[114.20119,22.21675],[114.2015,22.21688]]],[[[114.20158,22.21691],[114.20158,22.21691],[114.20158,22.21691],[114.20157,22.21691],[114.20157,22.21691],[114.20158,22.21691]]],[[[114.20168,22.21695],[114.20183,22.217],[114.20163,22.21693],[114.20168,22.21695]]],[[[114.20183,22.217],[114.20183,22.217],[114.20183,22.217],[114.20183,22.217]]],[[[114.20187,22.2171],[114.20187,22.2171],[114.20187,22.2171],[114.20187,22.2171],[114.20187,22.21709],[114.20187,22.2171]]],[[[114.20189,22.21717],[114.2019,22.21721],[114.20191,22.21721],[114.20191,22.21721],[114.20189,22.21717],[114.20189,22.21716],[114.20189,22.21717]]],[[[114.20192,22.21723],[114.20192,22.21725],[114.20193,22.21725],[114.20192,22.21725],[114.20192,22.21724],[114.20191,22.21723],[114.20191,22.21722],[114.20192,22.21723]]],[[[114.20194,22.21731],[114.20195,22.21734],[114.20195,22.21734],[114.20195,22.21734],[114.20195,22.21732],[114.20195,22.21731],[114.20194,22.2173],[114.20194,22.21731]]],[[[114.20197,22.21738],[114.20198,22.21739],[114.20198,22.21741],[114.20199,22.21742],[114.20199,22.21742],[114.20199,22.21742],[114.20199,22.21742],[114.20198,22.21741],[114.20198,22.21739],[114.20197,22.21738],[114.20197,22.21738],[114.20197,22.21738],[114.20197,22.21738],[114.20197,22.21738]]],[[[114.20201,22.21749],[114.20201,22.2175],[114.20201,22.21751],[114.20201,22.21752],[114.20202,22.21753],[114.20201,22.21752],[114.20201,22.21752],[114.20201,22.21751],[114.20201,22.21751],[114.20201,22.2175],[114.20201,22.21749],[114.20201,22.21749],[114.20201,22.21749]]],[[[114.20202,22.21755],[114.20202,22.21755],[114.20202,22.21755],[114.20202,22.21754],[114.20202,22.21755]]],[[[114.20203,22.21759],[114.20203,22.21759],[114.20203,22.21759],[114.20203,22.21759]]],[[[114.20204,22.21767],[114.20204,22.21767],[114.20203,22.21765],[114.20204,22.21767]]],[[[114.20204,22.2177],[114.20204,22.21771],[114.20204,22.2177],[114.20204,22.2177],[114.20204,22.21769],[114.20204,22.2177]]],[[[114.20206,22.21782],[114.20206,22.21782],[114.20206,22.21782],[114.20206,22.21782],[114.20206,22.21782],[114.20206,22.21782],[114.20206,22.21779],[114.20205,22.21778],[114.20206,22.21782]]],[[[114.20206,22.21785],[114.20206,22.21786],[114.20206,22.21785],[114.20206,22.21785],[114.20206,22.21785],[114.20206,22.21785]]],[[[114.20206,22.21788],[114.20206,22.21788],[114.20206,22.21788],[114.20206,22.21788],[114.20206,22.21787],[114.20206,22.21788]]],[[[114.20207,22.21801],[114.20207,22.21801],[114.20207,22.21801],[114.20207,22.218],[114.20207,22.218],[114.20207,22.21801]]],[[[114.20207,22.21805],[114.20207,22.21805],[114.20207,22.21805],[114.20207,22.21805]]],[[[114.20207,22.21806],[114.20207,22.21806],[114.20207,22.21806],[114.20207,22.21806],[114.20207,22.21806]]],[[[114.20207,22.21808],[114.20207,22.21809],[114.20207,22.21808],[114.20207,22.21808],[114.20207,22.21808]]],[[[114.20207,22.2181],[114.20206,22.21816],[114.20207,22.21809],[114.20207,22.2181]]],[[[114.20205,22.21829],[114.20205,22.2183],[114.20205,22.2183],[114.20205,22.2183],[114.20205,22.2183],[114.20205,22.21829],[114.20205,22.21828],[114.20205,22.21828],[114.20205,22.21829]]],[[[114.20205,22.21838],[114.20205,22.21838],[114.20205,22.21838],[114.20205,22.21838],[114.20205,22.21838],[114.20205,22.21837],[114.20205,22.21838]]],[[[114.20204,22.21841],[114.20204,22.21842],[114.20204,22.21842],[114.20204,22.21841],[114.20204,22.2184],[114.20204,22.2184],[114.20204,22.21841]]],[[[114.20203,22.21845],[114.20203,22.21845],[114.20203,22.21845],[114.20203,22.21844],[114.20203,22.21845]]],[[[114.20202,22.21852],[114.20202,22.21854],[114.20201,22.21855],[114.20202,22.21854],[114.20202,22.21852],[114.20202,22.21851],[114.20202,22.21852]]],[[[114.202,22.21857],[114.202,22.21857],[114.202,22.21857],[114.20201,22.21855],[114.202,22.21857]]],[[[114.20199,22.2186],[114.20199,22.21861],[114.20199,22.2186],[114.20199,22.2186],[114.20199,22.2186]]],[[[114.20199,22.21862],[114.20194,22.21864],[114.20199,22.21861],[114.20199,22.21862]]],[[[114.20192,22.21864],[114.20192,22.21864],[114.20192,22.21864],[114.20192,22.21864],[114.20193,22.21864],[114.20192,22.21864]]],[[[114.2019,22.21865],[114.20189,22.21866],[114.2019,22.21865],[114.2019,22.21865],[114.2019,22.21865],[114.2019,22.21865],[114.2019,22.21865]]],[[[114.20187,22.21866],[114.20186,22.21867],[114.20186,22.21867],[114.20187,22.21866],[114.20188,22.21866],[114.20187,22.21866]]],[[[114.20185,22.21867],[114.20183,22.21868],[114.20185,22.21867],[114.20185,22.21867],[114.20186,22.21867],[114.20185,22.21867]]],[[[114.20182,22.21868],[114.20181,22.21868],[114.20181,22.21869],[114.20181,22.21869],[114.20181,22.21868],[114.20182,22.21868],[114.20182,22.21868],[114.20183,22.21868],[114.20182,22.21868]]],[[[114.20179,22.21871],[114.20179,22.21871],[114.20179,22.21871],[114.20179,22.21871],[114.2018,22.2187],[114.20179,22.21871]]],[[[114.20177,22.21872],[114.20177,22.21873],[114.20177,22.21873],[114.20177,22.21873],[114.20177,22.21873],[114.20177,22.21873],[114.20177,22.21873],[114.20177,22.21872],[114.20177,22.21872],[114.20178,22.21872],[114.20177,22.21872]]],[[[114.20178,22.21875],[114.20178,22.21875],[114.20178,22.21875],[114.20178,22.21875],[114.20178,22.21875]]],[[[114.20175,22.2188],[114.20173,22.2188],[114.20173,22.2188],[114.20173,22.2188],[114.20174,22.2188],[114.20175,22.2188],[114.20175,22.2188],[114.20175,22.2188],[114.20175,22.2188]]],[[[114.20163,22.21883],[114.20162,22.21884],[114.20162,22.21884],[114.20162,22.21884],[114.20162,22.21884],[114.20163,22.21883],[114.20164,22.21883],[114.20163,22.21883]]],[[[114.20158,22.21887],[114.20156,22.21887],[114.20155,22.21888],[114.20154,22.21888],[114.20155,22.21888],[114.20156,22.21887],[114.20158,22.21887],[114.20158,22.21887],[114.20158,22.21887],[114.20158,22.21887]]],[[[114.20153,22.2189],[114.20153,22.21891],[114.20154,22.21891],[114.20153,22.21891],[114.20153,22.2189],[114.20153,22.2189],[114.20153,22.2189],[114.20153,22.2189],[114.20153,22.2189]]],[[[114.20155,22.21894],[114.20155,22.21894],[114.20155,22.21894],[114.20155,22.21894],[114.20155,22.21894],[114.20155,22.21894]]],[[[114.20154,22.21896],[114.20153,22.21897],[114.20153,22.21897],[114.20153,22.21897],[114.20153,22.21897],[114.20154,22.21896],[114.20154,22.21896],[114.20154,22.21895],[114.20154,22.21896]]],[[[114.2015,22.21898],[114.20149,22.21899],[114.20147,22.219],[114.20146,22.219],[114.20147,22.219],[114.20149,22.21899],[114.20149,22.21899],[114.2015,22.21898],[114.20151,22.21898],[114.2015,22.21898]]],[[[114.20138,22.21904],[114.20138,22.21904],[114.20137,22.21905],[114.20137,22.21905],[114.20137,22.21905],[114.20138,22.21904],[114.20138,22.21904],[114.20138,22.21904],[114.20139,22.21904],[114.20138,22.21904]]],[[[114.20137,22.21907],[114.20137,22.21907],[114.20137,22.21907],[114.20137,22.21907],[114.20137,22.21907]]],[[[114.20137,22.21908],[114.20137,22.21909],[114.20136,22.21909],[114.20137,22.21909],[114.20137,22.21908],[114.20137,22.21908],[114.20137,22.21908],[114.20137,22.21908]]],[[[114.20134,22.2191],[114.20134,22.2191],[114.20133,22.21911],[114.20134,22.2191],[114.20134,22.2191],[114.20134,22.2191],[114.20134,22.2191],[114.20135,22.21909],[114.20134,22.2191]]],[[[114.20133,22.21912],[114.20133,22.21912],[114.20133,22.21912],[114.20133,22.21912]]],[[[114.20133,22.21913],[114.20133,22.21913],[114.20133,22.21913],[114.20133,22.21912],[114.20133,22.21913]]],[[[114.20134,22.21914],[114.20135,22.21914],[114.20134,22.21914],[114.20134,22.21914],[114.20134,22.21914],[114.20134,22.21914]]],[[[114.20139,22.21916],[114.20139,22.21916],[114.20139,22.21916],[114.20139,22.21916],[114.20139,22.21916]]],[[[114.20142,22.21919],[114.20142,22.21919],[114.20142,22.2192],[114.20142,22.21921],[114.20142,22.21921],[114.20142,22.2192],[114.20142,22.21919],[114.20142,22.21919],[114.20142,22.21919],[114.20142,22.21919],[114.20142,22.21918],[114.20142,22.21919]]],[[[114.20141,22.21924],[114.20141,22.21924],[114.20141,22.21924],[114.20141,22.21923],[114.20141,22.21923],[114.20141,22.21924]]],[[[114.20135,22.21929],[114.20136,22.21929],[114.20136,22.21929],[114.20135,22.21929]]],[[[114.20132,22.21927],[114.2013,22.21927],[114.20132,22.21927],[114.20132,22.21927],[114.20132,22.21927]]],[[[114.20128,22.21927],[114.20128,22.21927],[114.20128,22.21928],[114.20127,22.21928],[114.20126,22.21929],[114.20125,22.21929],[114.20126,22.21929],[114.20126,22.21929],[114.20127,22.21928],[114.20128,22.21928],[114.20128,22.21927],[114.20128,22.21927],[114.20128,22.21927],[114.20129,22.21927],[114.20128,22.21927]]],[[[114.20119,22.21931],[114.20119,22.21931],[114.20119,22.21931],[114.2012,22.2193],[114.20119,22.21931]]],[[[114.20118,22.21932],[114.20118,22.21932],[114.20118,22.21932],[114.20118,22.21932]]],[[[114.20118,22.21934],[114.20118,22.21936],[114.20118,22.21936],[114.20118,22.21936],[114.20118,22.21936],[114.20118,22.21935],[114.20118,22.21934],[114.20118,22.21934],[114.20118,22.21934]]],[[[114.20117,22.21937],[114.20118,22.21936],[114.20118,22.21936],[114.20117,22.21937]]],[[[114.20117,22.21939],[114.20116,22.21941],[114.20117,22.21939],[114.20117,22.21937],[114.20117,22.21939]]],[[[114.20114,22.2195],[114.20114,22.2195],[114.20114,22.2195],[114.20114,22.2195],[114.20114,22.21949],[114.20114,22.2195]]],[[[114.20115,22.21952],[114.20116,22.21952],[114.20116,22.21952],[114.20116,22.21952],[114.20116,22.21952],[114.20116,22.21952],[114.20115,22.21952],[114.20115,22.21951],[114.20115,22.21952]]],[[[114.20117,22.21953],[114.20118,22.21954],[114.20119,22.21955],[114.20119,22.21955],[114.20119,22.21955],[114.20119,22.21955],[114.20118,22.21954],[114.20117,22.21953],[114.20117,22.21953],[114.20117,22.21953]]],[[[114.20119,22.21957],[114.20119,22.21957],[114.20119,22.21957],[114.20119,22.21957],[114.20119,22.21957]]],[[[114.20118,22.21956],[114.20117,22.21956],[114.20118,22.21956],[114.20118,22.21956],[114.20118,22.21956]]],[[[114.20117,22.21955],[114.20116,22.21955],[114.20116,22.21956],[114.20116,22.21957],[114.20116,22.21957],[114.20116,22.21956],[114.20116,22.21956],[114.20116,22.21956],[114.20117,22.21955],[114.20117,22.21955]]],[[[114.20115,22.21959],[114.20114,22.21959],[114.20115,22.2196],[114.20114,22.21959],[114.20115,22.21959],[114.20115,22.21959],[114.20115,22.21959],[114.20115,22.21958],[114.20115,22.21959]]],[[[114.20117,22.21965],[114.20117,22.21965],[114.20117,22.21965],[114.20117,22.21965],[114.20117,22.21964],[114.20117,22.21965]]],[[[114.20118,22.21966],[114.20118,22.21967],[114.20118,22.21966],[114.20118,22.21966],[114.20118,22.21966],[114.20118,22.21966]]],[[[114.2012,22.21969],[114.20121,22.21969],[114.2012,22.21969],[114.2012,22.21969],[114.2012,22.21969],[114.2012,22.21968],[114.2012,22.21969]]],[[[114.20126,22.2197],[114.20133,22.2197],[114.20125,22.2197],[114.20126,22.2197]]],[[[114.20135,22.21969],[114.20135,22.21969],[114.20135,22.21969],[114.20135,22.21969],[114.20135,22.2197],[114.20135,22.21969]]],[[[114.20137,22.2197],[114.20137,22.2197],[114.20137,22.2197],[114.20137,22.2197],[114.20137,22.2197]]],[[[114.20137,22.21971],[114.20136,22.21971],[114.20137,22.21971],[114.20137,22.21971],[114.20137,22.21971],[114.20137,22.21971]]],[[[114.20133,22.21972],[114.20133,22.21972],[114.20133,22.21972],[114.20133,22.21972]]],[[[114.2013,22.21972],[114.2013,22.21973],[114.2013,22.21972],[114.20131,22.21972],[114.2013,22.21972]]],[[[114.20128,22.21973],[114.20127,22.21974],[114.20127,22.21974],[114.20128,22.21973],[114.20128,22.21973],[114.20128,22.21973]]],[[[114.20122,22.21977],[114.20121,22.21977],[114.20122,22.21977],[114.20122,22.21977],[114.20122,22.21977]]],[[[114.20119,22.21979],[114.20119,22.21979],[114.20119,22.21979],[114.20119,22.21979],[114.20119,22.21979]]],[[[114.20114,22.21981],[114.20115,22.21981],[114.20115,22.21981],[114.20114,22.21981]]],[[[114.20113,22.21981],[114.20112,22.21982],[114.20113,22.21981],[114.20113,22.21981],[114.20113,22.21981]]],[[[114.20109,22.21983],[114.20109,22.21983],[114.20109,22.21983],[114.20111,22.21982],[114.20109,22.21983]]],[[[114.20109,22.21983],[114.20109,22.21984],[114.20109,22.21983],[114.20109,22.21983]]],[[[114.20108,22.21985],[114.20108,22.21987],[114.20108,22.21985],[114.20108,22.21985],[114.20108,22.21985]]],[[[114.20109,22.21989],[114.20109,22.21989],[114.20109,22.21989],[114.20109,22.21988],[114.20109,22.21989]]],[[[114.2011,22.21993],[114.20111,22.21993],[114.20111,22.21994],[114.20111,22.21993],[114.2011,22.21993],[114.2011,22.21992],[114.2011,22.21993]]],[[[114.20114,22.21996],[114.20114,22.21996],[114.20114,22.21996],[114.20113,22.21995],[114.20114,22.21996]]],[[[114.20117,22.21999],[114.20118,22.21999],[114.20118,22.22],[114.20119,22.22],[114.20118,22.21999],[114.20118,22.21999],[114.20118,22.21999],[114.20118,22.21999],[114.20117,22.21999],[114.20116,22.21998],[114.20117,22.21999]]],[[[114.2012,22.22],[114.20121,22.22],[114.2012,22.22],[114.2012,22.22],[114.2012,22.22]]],[[[114.20123,22.22],[114.20123,22.22],[114.20122,22.22],[114.20123,22.22]]],[[[114.20126,22.21998],[114.20126,22.21998],[114.20126,22.21998],[114.20126,22.21998],[114.20126,22.21998],[114.20126,22.21998],[114.20126,22.21998]]],[[[114.20131,22.22003],[114.20132,22.22004],[114.20132,22.22004],[114.20131,22.22003],[114.20131,22.22003],[114.20131,22.22003]]],[[[114.20133,22.22006],[114.20133,22.22006],[114.20133,22.22006],[114.20133,22.22006]]],[[[114.20132,22.22011],[114.20132,22.22011],[114.20132,22.22011],[114.20132,22.2201],[114.20132,22.22011]]],[[[114.20131,22.22013],[114.2013,22.22014],[114.2013,22.22014],[114.20129,22.22014],[114.20129,22.22014],[114.20129,22.22014],[114.2013,22.22014],[114.2013,22.22014],[114.20131,22.22013],[114.20131,22.22013],[114.20131,22.22013]]],[[[114.20127,22.22014],[114.20126,22.22014],[114.20124,22.22014],[114.20124,22.22015],[114.20124,22.22015],[114.20124,22.22015],[114.20124,22.22014],[114.20124,22.22014],[114.20126,22.22014],[114.20127,22.22014],[114.20127,22.22014],[114.20127,22.22014]]],[[[114.20124,22.22017],[114.20124,22.22017],[114.20125,22.22018],[114.20124,22.22017],[114.20124,22.22017],[114.20124,22.22017],[114.20124,22.22017],[114.20124,22.22017]]],[[[114.20125,22.22018],[114.20126,22.22019],[114.20126,22.22019],[114.20125,22.22018],[114.20125,22.22018],[114.20125,22.22018]]],[[[114.20125,22.22023],[114.20125,22.22023],[114.20127,22.22023],[114.20127,22.22023],[114.20125,22.22023]]],[[[114.2012,22.22026],[114.2012,22.22027],[114.2012,22.22026],[114.20121,22.22026],[114.20121,22.22026],[114.2012,22.22026]]],[[[114.20118,22.22028],[114.20118,22.22028],[114.20118,22.22028],[114.20118,22.22028],[114.20118,22.22028],[114.20118,22.22028]]],[[[114.20117,22.22029],[114.20117,22.2203],[114.20117,22.2203],[114.20117,22.22029],[114.20117,22.22029],[114.20117,22.22029]]],[[[114.20115,22.22032],[114.20115,22.22032],[114.20115,22.22032],[114.20115,22.22032],[114.20115,22.22032]]],[[[114.20115,22.22033],[114.20115,22.22033],[114.20115,22.22034],[114.20115,22.22034],[114.20115,22.22033],[114.20115,22.22033],[114.20115,22.22032],[114.20115,22.22033]]],[[[114.20116,22.22035],[114.20116,22.22035],[114.20116,22.22035],[114.20116,22.22035]]],[[[114.20119,22.22037],[114.20119,22.22037],[114.20119,22.22037],[114.20119,22.22037]]],[[[114.20111,22.22034],[114.2011,22.22034],[114.20111,22.22034],[114.20111,22.22034],[114.20112,22.22034],[114.20113,22.22035],[114.20111,22.22034]]],[[[114.20109,22.22035],[114.20109,22.22035],[114.20109,22.22035],[114.20109,22.22035],[114.20109,22.22035]]],[[[114.20106,22.22039],[114.20106,22.22039],[114.20106,22.22039],[114.20106,22.22039],[114.20106,22.22039],[114.20106,22.22039],[114.20106,22.22039]]],[[[114.201,22.22042],[114.201,22.22042],[114.201,22.22042],[114.201,22.22042],[114.201,22.22042]]],[[[114.20099,22.22042],[114.20098,22.22042],[114.20099,22.22042],[114.20099,22.22042],[114.20099,22.22042]]],[[[114.20097,22.22043],[114.20096,22.22044],[114.20097,22.22043],[114.20097,22.22043],[114.20097,22.22043]]],[[[114.20095,22.22045],[114.20095,22.22045],[114.20095,22.22045],[114.20095,22.22045]]],[[[114.20095,22.22047],[114.20095,22.22047],[114.20095,22.22047],[114.20095,22.22047],[114.20095,22.22047]]],[[[114.20095,22.22048],[114.20095,22.22049],[114.20095,22.22049],[114.20095,22.22048],[114.20095,22.22047],[114.20095,22.22047],[114.20095,22.22048]]],[[[114.20094,22.22056],[114.20094,22.22057],[114.20094,22.22056],[114.20094,22.22056],[114.20094,22.22056],[114.20094,22.22056]]],[[[114.20097,22.22061],[114.20097,22.2206],[114.20096,22.2206],[114.20097,22.22061]]],[[[114.20097,22.22061],[114.20097,22.22062],[114.20097,22.22062],[114.20097,22.22061],[114.20097,22.22061]]],[[[114.20093,22.22068],[114.20092,22.22068],[114.20092,22.22069],[114.20092,22.22068],[114.20093,22.22068],[114.20093,22.22068],[114.20093,22.22068]]],[[[114.2009,22.2207],[114.2009,22.2207],[114.2009,22.2207],[114.2009,22.2207],[114.2009,22.2207],[114.2009,22.2207]]],[[[114.20084,22.22067],[114.20084,22.22067],[114.20085,22.22068],[114.20085,22.22068],[114.20084,22.22067]]],[[[114.2008,22.22067],[114.20079,22.22067],[114.2008,22.22067],[114.2008,22.22067],[114.2008,22.22067],[114.20081,22.22067],[114.2008,22.22067]]],[[[114.20078,22.22068],[114.20078,22.22069],[114.20078,22.22068],[114.20078,22.22068]]],[[[114.20078,22.22071],[114.20078,22.22071],[114.20078,22.22071],[114.20078,22.22071],[114.20078,22.22071]]],[[[114.2008,22.22072],[114.20081,22.22072],[114.20082,22.22072],[114.20082,22.22072],[114.20082,22.22072],[114.20082,22.22072],[114.20081,22.22072],[114.2008,22.22072],[114.2008,22.22072],[114.2008,22.22072]]],[[[114.20083,22.22073],[114.20083,22.22073],[114.20083,22.22073],[114.20083,22.22073],[114.20083,22.22073]]],[[[114.20082,22.22074],[114.20082,22.22074],[114.20082,22.22074],[114.20082,22.22074]]],[[[114.20078,22.22077],[114.20078,22.22077],[114.20078,22.22077],[114.20079,22.22076],[114.20078,22.22077]]],[[[114.20079,22.22079],[114.20079,22.22079],[114.20079,22.22079],[114.20079,22.22078],[114.20079,22.22079]]],[[[114.20082,22.22081],[114.20082,22.22081],[114.20082,22.22081],[114.20082,22.22081]]],[[[114.20085,22.22083],[114.20085,22.22083],[114.20085,22.22083],[114.20085,22.22083],[114.20085,22.22083]]],[[[114.20086,22.22086],[114.20086,22.22086],[114.20086,22.22086],[114.20086,22.22086]]],[[[114.20087,22.22086],[114.20087,22.22086],[114.20087,22.22086],[114.20087,22.22086],[114.20086,22.22086],[114.20087,22.22086]]],[[[114.20089,22.22088],[114.20089,22.22088],[114.20089,22.22088],[114.20089,22.22088],[114.20089,22.22088],[114.20088,22.22088],[114.20089,22.22088]]],[[[114.2009,22.2209],[114.2009,22.2209],[114.2009,22.2209],[114.20089,22.22089],[114.2009,22.2209]]],[[[114.2009,22.22091],[114.2009,22.22091],[114.2009,22.22091],[114.2009,22.22091],[114.2009,22.22091]]],[[[114.2009,22.22094],[114.2009,22.22094],[114.2009,22.22094],[114.2009,22.22094],[114.2009,22.22094]]],[[[114.22209,22.20753],[114.22281,22.20738],[114.22377,22.20651],[114.22358,22.2064],[114.22332,22.20638],[114.22327,22.20652],[114.22311,22.20654],[114.22289,22.20641],[114.2227,22.20665],[114.22254,22.2067],[114.22187,22.20727],[114.22189,22.20739],[114.22208,22.20753],[114.22209,22.20753]]],[[[114.21306,22.21616],[114.21313,22.21616],[114.21307,22.21606],[114.213,22.21612],[114.21306,22.21617],[114.21306,22.21616]]],[[[114.22138,22.21629],[114.22136,22.2161],[114.22124,22.21624],[114.22136,22.2163],[114.22138,22.21629]]],[[[114.21305,22.21645],[114.21292,22.21625],[114.21303,22.21645],[114.21305,22.21645]]]]}},{"type":"Feature","id":"FEAT-TPU-251-256","properties":{"id":"FEAT-TPU-251-256","micro_district":"九龙站及柯士甸","micro_district_en":"Kowloon Station & Austin","main_area":"九龙西（油尖旺）","color":"#dc2626"},"geometry":{"type":"Polygon","coordinates":[[[114.16206,22.30036],[114.16022,22.30021],[114.15903,22.29979],[114.15904,22.29971],[114.15856,22.29934],[114.15799,22.2986],[114.15529,22.29862],[114.15475,22.299],[114.1543,22.29954],[114.15431,22.30188],[114.15452,22.30245],[114.15484,22.30285],[114.15487,22.30407],[114.1548,22.30436],[114.15467,22.30451],[114.1542,22.30466],[114.15414,22.3048],[114.15422,22.30485],[114.1545,22.30479],[114.15491,22.30449],[114.15505,22.30406],[114.15504,22.3034],[114.15719,22.3034],[114.15992,22.30703],[114.15992,22.30768],[114.16385,22.30657],[114.16701,22.30596],[114.16715,22.30536],[114.16768,22.30447],[114.16805,22.30319],[114.16808,22.30273],[114.16797,22.30196],[114.16809,22.30114],[114.16686,22.30099],[114.16687,22.30089],[114.1663,22.30085],[114.16583,22.30057],[114.16577,22.30064],[114.16623,22.30093],[114.1622,22.30038],[114.16206,22.30036]]]}},{"type":"Feature","id":"FEAT-TPU-252-253-254","properties":{"id":"FEAT-TPU-252-253-254","micro_district":"奥运及大角咀","micro_district_en":"Olympic & Tai Kok Tsui","main_area":"九龙西（油尖旺）","color":"#dc2626"},"geometry":{"type":"Polygon","coordinates":[[[114.16088,22.30741],[114.15992,22.30768],[114.15992,22.31553],[114.15938,22.31683],[114.15504,22.31683],[114.15506,22.31581],[114.1549,22.31576],[114.15494,22.32104],[114.15416,22.32229],[114.15367,22.32267],[114.15263,22.3215],[114.15209,22.32189],[114.15313,22.32309],[114.15273,22.3234],[114.15312,22.32344],[114.15349,22.32368],[114.15482,22.3252],[114.15685,22.32297],[114.15767,22.32183],[114.15795,22.32196],[114.15839,22.32198],[114.15861,22.32207],[114.15891,22.32252],[114.15906,22.32298],[114.159,22.32365],[114.15808,22.32448],[114.15837,22.32476],[114.15906,22.32499],[114.15906,22.32418],[114.15995,22.32418],[114.15995,22.32251],[114.15975,22.32251],[114.15981,22.32209],[114.15976,22.32008],[114.15981,22.31944],[114.16103,22.31944],[114.1611,22.31939],[114.16125,22.31917],[114.16119,22.31811],[114.16126,22.31794],[114.16324,22.31865],[114.16613,22.31877],[114.16775,22.30883],[114.16752,22.30796],[114.1656,22.30839],[114.16533,22.30717],[114.1672,22.30671],[114.167,22.30596],[114.16385,22.30657],[114.16088,22.30741],[114.16088,22.30741]]]}},{"type":"Feature","id":"FEAT-TPU-255-269","properties":{"id":"FEAT-TPU-255-269","micro_district":"南昌及西九龙海滨","micro_district_en":"Nam Cheong & West Kowloon Waterfront","main_area":"九龙西（油尖旺）","color":"#dc2626"},"geometry":{"type":"Polygon","coordinates":[[[114.15466,22.32495],[114.15335,22.32356],[114.15312,22.32344],[114.15273,22.3234],[114.15242,22.32363],[114.15205,22.32322],[114.15197,22.32328],[114.15235,22.3237],[114.15191,22.32404],[114.15153,22.32362],[114.15145,22.32369],[114.15183,22.3241],[114.1513,22.32451],[114.15116,22.32436],[114.1511,22.32441],[114.15123,22.32456],[114.15034,22.32524],[114.14991,22.32476],[114.14976,22.32488],[114.15019,22.32536],[114.14939,22.326],[114.14896,22.32551],[114.14881,22.32563],[114.14924,22.32611],[114.14852,22.32667],[114.14457,22.32897],[114.14433,22.32861],[114.14465,22.32837],[114.1443,22.32858],[114.14422,22.32845],[114.14457,22.32825],[114.14453,22.32819],[114.14418,22.32839],[114.14408,22.32825],[114.14443,22.32805],[114.14406,22.32822],[114.14383,22.32788],[114.14412,22.32771],[114.1441,22.32766],[114.1438,22.32783],[114.14372,22.32772],[114.14405,22.32747],[114.14367,22.32763],[114.14359,22.32752],[114.14391,22.32728],[114.14357,22.32748],[114.14351,22.32739],[114.14365,22.32726],[114.14311,22.32757],[114.14303,22.32745],[114.14357,22.32714],[114.14338,22.32719],[114.14302,22.32667],[114.14364,22.32631],[114.14359,22.32624],[114.1429,22.32663],[114.14303,22.32684],[114.14134,22.32782],[114.14054,22.32664],[114.1399,22.32693],[114.13932,22.32701],[114.13861,22.32687],[114.13806,22.32653],[114.13772,22.32656],[114.13779,22.32681],[114.13859,22.32758],[114.13981,22.32843],[114.14165,22.32949],[114.14347,22.33028],[114.14456,22.33101],[114.14493,22.33593],[114.14558,22.33516],[114.14588,22.335],[114.14634,22.33493],[114.14682,22.33501],[114.14856,22.33568],[114.14919,22.33574],[114.14967,22.33564],[114.15014,22.33526],[114.15038,22.33486],[114.15081,22.33371],[114.15116,22.33328],[114.15777,22.32812],[114.156,22.32615],[114.15771,22.32484],[114.159,22.32365],[114.15906,22.32298],[114.15891,22.32252],[114.15867,22.32214],[114.15851,22.32201],[114.15795,22.32196],[114.15767,22.32183],[114.15685,22.32297],[114.15482,22.3252],[114.15466,22.32495]]]}},{"type":"Feature","id":"FEAT-S-SC-10","properties":{"id":"FEAT-S-SC-10","micro_district":"昂船洲","micro_district_en":"Stonecutters Island","main_area":"九龙西北（深水埗区）","color":"#0d9488"},"geometry":{"type":"MultiPolygon","coordinates":[[[[114.14619,22.32803],[114.14563,22.32835],[114.14624,22.328],[114.14619,22.32803]]],[[[114.14559,22.32838],[114.14558,22.32839],[114.14559,22.32838],[114.14561,22.32837],[114.14559,22.32838]]],[[[114.14552,22.32842],[114.14457,22.32897],[114.14553,22.32841],[114.14552,22.32842]]],[[[114.14418,22.32838],[114.14408,22.32825],[114.14418,22.32839],[114.14418,22.32838]]],[[[114.14372,22.32772],[114.14372,22.32772],[114.14373,22.32773],[114.14372,22.32772]]],[[[114.14348,22.32735],[114.14341,22.32724],[114.14303,22.32745],[114.14311,22.32757],[114.14348,22.32735],[114.14348,22.32735]]],[[[114.14359,22.32624],[114.1429,22.32663],[114.14303,22.32684],[114.14247,22.32716],[114.14303,22.32684],[114.1429,22.32663],[114.14359,22.32624],[114.14359,22.32624]]],[[[114.14134,22.32782],[114.14134,22.32782],[114.14141,22.32778],[114.14134,22.32782]]],[[[114.14054,22.32664],[114.14348,22.32501],[114.14275,22.32464],[114.14219,22.32423],[114.1412,22.32331],[114.14187,22.3227],[114.14232,22.32314],[114.14243,22.32304],[114.14197,22.3226],[114.14312,22.32153],[114.14373,22.3221],[114.14311,22.32268],[114.14323,22.32279],[114.14385,22.32221],[114.14441,22.32273],[114.14384,22.32328],[114.14395,22.32339],[114.14439,22.32297],[114.14541,22.32392],[114.14588,22.32366],[114.14682,22.32335],[114.14719,22.32251],[114.1474,22.32228],[114.14756,22.32192],[114.14754,22.32165],[114.14739,22.32139],[114.14638,22.32103],[114.14564,22.32056],[114.14502,22.3199],[114.14499,22.31971],[114.14447,22.31919],[114.14426,22.31876],[114.14431,22.31823],[114.14447,22.31798],[114.14408,22.31726],[114.14426,22.31711],[114.14386,22.31671],[114.14367,22.31687],[114.14353,22.31672],[114.14321,22.31676],[114.14307,22.31655],[114.14298,22.31604],[114.14284,22.31575],[114.14243,22.31529],[114.14226,22.31528],[114.14212,22.31543],[114.14205,22.31538],[114.14207,22.31546],[114.14195,22.31562],[114.14181,22.31562],[114.14179,22.31583],[114.14107,22.3164],[114.14055,22.31728],[114.14012,22.31772],[114.1398,22.31793],[114.1392,22.3181],[114.13921,22.31829],[114.13957,22.31866],[114.13947,22.31934],[114.13922,22.31972],[114.13872,22.32009],[114.13841,22.32012],[114.13804,22.32031],[114.13721,22.32037],[114.13701,22.32023],[114.1367,22.32022],[114.13647,22.3196],[114.13575,22.31991],[114.1355,22.31989],[114.13475,22.31957],[114.1348,22.31948],[114.13467,22.3194],[114.13362,22.3192],[114.13318,22.31877],[114.1327,22.31867],[114.1323,22.31835],[114.13196,22.31833],[114.12946,22.31753],[114.12163,22.32152],[114.12133,22.3224],[114.12258,22.32384],[114.1354,22.32761],[114.13446,22.33038],[114.13412,22.33054],[114.12671,22.32837],[114.12429,22.33552],[114.13228,22.33786],[114.133,22.33682],[114.13377,22.33597],[114.13473,22.33516],[114.13569,22.33453],[114.13724,22.33381],[114.14456,22.33101],[114.14347,22.33028],[114.14165,22.32949],[114.13981,22.32843],[114.13859,22.32758],[114.13779,22.32681],[114.13772,22.32656],[114.13806,22.32653],[114.13861,22.32687],[114.13932,22.32701],[114.1399,22.32693],[114.14054,22.32664],[114.14117,22.32758],[114.14054,22.32664]]]]}},{"type":"Feature","id":"OZP-S-I-TCTC-24","properties":{"id":"OZP-S-I-TCTC-24","micro_district":"法定规划区 (S/I-TCTC/24)","micro_district_en":"Statutory Scheme (S/I-TCTC/24)","main_area":"新界其他","color":"#3b82f6"},"geometry":{"type":"Polygon","coordinates":[[[113.95752,22.29571],[113.9581,22.29431],[113.95673,22.29315],[113.95622,22.29312],[113.95556,22.29323],[113.95597,22.29259],[113.95579,22.29212],[113.95512,22.29227],[113.95498,22.292],[113.95476,22.29181],[113.95446,22.29171],[113.95416,22.29173],[113.95435,22.29141],[113.95428,22.29123],[113.95274,22.29047],[113.95327,22.29021],[113.95344,22.28978],[113.95344,22.28933],[113.95252,22.28869],[113.95187,22.28858],[113.95176,22.28864],[113.95176,22.28874],[113.95052,22.28897],[113.95078,22.28783],[113.94958,22.2878],[113.94875,22.28765],[113.94788,22.28734],[113.94708,22.28687],[113.94701,22.2868],[113.94704,22.28647],[113.94718,22.28622],[113.94698,22.28542],[113.94712,22.28516],[113.94674,22.2851],[113.94654,22.28485],[113.94604,22.28469],[113.94616,22.28435],[113.94588,22.28439],[113.94576,22.28422],[113.94551,22.2841],[113.94538,22.28345],[113.94491,22.28349],[113.94442,22.28293],[113.9444,22.28277],[113.94409,22.2828],[113.94405,22.28298],[113.94373,22.2828],[113.94433,22.28254],[113.94414,22.28224],[113.94347,22.28216],[113.94305,22.28184],[113.94289,22.28196],[113.9426,22.28178],[113.94251,22.28163],[113.94249,22.28133],[113.94277,22.28091],[113.94272,22.28035],[113.94374,22.27992],[113.94449,22.27907],[113.94482,22.27813],[113.94493,22.27811],[113.94523,22.27831],[113.94596,22.27828],[113.94535,22.27805],[113.94514,22.27782],[113.94501,22.27764],[113.94511,22.27732],[113.9455,22.27718],[113.9455,22.27707],[113.9453,22.27692],[113.94548,22.27674],[113.94598,22.27666],[113.94621,22.27679],[113.94607,22.27648],[113.94579,22.27621],[113.94582,22.27607],[113.94614,22.27604],[113.94716,22.27572],[113.94718,22.27549],[113.94693,22.2753],[113.94706,22.27525],[113.94725,22.2753],[113.94748,22.27499],[113.94792,22.27471],[113.94795,22.27445],[113.94809,22.27416],[113.9481,22.27387],[113.94834,22.27342],[113.94846,22.27338],[113.94852,22.27291],[113.9484,22.27266],[113.94846,22.27238],[113.94921,22.27259],[113.95078,22.27334],[113.95109,22.27342],[113.95144,22.27339],[113.9523,22.27311],[113.95203,22.27274],[113.94908,22.27074],[113.94847,22.26985],[113.94822,22.2693],[113.94792,22.26943],[113.94751,22.26992],[113.94734,22.26994],[113.94737,22.27005],[113.94711,22.27092],[113.9472,22.27181],[113.94705,22.2721],[113.94677,22.27202],[113.94658,22.27213],[113.94679,22.27243],[113.94671,22.27251],[113.94667,22.27285],[113.94614,22.27342],[113.94581,22.27398],[113.945,22.27457],[113.94458,22.275],[113.94433,22.27507],[113.94397,22.27491],[113.94385,22.27475],[113.9435,22.27456],[113.94324,22.27406],[113.94303,22.27435],[113.94264,22.27465],[113.94252,22.27518],[113.94227,22.27531],[113.9419,22.27516],[113.94167,22.27529],[113.94133,22.27499],[113.93987,22.27482],[113.9398,22.27456],[113.93949,22.27429],[113.93931,22.27399],[113.93915,22.27428],[113.93899,22.27438],[113.93874,22.27433],[113.93852,22.274],[113.93836,22.27394],[113.93806,22.274],[113.93793,22.27419],[113.93727,22.2745],[113.93687,22.27458],[113.93719,22.27406],[113.93685,22.27379],[113.9369,22.27339],[113.93621,22.27266],[113.93613,22.27242],[113.9363,22.27207],[113.9363,22.27169],[113.93559,22.27042],[113.93563,22.27029],[113.93591,22.27006],[113.93589,22.26982],[113.93605,22.26929],[113.9362,22.26917],[113.93389,22.26832],[113.93306,22.26975],[113.93305,22.27],[113.93344,22.27108],[113.93346,22.27157],[113.93296,22.27276],[113.93281,22.27294],[113.93271,22.27381],[113.93242,22.27436],[113.93268,22.27483],[113.93119,22.2753],[113.93154,22.27628],[113.93139,22.27636],[113.93136,22.27652],[113.93159,22.27693],[113.93168,22.27729],[113.93165,22.27826],[113.93146,22.27833],[113.93144,22.27851],[113.93173,22.27881],[113.9337,22.27919],[113.93351,22.2797],[113.93358,22.27974],[113.93368,22.27939],[113.93381,22.27927],[113.93399,22.27935],[113.93382,22.27992],[113.93373,22.28062],[113.93334,22.28177],[113.93314,22.2821],[113.933,22.28278],[113.93312,22.28295],[113.93334,22.283],[113.93352,22.28352],[113.93371,22.28373],[113.93393,22.28386],[113.93411,22.28372],[113.93442,22.2838],[113.93446,22.28388],[113.93435,22.28396],[113.93436,22.28411],[113.93472,22.2844],[113.93484,22.28438],[113.9355,22.28471],[113.93567,22.28492],[113.93553,22.28509],[113.93573,22.28542],[113.9358,22.28539],[113.93598,22.28558],[113.93617,22.2856],[113.9365,22.28545],[113.93642,22.28504],[113.93648,22.28507],[113.93669,22.2854],[113.93658,22.28554],[113.93676,22.28549],[113.93678,22.28559],[113.93667,22.28571],[113.93609,22.2858],[113.93654,22.28601],[113.93704,22.28565],[113.93716,22.28541],[113.93692,22.28436],[113.93697,22.28434],[113.93725,22.28543],[113.93715,22.28569],[113.93682,22.28608],[113.93621,22.28611],[113.93575,22.28599],[113.93565,22.28585],[113.93522,22.2857],[113.93511,22.28545],[113.93518,22.28578],[113.93478,22.28607],[113.93451,22.28591],[113.93451,22.2857],[113.93435,22.28529],[113.93449,22.28592],[113.93473,22.28616],[113.93408,22.28624],[113.93409,22.28632],[113.9346,22.28627],[113.93477,22.28673],[113.93512,22.28711],[113.93503,22.28731],[113.93521,22.28739],[113.93523,22.28752],[113.93549,22.28765],[113.93542,22.2878],[113.9364,22.28849],[113.93653,22.28895],[113.93654,22.29023],[113.9367,22.29062],[113.94015,22.29382],[113.94037,22.29385],[113.94025,22.29454],[113.94045,22.29456],[113.94052,22.29387],[113.94392,22.29427],[113.94404,22.2934],[113.95243,22.29436],[113.95241,22.29454],[113.95395,22.29483],[113.95507,22.29549],[113.95525,22.29526],[113.95718,22.29643],[113.9575,22.29575],[113.95752,22.29571]]]}},{"type":"Feature","id":"OZP-S-H9-18","properties":{"id":"OZP-S-H9-18","micro_district":"西湾河 / 筲箕湾及阿公岩","micro_district_en":"Statutory Scheme (S/H9/18)","main_area":"港岛东区","color":"#059669"},"geometry":{"type":"Polygon","coordinates":[[[114.23456,22.28449],[114.23486,22.28419],[114.23503,22.28405],[114.23509,22.28409],[114.23513,22.28391],[114.23562,22.28362],[114.23592,22.2831],[114.23628,22.2828],[114.23646,22.28249],[114.23676,22.28219],[114.23693,22.28227],[114.23703,22.28218],[114.23703,22.28205],[114.23736,22.28179],[114.23849,22.28139],[114.23907,22.28104],[114.23743,22.27932],[114.23714,22.27937],[114.23688,22.27905],[114.23686,22.27873],[114.23676,22.27863],[114.23642,22.27856],[114.23627,22.27812],[114.23596,22.2776],[114.23596,22.27732],[114.23455,22.27604],[114.23441,22.27411],[114.2343,22.27376],[114.23406,22.27381],[114.23382,22.27367],[114.23346,22.27438],[114.23334,22.27434],[114.23313,22.27453],[114.23255,22.27468],[114.23206,22.2741],[114.23219,22.27373],[114.23199,22.27343],[114.23149,22.27382],[114.23117,22.27428],[114.23099,22.27423],[114.23091,22.27446],[114.23031,22.27433],[114.22943,22.27465],[114.22917,22.27467],[114.22842,22.27439],[114.22771,22.27444],[114.2273,22.27434],[114.22522,22.27278],[114.22476,22.27273],[114.22314,22.27347],[114.22251,22.27402],[114.22122,22.27389],[114.22082,22.274],[114.22061,22.27419],[114.22065,22.27449],[114.22055,22.27494],[114.2207,22.27556],[114.22046,22.27576],[114.22018,22.27576],[114.22022,22.27609],[114.22012,22.27623],[114.21981,22.27636],[114.21989,22.27659],[114.21978,22.27686],[114.21934,22.27702],[114.21877,22.27702],[114.21856,22.27679],[114.21753,22.27695],[114.21704,22.27719],[114.21669,22.27768],[114.2165,22.2786],[114.21671,22.28174],[114.21668,22.28235],[114.21681,22.28257],[114.2181,22.28365],[114.2188,22.28385],[114.21941,22.28387],[114.22017,22.28432],[114.22126,22.28294],[114.22208,22.2835],[114.22275,22.28263],[114.2246,22.28428],[114.22473,22.28415],[114.22488,22.28429],[114.22627,22.28302],[114.22933,22.283],[114.23034,22.28306],[114.23131,22.28342],[114.23202,22.28339],[114.23328,22.28364],[114.23344,22.28386],[114.2335,22.28381],[114.23368,22.28401],[114.2338,22.28401],[114.2337,22.28421],[114.23376,22.28431],[114.2341,22.28447],[114.23452,22.2845],[114.23456,22.28449]]]}},{"type":"Feature","id":"OZP-S-H3-34","properties":{"id":"OZP-S-H3-34","micro_district":"西营盘及石塘咀 / 上环","micro_district_en":"Statutory Scheme (S/H3/34)","main_area":"港岛中西区","color":"#7c3aed"},"geometry":{"type":"Polygon","coordinates":[[[114.14738,22.29006],[114.14987,22.28944],[114.15079,22.28835],[114.15061,22.28771],[114.15396,22.28664],[114.15581,22.28557],[114.15634,22.285],[114.15471,22.28382],[114.15515,22.28351],[114.15548,22.28308],[114.15499,22.28245],[114.15585,22.28134],[114.15508,22.28078],[114.15547,22.28019],[114.15548,22.27996],[114.15505,22.27935],[114.15469,22.27917],[114.15453,22.27889],[114.15431,22.27908],[114.15421,22.27979],[114.1541,22.28],[114.15234,22.28102],[114.15047,22.2827],[114.15022,22.2828],[114.14958,22.28284],[114.1489,22.2831],[114.14836,22.28301],[114.14779,22.28328],[114.14727,22.28368],[114.14647,22.28365],[114.14609,22.28396],[114.14588,22.28474],[114.14565,22.2849],[114.14477,22.28489],[114.1446,22.28478],[114.14436,22.28431],[114.14417,22.28421],[114.14239,22.28446],[114.14124,22.2848],[114.14112,22.28475],[114.14087,22.28434],[114.1404,22.28408],[114.13961,22.28426],[114.13898,22.28392],[114.13866,22.28406],[114.1383,22.28471],[114.1375,22.28477],[114.13729,22.28465],[114.13651,22.28358],[114.13603,22.28429],[114.13577,22.28438],[114.13591,22.28526],[114.13514,22.28577],[114.1354,22.28684],[114.1331,22.28733],[114.1327,22.2872],[114.13242,22.28682],[114.13209,22.28803],[114.13232,22.28824],[114.13473,22.28789],[114.13445,22.28884],[114.13173,22.28923],[114.13176,22.28953],[114.13435,22.28914],[114.13512,22.28934],[114.13502,22.28968],[114.13516,22.28972],[114.13526,22.28937],[114.13596,22.28955],[114.13586,22.2899],[114.136,22.28993],[114.1361,22.28958],[114.13698,22.28981],[114.13689,22.29016],[114.13703,22.29019],[114.13713,22.28984],[114.13832,22.29014],[114.13822,22.29049],[114.13836,22.29052],[114.13847,22.29018],[114.13884,22.29027],[114.13874,22.29062],[114.13883,22.29064],[114.13893,22.2903],[114.14044,22.29066],[114.14558,22.2905],[114.14628,22.29033],[114.14738,22.29006]]]}},{"type":"Feature","id":"OZP-S-H21-28","properties":{"id":"OZP-S-H21-28","micro_district":"鲗鱼涌及太古","micro_district_en":"Statutory Scheme (S/H21/28)","main_area":"港岛东区","color":"#059669"},"geometry":{"type":"Polygon","coordinates":[[[114.21962,22.28934],[114.22221,22.28822],[114.22453,22.28605],[114.22511,22.28649],[114.22522,22.28635],[114.22475,22.28584],[114.22531,22.28532],[114.22586,22.28576],[114.226,22.28561],[114.22561,22.28524],[114.22576,22.28511],[114.22473,22.28415],[114.2246,22.28428],[114.22275,22.28263],[114.22208,22.2835],[114.22126,22.28294],[114.22017,22.28432],[114.21941,22.28387],[114.2188,22.28385],[114.21798,22.2836],[114.21674,22.2825],[114.21666,22.28227],[114.21671,22.28174],[114.2165,22.2786],[114.21655,22.27815],[114.21676,22.27753],[114.21701,22.27722],[114.21738,22.277],[114.21787,22.27688],[114.21773,22.27668],[114.21786,22.27638],[114.21783,22.27622],[114.21722,22.2755],[114.21684,22.27482],[114.2165,22.27459],[114.21683,22.27445],[114.21758,22.27442],[114.21793,22.27403],[114.21785,22.27395],[114.21745,22.27389],[114.21732,22.27369],[114.21704,22.27394],[114.21677,22.274],[114.21655,22.27374],[114.2166,22.27346],[114.21686,22.2732],[114.21685,22.27295],[114.21699,22.27274],[114.21703,22.27218],[114.21715,22.27207],[114.21708,22.27182],[114.21724,22.27156],[114.21722,22.27147],[114.21675,22.27104],[114.21627,22.27111],[114.21618,22.27129],[114.21595,22.27137],[114.21594,22.2716],[114.21558,22.27186],[114.215,22.27198],[114.21493,22.27184],[114.21501,22.27164],[114.21487,22.27115],[114.21465,22.27102],[114.21447,22.2707],[114.21451,22.27049],[114.21443,22.27022],[114.2142,22.26982],[114.21397,22.26981],[114.21377,22.26961],[114.21365,22.26989],[114.21338,22.27014],[114.21315,22.27013],[114.21292,22.26999],[114.21291,22.2702],[114.21276,22.27044],[114.21283,22.27085],[114.21278,22.27096],[114.21239,22.27093],[114.21206,22.27079],[114.21201,22.27084],[114.2121,22.27127],[114.2123,22.2715],[114.21212,22.27174],[114.21253,22.2719],[114.2127,22.27212],[114.21234,22.27308],[114.21205,22.27324],[114.21182,22.27299],[114.2116,22.27298],[114.21121,22.27267],[114.21106,22.27267],[114.21113,22.27295],[114.21165,22.2737],[114.21156,22.27413],[114.21123,22.27419],[114.21083,22.27394],[114.21021,22.27404],[114.2099,22.27427],[114.20989,22.27458],[114.20999,22.27469],[114.20998,22.27482],[114.20952,22.27558],[114.20898,22.27573],[114.20867,22.27604],[114.20882,22.27705],[114.20923,22.27719],[114.20918,22.27743],[114.2093,22.27769],[114.21044,22.27727],[114.21059,22.27731],[114.21066,22.27744],[114.21069,22.27776],[114.21039,22.2779],[114.21036,22.27821],[114.21015,22.27839],[114.20979,22.27844],[114.20985,22.27868],[114.2101,22.27883],[114.21013,22.27898],[114.20974,22.27933],[114.20961,22.27963],[114.20982,22.27987],[114.20983,22.27999],[114.20951,22.28064],[114.21,22.28089],[114.20967,22.282],[114.21001,22.28211],[114.20974,22.28245],[114.20951,22.2836],[114.21013,22.28374],[114.2105,22.28364],[114.21078,22.28375],[114.21077,22.284],[114.21092,22.28432],[114.21102,22.28481],[114.21039,22.28545],[114.21014,22.28584],[114.21012,22.28603],[114.2093,22.28695],[114.2075,22.28949],[114.20805,22.28953],[114.2082,22.28971],[114.2082,22.28989],[114.20931,22.29022],[114.209,22.29087],[114.20924,22.29101],[114.20932,22.29118],[114.20931,22.29143],[114.20921,22.29163],[114.20988,22.29211],[114.20968,22.2922],[114.20985,22.29237],[114.21123,22.29198],[114.21539,22.2901],[114.21794,22.28964],[114.21962,22.28934]]]}},{"type":"Feature","id":"OZP-S-I-CC-9","properties":{"id":"OZP-S-I-CC-9","micro_district":"法定规划区 (S/I-CC/9)","micro_district_en":"Statutory Scheme (S/I-CC/9)","main_area":"新界其他","color":"#3b82f6"},"geometry":{"type":"Polygon","coordinates":[[[114.03442,22.22338],[114.03475,22.22329],[114.03478,22.22317],[114.03503,22.22299],[114.03518,22.22263],[114.03556,22.22246],[114.03571,22.22213],[114.03569,22.22142],[114.03549,22.22131],[114.0354,22.22112],[114.0355,22.22119],[114.03552,22.22109],[114.03539,22.22106],[114.03538,22.22095],[114.03546,22.22094],[114.03521,22.22064],[114.0352,22.22042],[114.0351,22.22041],[114.03504,22.22018],[114.03476,22.22002],[114.03462,22.22006],[114.03457,22.22015],[114.03444,22.22011],[114.03444,22.21996],[114.03427,22.21976],[114.03396,22.21963],[114.03401,22.21952],[114.03365,22.21931],[114.03362,22.21935],[114.03356,22.21926],[114.03328,22.21935],[114.03291,22.21913],[114.03272,22.21919],[114.03242,22.21911],[114.03216,22.21868],[114.03221,22.21836],[114.03246,22.2178],[114.03262,22.21776],[114.03283,22.21789],[114.03343,22.21751],[114.03359,22.21754],[114.03353,22.21765],[114.03386,22.21785],[114.03404,22.2179],[114.0343,22.21771],[114.03436,22.21773],[114.03441,22.21794],[114.03458,22.21799],[114.03476,22.21789],[114.03486,22.21799],[114.03567,22.21752],[114.03586,22.21731],[114.03587,22.21716],[114.03464,22.21687],[114.03429,22.21688],[114.03414,22.21705],[114.03392,22.21688],[114.03377,22.21689],[114.0337,22.21698],[114.03368,22.21644],[114.0335,22.21642],[114.03357,22.21633],[114.03336,22.21622],[114.03324,22.21634],[114.03329,22.21616],[114.03304,22.2159],[114.03224,22.21584],[114.03194,22.21599],[114.03179,22.21582],[114.03163,22.21592],[114.03138,22.21589],[114.0306,22.21559],[114.03035,22.21519],[114.03021,22.21515],[114.03025,22.21504],[114.03012,22.21506],[114.03018,22.21501],[114.03009,22.21502],[114.03006,22.2149],[114.02996,22.21492],[114.02973,22.21469],[114.02974,22.21456],[114.02954,22.21447],[114.02926,22.21382],[114.02912,22.21375],[114.029,22.21291],[114.02912,22.21192],[114.02973,22.21066],[114.03009,22.21016],[114.03119,22.20886],[114.03234,22.20795],[114.03342,22.20793],[114.03344,22.20808],[114.0336,22.2081],[114.03369,22.20794],[114.03348,22.20767],[114.03369,22.20743],[114.03383,22.20738],[114.0339,22.2074],[114.03387,22.20746],[114.03398,22.20747],[114.03397,22.20732],[114.03469,22.20706],[114.03534,22.20694],[114.036,22.20735],[114.03619,22.20761],[114.03602,22.20771],[114.03618,22.20769],[114.03629,22.20791],[114.03639,22.2079],[114.03648,22.2081],[114.03656,22.2081],[114.03666,22.20825],[114.0373,22.20837],[114.03737,22.20849],[114.0375,22.2085],[114.03763,22.20863],[114.03784,22.20863],[114.03798,22.20851],[114.03797,22.20869],[114.03815,22.20849],[114.03824,22.20854],[114.03821,22.20865],[114.03837,22.2086],[114.03846,22.2084],[114.03826,22.20837],[114.03825,22.20822],[114.03853,22.20824],[114.03892,22.20809],[114.03912,22.20818],[114.03931,22.20809],[114.03947,22.20814],[114.03961,22.208],[114.03962,22.2079],[114.03943,22.2078],[114.03952,22.20766],[114.0394,22.20755],[114.03946,22.20746],[114.03936,22.20743],[114.03946,22.20737],[114.03939,22.20727],[114.03945,22.20703],[114.03954,22.20698],[114.03951,22.2069],[114.0398,22.20668],[114.03981,22.20659],[114.04007,22.20654],[114.04027,22.20632],[114.04047,22.20635],[114.04054,22.20617],[114.04077,22.20607],[114.04089,22.20587],[114.04116,22.20579],[114.04113,22.20589],[114.04122,22.20587],[114.04125,22.20569],[114.04109,22.20557],[114.04105,22.20541],[114.04098,22.20541],[114.04105,22.2055],[114.04085,22.20527],[114.04066,22.20525],[114.04063,22.20517],[114.04054,22.20521],[114.0406,22.20532],[114.04041,22.20531],[114.04036,22.20522],[114.04032,22.2053],[114.03997,22.2053],[114.03973,22.20513],[114.03957,22.20486],[114.03963,22.20477],[114.03956,22.2048],[114.03947,22.20473],[114.03951,22.20461],[114.03939,22.2045],[114.03967,22.20445],[114.03948,22.20442],[114.03948,22.20433],[114.03931,22.20435],[114.03918,22.20408],[114.03924,22.20404],[114.03928,22.20409],[114.03934,22.20396],[114.03916,22.2039],[114.03925,22.20382],[114.03941,22.20391],[114.0397,22.20381],[114.03925,22.20372],[114.03937,22.20356],[114.03923,22.20343],[114.03933,22.20333],[114.03917,22.20308],[114.03907,22.2031],[114.0389,22.2029],[114.03867,22.20287],[114.03851,22.20273],[114.03798,22.20284],[114.03784,22.20276],[114.03696,22.2027],[114.03672,22.20251],[114.03674,22.20235],[114.03665,22.20223],[114.03671,22.20217],[114.03678,22.20222],[114.0368,22.20203],[114.0367,22.202],[114.03674,22.20186],[114.0366,22.20181],[114.03664,22.20168],[114.03652,22.2016],[114.03653,22.20152],[114.0366,22.20158],[114.03654,22.20147],[114.03658,22.20137],[114.03636,22.20117],[114.03644,22.20105],[114.03662,22.20108],[114.03677,22.2009],[114.03677,22.20078],[114.03665,22.20065],[114.03655,22.20036],[114.03598,22.20017],[114.03563,22.20029],[114.0354,22.20076],[114.03517,22.20084],[114.03514,22.20109],[114.03503,22.20122],[114.03504,22.20129],[114.03511,22.20121],[114.03515,22.20127],[114.03491,22.20153],[114.03504,22.20167],[114.03494,22.2017],[114.03498,22.20181],[114.03464,22.20216],[114.03433,22.20218],[114.03439,22.20214],[114.03433,22.20211],[114.0341,22.20224],[114.03418,22.20228],[114.03411,22.2027],[114.03386,22.20275],[114.03404,22.20301],[114.03379,22.20327],[114.03384,22.20345],[114.03363,22.2035],[114.03359,22.20338],[114.03327,22.20318],[114.03336,22.20314],[114.03314,22.20309],[114.03304,22.2031],[114.0329,22.20334],[114.03279,22.20332],[114.03272,22.20315],[114.03259,22.20307],[114.03248,22.20308],[114.03242,22.20323],[114.03224,22.20316],[114.03209,22.20282],[114.03234,22.20263],[114.03244,22.20227],[114.03239,22.20208],[114.0322,22.20196],[114.03196,22.20202],[114.0319,22.20212],[114.0318,22.20211],[114.03184,22.20205],[114.03176,22.20202],[114.03159,22.20219],[114.03161,22.20227],[114.03107,22.20237],[114.03115,22.20246],[114.03077,22.20235],[114.0306,22.20248],[114.03064,22.20281],[114.03058,22.20285],[114.03033,22.2024],[114.03033,22.20251],[114.03024,22.20245],[114.03022,22.2025],[114.02997,22.20232],[114.02994,22.20257],[114.0298,22.20252],[114.02986,22.20221],[114.02979,22.20195],[114.02961,22.20193],[114.02915,22.20129],[114.02925,22.20121],[114.02916,22.20092],[114.02878,22.20084],[114.02873,22.20089],[114.02851,22.20078],[114.02832,22.20081],[114.0284,22.20085],[114.02836,22.20088],[114.02821,22.20084],[114.02801,22.20056],[114.02832,22.20035],[114.02829,22.20026],[114.02856,22.19978],[114.02854,22.19956],[114.02841,22.19959],[114.02831,22.19939],[114.0282,22.19943],[114.02821,22.19937],[114.02793,22.19934],[114.02776,22.19943],[114.02753,22.19932],[114.02734,22.1994],[114.0273,22.19958],[114.02725,22.19951],[114.02707,22.1996],[114.02697,22.19951],[114.02681,22.1996],[114.02662,22.19954],[114.02653,22.19945],[114.02661,22.19947],[114.02615,22.1991],[114.02627,22.19901],[114.02647,22.19903],[114.02653,22.19891],[114.02648,22.19883],[114.0267,22.19867],[114.02669,22.1985],[114.02676,22.19846],[114.0267,22.19839],[114.02645,22.19838],[114.02633,22.19847],[114.02631,22.19865],[114.02617,22.19856],[114.02612,22.19844],[114.02597,22.19844],[114.02588,22.19835],[114.02565,22.19834],[114.02551,22.19847],[114.02544,22.19845],[114.02566,22.19817],[114.02562,22.19791],[114.02567,22.19785],[114.02507,22.19727],[114.02496,22.19725],[114.02497,22.19717],[114.02472,22.19694],[114.02451,22.19698],[114.02441,22.19684],[114.02419,22.19697],[114.02423,22.19686],[114.02408,22.19682],[114.02414,22.19674],[114.02393,22.19685],[114.02382,22.19661],[114.02358,22.19667],[114.02351,22.19676],[114.02344,22.19672],[114.02349,22.19664],[114.02334,22.19667],[114.02338,22.19673],[114.02325,22.19677],[114.02324,22.19686],[114.02311,22.19675],[114.02301,22.19682],[114.02286,22.19671],[114.0229,22.19663],[114.02279,22.19663],[114.02292,22.1965],[114.02281,22.19647],[114.02264,22.19667],[114.02262,22.19656],[114.02245,22.19653],[114.02244,22.1964],[114.02231,22.19638],[114.02233,22.19626],[114.02219,22.19612],[114.0223,22.19612],[114.02229,22.19607],[114.0221,22.19607],[114.022,22.19593],[114.02175,22.19603],[114.02172,22.1958],[114.02157,22.19575],[114.02141,22.19609],[114.02121,22.19613],[114.02105,22.19651],[114.02114,22.19665],[114.02151,22.19675],[114.02168,22.19696],[114.02177,22.19694],[114.02203,22.1971],[114.022,22.19734],[114.02181,22.1976],[114.02119,22.19782],[114.02082,22.19777],[114.02063,22.19755],[114.02038,22.19757],[114.02038,22.19741],[114.02021,22.19732],[114.01978,22.19748],[114.01949,22.19735],[114.01908,22.19737],[114.01863,22.19779],[114.01818,22.19792],[114.0181,22.19822],[114.01816,22.19869],[114.0185,22.19855],[114.01879,22.19856],[114.0188,22.19869],[114.01891,22.1988],[114.01889,22.19895],[114.01874,22.19888],[114.01849,22.19899],[114.01843,22.19912],[114.01816,22.19909],[114.01819,22.19949],[114.01802,22.19987],[114.01798,22.19976],[114.01788,22.19996],[114.01793,22.20001],[114.01801,22.19993],[114.018,22.20004],[114.01808,22.20007],[114.0178,22.20012],[114.01766,22.2],[114.01757,22.20008],[114.01739,22.20006],[114.01713,22.20023],[114.01731,22.20037],[114.01723,22.20041],[114.01731,22.20051],[114.01724,22.2006],[114.01735,22.20067],[114.01717,22.20084],[114.01718,22.20104],[114.01754,22.20121],[114.01793,22.20127],[114.01802,22.20132],[114.01801,22.20141],[114.01811,22.20132],[114.01838,22.2014],[114.01844,22.20163],[114.01833,22.20202],[114.02079,22.20695],[114.02087,22.20699],[114.02155,22.20685],[114.02052,22.20958],[114.02059,22.20965],[114.02178,22.2097],[114.02266,22.21166],[114.02317,22.21203],[114.02318,22.21225],[114.02325,22.21222],[114.02334,22.21236],[114.02293,22.21285],[114.02215,22.21319],[114.02214,22.21325],[114.0226,22.21409],[114.02294,22.21395],[114.023,22.21406],[114.02297,22.21394],[114.02397,22.2135],[114.02409,22.21352],[114.02532,22.2148],[114.02549,22.21538],[114.02532,22.21594],[114.02575,22.21621],[114.02615,22.21622],[114.0264,22.21656],[114.02654,22.21725],[114.02647,22.2181],[114.02624,22.2183],[114.02599,22.2184],[114.02585,22.21835],[114.02548,22.21851],[114.02543,22.2187],[114.02552,22.21879],[114.0255,22.21926],[114.02578,22.21927],[114.02555,22.21954],[114.02564,22.21963],[114.02574,22.21955],[114.02577,22.21986],[114.02594,22.22016],[114.02605,22.22017],[114.0262,22.22074],[114.02642,22.22096],[114.02641,22.22109],[114.02663,22.22123],[114.02665,22.22147],[114.02679,22.22161],[114.02693,22.22163],[114.02708,22.22152],[114.02735,22.22155],[114.02781,22.22165],[114.02794,22.22184],[114.02803,22.22177],[114.0281,22.22187],[114.02831,22.2218],[114.0287,22.22203],[114.02944,22.22191],[114.02968,22.22205],[114.03023,22.22216],[114.03054,22.2221],[114.03082,22.22192],[114.03115,22.22196],[114.0313,22.22184],[114.03151,22.22188],[114.03177,22.22177],[114.03216,22.22187],[114.03247,22.22206],[114.03271,22.22226],[114.03266,22.22231],[114.03276,22.22233],[114.03275,22.22244],[114.03284,22.22239],[114.03304,22.2225],[114.03357,22.22312],[114.03406,22.22333],[114.03441,22.22338],[114.03442,22.22338]]]}},{"type":"Feature","id":"OZP-S-I-SKC-2","properties":{"id":"OZP-S-I-SKC-2","micro_district":"法定规划区 (S/I-SKC/2)","micro_district_en":"Statutory Scheme (S/I-SKC/2)","main_area":"新界其他","color":"#3b82f6"},"geometry":{"type":"Polygon","coordinates":[[[113.98745,22.20217],[113.9876,22.20209],[113.98774,22.20192],[113.98773,22.20182],[113.98788,22.20173],[113.98803,22.20178],[113.98817,22.20173],[113.98819,22.20184],[113.98849,22.20206],[113.98869,22.202],[113.98901,22.2021],[113.98919,22.20199],[113.98938,22.20203],[113.98967,22.20189],[113.98964,22.20165],[113.98975,22.20153],[113.98988,22.20163],[113.9901,22.20161],[113.99019,22.20153],[113.99028,22.2016],[113.99045,22.20152],[113.99041,22.20143],[113.99074,22.20124],[113.99099,22.20087],[113.99089,22.20077],[113.99094,22.20068],[113.99087,22.20061],[113.99093,22.20054],[113.99084,22.20011],[113.99077,22.20015],[113.9907,22.20004],[113.99076,22.19981],[113.9911,22.19971],[113.99128,22.19954],[113.99148,22.19956],[113.99164,22.19945],[113.99159,22.19935],[113.99188,22.1993],[113.99218,22.19908],[113.9922,22.19898],[113.99209,22.19891],[113.99203,22.19874],[113.99194,22.19877],[113.99185,22.19868],[113.99192,22.19862],[113.99186,22.19858],[113.99192,22.19846],[113.99195,22.19854],[113.99202,22.19823],[113.99213,22.1982],[113.99216,22.19747],[113.9925,22.19743],[113.99242,22.19735],[113.99248,22.19728],[113.9924,22.19724],[113.99249,22.1972],[113.99247,22.1971],[113.99233,22.19708],[113.99225,22.19691],[113.99202,22.19699],[113.992,22.19687],[113.99197,22.197],[113.99187,22.19696],[113.99175,22.19683],[113.99174,22.19668],[113.99145,22.19669],[113.99148,22.1966],[113.99142,22.19656],[113.99159,22.19647],[113.99165,22.19627],[113.99158,22.19611],[113.99162,22.19601],[113.99156,22.19602],[113.99156,22.19589],[113.99139,22.19562],[113.99144,22.19556],[113.99129,22.1954],[113.99117,22.195],[113.99166,22.19495],[113.99192,22.19458],[113.99194,22.19439],[113.99212,22.19431],[113.99235,22.19437],[113.99237,22.19454],[113.99283,22.19502],[113.99275,22.19511],[113.99264,22.19508],[113.99273,22.19516],[113.99294,22.19495],[113.99311,22.19515],[113.99362,22.19522],[113.99384,22.19516],[113.99387,22.19508],[113.99411,22.19506],[113.99437,22.19482],[113.99454,22.19477],[113.9946,22.19447],[113.99491,22.19427],[113.99486,22.19401],[113.99498,22.19388],[113.99486,22.19369],[113.99499,22.19343],[113.99463,22.19324],[113.99477,22.19315],[113.99448,22.19274],[113.99437,22.19273],[113.99424,22.19288],[113.99459,22.19202],[113.9945,22.19162],[113.99435,22.19149],[113.99437,22.19139],[113.99427,22.19138],[113.99423,22.19117],[113.99438,22.19103],[113.99397,22.19058],[113.99407,22.19053],[113.99378,22.19038],[113.9939,22.19023],[113.99373,22.19034],[113.99366,22.19022],[113.99337,22.19018],[113.99271,22.18972],[113.99266,22.18978],[113.99265,22.18966],[113.99243,22.18971],[113.99204,22.1895],[113.99196,22.18953],[113.99189,22.18939],[113.992,22.18938],[113.99201,22.1893],[113.99188,22.18926],[113.9918,22.18934],[113.99161,22.1892],[113.99148,22.18926],[113.99122,22.18914],[113.99114,22.18908],[113.99119,22.18902],[113.99107,22.18905],[113.99109,22.18894],[113.99097,22.18884],[113.99075,22.18875],[113.99085,22.1886],[113.99049,22.18867],[113.99016,22.18836],[113.99002,22.18842],[113.98989,22.18836],[113.98983,22.1885],[113.98969,22.1885],[113.98963,22.18791],[113.98891,22.18732],[113.98865,22.18719],[113.98829,22.18716],[113.98705,22.18735],[113.98361,22.18758],[113.98303,22.18772],[113.98199,22.18817],[113.98115,22.18882],[113.9807,22.18965],[113.98063,22.19055],[113.98077,22.19062],[113.98289,22.19037],[113.98492,22.19202],[113.98481,22.19215],[113.98489,22.19221],[113.98483,22.19219],[113.98487,22.1923],[113.98476,22.19233],[113.98471,22.19265],[113.98439,22.19256],[113.98436,22.19261],[113.98387,22.19255],[113.98379,22.19275],[113.98367,22.19284],[113.9834,22.19287],[113.98322,22.193],[113.98321,22.19324],[113.98307,22.19343],[113.9828,22.19369],[113.98278,22.19358],[113.98262,22.19365],[113.98271,22.1937],[113.98249,22.19385],[113.9824,22.19409],[113.98231,22.19412],[113.98255,22.19492],[113.98253,22.19507],[113.98239,22.19512],[113.98251,22.19523],[113.98239,22.19556],[113.98249,22.19575],[113.98245,22.19588],[113.98252,22.19597],[113.98265,22.19594],[113.98275,22.19606],[113.98267,22.19614],[113.9828,22.19632],[113.98272,22.19637],[113.98282,22.19639],[113.98283,22.19681],[113.983,22.19711],[113.983,22.19732],[113.98292,22.19739],[113.98298,22.19755],[113.98294,22.1975],[113.98288,22.19756],[113.98305,22.19758],[113.98298,22.19773],[113.98312,22.19778],[113.98305,22.19777],[113.98304,22.19784],[113.98327,22.19794],[113.98328,22.19814],[113.98355,22.19829],[113.98351,22.19847],[113.98366,22.19866],[113.98376,22.19864],[113.98387,22.1989],[113.98402,22.19894],[113.98402,22.19909],[113.98417,22.19904],[113.98454,22.19913],[113.98487,22.19946],[113.98479,22.19965],[113.98493,22.2001],[113.98502,22.20012],[113.9851,22.20029],[113.98511,22.20044],[113.98648,22.20116],[113.98686,22.20186],[113.98708,22.20199],[113.98707,22.20209],[113.98716,22.20201],[113.98745,22.20218],[113.98745,22.20217]]]}},{"type":"Feature","id":"OZP-S-I-PTI-2","properties":{"id":"OZP-S-I-PTI-2","micro_district":"法定规划区 (S/I-PTI/2)","micro_district_en":"Statutory Scheme (S/I-PTI/2)","main_area":"新界其他","color":"#3b82f6"},"geometry":{"type":"MultiPolygon","coordinates":[[[[114.26612,22.1809],[114.26635,22.18082],[114.26645,22.18067],[114.26634,22.18067],[114.2664,22.1806],[114.26663,22.18055],[114.26687,22.18018],[114.26683,22.17999],[114.26709,22.1795],[114.26704,22.17944],[114.26719,22.17898],[114.26721,22.17855],[114.26736,22.17865],[114.26776,22.17865],[114.26797,22.17884],[114.268,22.17879],[114.26792,22.17873],[114.26811,22.17863],[114.26824,22.17844],[114.26818,22.17839],[114.26818,22.17805],[114.26823,22.17804],[114.26818,22.17789],[114.26827,22.17776],[114.26836,22.17803],[114.26886,22.17809],[114.26862,22.17813],[114.26862,22.1782],[114.2691,22.1782],[114.26943,22.17784],[114.2698,22.17716],[114.26987,22.17712],[114.26986,22.17746],[114.27005,22.17741],[114.27015,22.17748],[114.27014,22.17719],[114.27036,22.17722],[114.27053,22.17706],[114.27091,22.17698],[114.27111,22.17675],[114.27103,22.17675],[114.27109,22.1764],[114.27141,22.17609],[114.27155,22.17611],[114.27178,22.1755],[114.27172,22.17445],[114.27185,22.17446],[114.27187,22.17434],[114.27161,22.17402],[114.2718,22.17402],[114.27189,22.17391],[114.27206,22.17398],[114.27218,22.17393],[114.27209,22.17386],[114.2722,22.17353],[114.2725,22.17332],[114.27262,22.17296],[114.27257,22.1729],[114.27277,22.17265],[114.2726,22.17207],[114.27223,22.17138],[114.272,22.17119],[114.27202,22.1711],[114.27186,22.17089],[114.27168,22.17083],[114.2715,22.17065],[114.27158,22.17042],[114.27146,22.1697],[114.27156,22.16955],[114.27143,22.16909],[114.2715,22.16908],[114.27161,22.16927],[114.27174,22.16925],[114.27181,22.1691],[114.27171,22.1689],[114.27182,22.16882],[114.27186,22.16887],[114.2721,22.1688],[114.27252,22.16801],[114.27303,22.16773],[114.27327,22.16749],[114.27319,22.16729],[114.27306,22.16721],[114.27282,22.16722],[114.27256,22.16709],[114.27272,22.16706],[114.27301,22.16682],[114.27311,22.16653],[114.27303,22.16623],[114.2731,22.16612],[114.27345,22.16618],[114.27366,22.16607],[114.27379,22.1659],[114.2738,22.16568],[114.27391,22.16558],[114.27385,22.1655],[114.27379,22.16559],[114.27378,22.16535],[114.27388,22.16511],[114.27405,22.16502],[114.27371,22.16396],[114.27401,22.16383],[114.27406,22.16372],[114.27421,22.16374],[114.27437,22.16362],[114.27433,22.16351],[114.27442,22.16346],[114.27436,22.16329],[114.27454,22.16323],[114.2745,22.16283],[114.27415,22.16239],[114.27376,22.1624],[114.27362,22.16247],[114.27364,22.16256],[114.27283,22.16234],[114.27263,22.16236],[114.27268,22.16245],[114.27202,22.16229],[114.27206,22.1624],[114.27219,22.16247],[114.27212,22.16259],[114.27193,22.16262],[114.27169,22.16239],[114.27098,22.1622],[114.27059,22.1623],[114.26999,22.1629],[114.27004,22.16246],[114.26991,22.16213],[114.26987,22.16218],[114.2693,22.16207],[114.26906,22.16215],[114.26915,22.16222],[114.26908,22.1623],[114.26914,22.16238],[114.26894,22.16232],[114.26901,22.16246],[114.26888,22.16256],[114.26886,22.16293],[114.26878,22.16301],[114.26802,22.16244],[114.26773,22.16246],[114.26746,22.16258],[114.26723,22.16231],[114.26704,22.16225],[114.26679,22.1624],[114.26682,22.16253],[114.2666,22.16245],[114.26666,22.16259],[114.26631,22.16251],[114.26622,22.16257],[114.26639,22.16316],[114.2664,22.16341],[114.26624,22.16338],[114.26617,22.1637],[114.26634,22.16449],[114.26605,22.16466],[114.26587,22.16454],[114.26563,22.16422],[114.26554,22.16425],[114.26513,22.16411],[114.2649,22.16415],[114.26483,22.16469],[114.26474,22.16472],[114.26444,22.16414],[114.26365,22.16326],[114.26288,22.16217],[114.2622,22.16159],[114.26184,22.16117],[114.26138,22.16085],[114.261,22.16037],[114.26001,22.15991],[114.26002,22.15979],[114.26022,22.15973],[114.26091,22.15975],[114.26106,22.15954],[114.26136,22.15949],[114.26147,22.15921],[114.26146,22.15892],[114.26087,22.15822],[114.26072,22.15824],[114.26015,22.15791],[114.25994,22.15775],[114.25999,22.15771],[114.25993,22.15763],[114.25976,22.15758],[114.25877,22.15681],[114.25841,22.15667],[114.25858,22.15667],[114.25853,22.15649],[114.25841,22.15651],[114.25774,22.15616],[114.25753,22.15618],[114.25752,22.15606],[114.25731,22.15599],[114.25639,22.15602],[114.25664,22.1559],[114.25648,22.15586],[114.25629,22.15565],[114.25518,22.15528],[114.25494,22.15544],[114.255,22.15555],[114.25531,22.15582],[114.25526,22.15586],[114.2554,22.15602],[114.2555,22.15597],[114.25575,22.15629],[114.25608,22.15638],[114.25602,22.15648],[114.25576,22.15645],[114.25574,22.15656],[114.25582,22.1566],[114.25566,22.15667],[114.25586,22.15677],[114.25587,22.15698],[114.256,22.15717],[114.25634,22.15742],[114.25616,22.15746],[114.25626,22.15766],[114.25647,22.15785],[114.2568,22.15781],[114.25669,22.15791],[114.2567,22.15806],[114.25696,22.15838],[114.25706,22.15833],[114.25699,22.15819],[114.2571,22.15828],[114.25722,22.15819],[114.25708,22.15836],[114.2572,22.15827],[114.25738,22.1585],[114.25769,22.15912],[114.25763,22.15926],[114.25802,22.15949],[114.25831,22.15957],[114.25839,22.15971],[114.25782,22.15987],[114.25761,22.16005],[114.2575,22.16031],[114.25761,22.16044],[114.25754,22.16071],[114.25734,22.16062],[114.25726,22.16068],[114.25678,22.16067],[114.2564,22.16077],[114.25633,22.16091],[114.25599,22.16084],[114.25528,22.16109],[114.25522,22.16095],[114.25501,22.16082],[114.25451,22.16114],[114.2544,22.16134],[114.25429,22.16131],[114.25431,22.16154],[114.25421,22.16133],[114.25388,22.161],[114.25359,22.16102],[114.25367,22.16121],[114.25349,22.16126],[114.25348,22.16148],[114.25333,22.1615],[114.25329,22.16162],[114.25319,22.1616],[114.25325,22.16166],[114.25316,22.16169],[114.25328,22.16175],[114.25307,22.16186],[114.2527,22.16174],[114.2527,22.16168],[114.25286,22.16165],[114.2528,22.16143],[114.25211,22.16158],[114.25205,22.16193],[114.25196,22.162],[114.25209,22.16204],[114.2522,22.16231],[114.25205,22.16234],[114.25197,22.16251],[114.25221,22.16272],[114.2521,22.16278],[114.25244,22.16288],[114.25229,22.16274],[114.25241,22.16263],[114.25264,22.16256],[114.25276,22.16243],[114.25309,22.16251],[114.25326,22.16281],[114.25345,22.16286],[114.25332,22.16299],[114.25338,22.16309],[114.25365,22.16318],[114.25366,22.16332],[114.25289,22.16333],[114.25321,22.1634],[114.2537,22.16336],[114.25376,22.16343],[114.25367,22.16359],[114.25375,22.16369],[114.25371,22.16391],[114.25377,22.16391],[114.25385,22.16413],[114.25445,22.1648],[114.25441,22.16486],[114.25433,22.1647],[114.2541,22.1648],[114.25404,22.16491],[114.2541,22.16495],[114.2537,22.16536],[114.25344,22.16541],[114.25335,22.16519],[114.2531,22.16511],[114.25315,22.165],[114.25306,22.16511],[114.25283,22.16499],[114.25289,22.16491],[114.25272,22.16482],[114.25265,22.16485],[114.25271,22.16493],[114.25225,22.16488],[114.25137,22.16411],[114.25113,22.16395],[114.25094,22.16394],[114.2505,22.16419],[114.25048,22.16436],[114.25062,22.16438],[114.25027,22.16463],[114.25046,22.16475],[114.25038,22.16497],[114.25044,22.16521],[114.25015,22.16566],[114.25015,22.16585],[114.24997,22.16604],[114.25009,22.16648],[114.25087,22.16741],[114.25093,22.16771],[114.2508,22.16779],[114.25082,22.16797],[114.25134,22.16843],[114.25129,22.16859],[114.25139,22.16859],[114.25149,22.1688],[114.25168,22.1689],[114.25163,22.16902],[114.25174,22.16903],[114.252,22.16932],[114.25208,22.16977],[114.252,22.16994],[114.25215,22.1704],[114.2521,22.17054],[114.25269,22.17131],[114.25257,22.17141],[114.25273,22.17148],[114.25274,22.17136],[114.25278,22.17149],[114.25321,22.17177],[114.25356,22.17214],[114.25372,22.1722],[114.2536,22.17208],[114.25376,22.17216],[114.25398,22.17243],[114.25416,22.17247],[114.25464,22.17282],[114.25471,22.17296],[114.25479,22.17295],[114.25495,22.17346],[114.25536,22.17394],[114.25538,22.17407],[114.25557,22.17422],[114.25541,22.17436],[114.25544,22.17464],[114.25555,22.17483],[114.25591,22.17495],[114.25599,22.1751],[114.25634,22.17486],[114.25638,22.17463],[114.25663,22.17451],[114.25683,22.17482],[114.25684,22.17506],[114.25697,22.17533],[114.25725,22.17559],[114.25742,22.17554],[114.25787,22.17619],[114.25802,22.17631],[114.25856,22.17647],[114.2587,22.17663],[114.25909,22.17681],[114.25938,22.17689],[114.25974,22.17686],[114.25994,22.17704],[114.26019,22.17709],[114.26051,22.17698],[114.26058,22.17688],[114.26096,22.17701],[114.26122,22.17683],[114.26152,22.17681],[114.26156,22.17732],[114.26199,22.17762],[114.26213,22.17761],[114.26214,22.1774],[114.2628,22.17748],[114.26308,22.17735],[114.2632,22.17721],[114.26323,22.17768],[114.26329,22.17765],[114.26349,22.17787],[114.26379,22.17785],[114.26396,22.17795],[114.26382,22.17846],[114.26386,22.17903],[114.26398,22.17922],[114.26377,22.17928],[114.26387,22.1797],[114.26418,22.1802],[114.26453,22.18048],[114.26549,22.18064],[114.2656,22.18072],[114.26557,22.18079],[114.26576,22.18071],[114.26571,22.1806],[114.26595,22.18088],[114.26612,22.1809],[114.26612,22.1809]]],[[[114.25399,22.19004],[114.25388,22.18999],[114.25406,22.18995],[114.25397,22.18987],[114.25411,22.18973],[114.25418,22.18982],[114.25457,22.18993],[114.25537,22.18975],[114.25542,22.18968],[114.25528,22.18969],[114.25545,22.1896],[114.25558,22.18939],[114.25563,22.18898],[114.25573,22.1888],[114.2558,22.18872],[114.25609,22.1888],[114.25645,22.18821],[114.25637,22.18795],[114.25656,22.18758],[114.25642,22.18722],[114.25657,22.18704],[114.25657,22.18676],[114.2567,22.18665],[114.25686,22.18625],[114.25684,22.18612],[114.25665,22.1859],[114.25684,22.18584],[114.25685,22.18551],[114.25663,22.18531],[114.25673,22.18534],[114.25681,22.18512],[114.25657,22.18465],[114.25673,22.18405],[114.25663,22.184],[114.25655,22.18378],[114.25631,22.18282],[114.25615,22.1828],[114.256,22.18265],[114.25606,22.18265],[114.25603,22.18249],[114.25574,22.18225],[114.25572,22.18232],[114.25562,22.18224],[114.2554,22.18201],[114.25544,22.18194],[114.25527,22.18191],[114.255,22.18169],[114.25443,22.18115],[114.25445,22.18109],[114.25432,22.18106],[114.25437,22.18101],[114.2538,22.18091],[114.25373,22.18078],[114.25349,22.18073],[114.25334,22.18054],[114.2534,22.18049],[114.25277,22.18015],[114.2506,22.17924],[114.25056,22.17947],[114.25044,22.1795],[114.25051,22.17958],[114.25048,22.17976],[114.25065,22.1799],[114.25069,22.18008],[114.25056,22.18015],[114.25053,22.18027],[114.25065,22.18035],[114.25013,22.18058],[114.25019,22.18064],[114.2501,22.18073],[114.24962,22.18081],[114.24903,22.18073],[114.2485,22.18088],[114.24843,22.181],[114.24813,22.1811],[114.24778,22.18109],[114.24774,22.18117],[114.24782,22.18134],[114.24765,22.1814],[114.24759,22.18158],[114.24719,22.18151],[114.24714,22.18159],[114.24679,22.18169],[114.24659,22.18162],[114.24654,22.18172],[114.24627,22.1817],[114.246,22.18157],[114.24555,22.18156],[114.24542,22.18148],[114.24536,22.18114],[114.24538,22.18095],[114.24558,22.18065],[114.24568,22.17994],[114.24564,22.17944],[114.24555,22.17924],[114.24533,22.17912],[114.24515,22.17888],[114.24449,22.17857],[114.24436,22.17876],[114.24448,22.17926],[114.24504,22.1808],[114.24501,22.18099],[114.2448,22.181],[114.24487,22.18105],[114.24486,22.18114],[114.24436,22.18096],[114.24402,22.18117],[114.24387,22.18136],[114.24383,22.18169],[114.24396,22.18212],[114.24369,22.18218],[114.24362,22.18229],[114.24366,22.18274],[114.24382,22.1828],[114.24379,22.18287],[114.24387,22.18291],[114.24377,22.18315],[114.24381,22.1833],[114.24396,22.18339],[114.24413,22.18335],[114.24423,22.18361],[114.24417,22.18368],[114.24424,22.18382],[114.24411,22.18415],[114.2443,22.18456],[114.24418,22.18461],[114.24425,22.18503],[114.2441,22.18534],[114.24417,22.18568],[114.2441,22.18571],[114.24412,22.18583],[114.24433,22.186],[114.24428,22.18607],[114.24437,22.18671],[114.24382,22.18736],[114.24378,22.18754],[114.24369,22.18754],[114.24374,22.18796],[114.24367,22.18799],[114.24369,22.18808],[114.24381,22.18807],[114.24438,22.18844],[114.24469,22.18844],[114.24475,22.18837],[114.24497,22.18853],[114.24533,22.18849],[114.24556,22.1886],[114.24581,22.18852],[114.24641,22.18862],[114.24689,22.1886],[114.24693,22.18867],[114.24715,22.18857],[114.24743,22.18878],[114.24755,22.1888],[114.24752,22.18874],[114.24828,22.18889],[114.24835,22.18898],[114.24851,22.18893],[114.24875,22.18907],[114.24883,22.18903],[114.24882,22.18868],[114.24899,22.18899],[114.24913,22.18897],[114.24906,22.18873],[114.24945,22.18893],[114.24982,22.18931],[114.25008,22.18929],[114.25019,22.18947],[114.25027,22.18925],[114.25016,22.18911],[114.25023,22.1891],[114.25063,22.18934],[114.2509,22.18918],[114.25103,22.18939],[114.25125,22.18948],[114.2515,22.18937],[114.25155,22.18939],[114.25148,22.18945],[114.25179,22.18948],[114.25186,22.18935],[114.25204,22.18959],[114.2523,22.18956],[114.25226,22.18963],[114.25241,22.18972],[114.2527,22.18967],[114.25283,22.18946],[114.25314,22.18986],[114.25357,22.19007],[114.25398,22.19007],[114.25399,22.19004]]],[[[114.28733,22.19005],[114.28742,22.19],[114.28744,22.19009],[114.28759,22.19009],[114.28773,22.18977],[114.28793,22.18971],[114.28787,22.18963],[114.28814,22.18963],[114.2883,22.1894],[114.28845,22.18937],[114.28848,22.18926],[114.28867,22.18927],[114.28866,22.18888],[114.2889,22.18879],[114.28895,22.18889],[114.28919,22.18861],[114.2895,22.18847],[114.28963,22.18792],[114.28961,22.18757],[114.28944,22.18754],[114.28948,22.18746],[114.28941,22.18724],[114.28921,22.18726],[114.28936,22.18718],[114.28934,22.18699],[114.28944,22.18708],[114.28955,22.18695],[114.28948,22.18671],[114.28955,22.18647],[114.2894,22.18638],[114.28943,22.18631],[114.28947,22.18639],[114.28954,22.18636],[114.28938,22.18615],[114.28942,22.18605],[114.28929,22.18583],[114.28932,22.18572],[114.28901,22.18563],[114.2887,22.18494],[114.28846,22.18475],[114.28886,22.1848],[114.28881,22.18459],[114.28888,22.18454],[114.28893,22.18459],[114.28902,22.18445],[114.28896,22.18407],[114.28923,22.18388],[114.28915,22.18377],[114.28923,22.1836],[114.28917,22.18366],[114.28913,22.18355],[114.28914,22.18332],[114.2893,22.18314],[114.28931,22.1828],[114.28921,22.1827],[114.28926,22.18265],[114.28919,22.1826],[114.28917,22.18239],[114.28926,22.18225],[114.28905,22.18166],[114.2889,22.18165],[114.2885,22.18095],[114.28825,22.1809],[114.28786,22.18062],[114.28781,22.1807],[114.2876,22.18065],[114.28708,22.18082],[114.28669,22.18081],[114.28628,22.18108],[114.28618,22.18101],[114.28599,22.18107],[114.28571,22.18101],[114.2857,22.1813],[114.28559,22.18124],[114.28553,22.18133],[114.28513,22.18133],[114.28506,22.18147],[114.28487,22.18145],[114.28468,22.18157],[114.28409,22.18139],[114.28407,22.18149],[114.28415,22.1815],[114.28415,22.18157],[114.28408,22.18174],[114.284,22.18165],[114.28397,22.18176],[114.28405,22.18179],[114.28408,22.18206],[114.28434,22.18236],[114.28394,22.18229],[114.28386,22.18238],[114.28391,22.18259],[114.28408,22.18272],[114.28408,22.18283],[114.28371,22.18289],[114.28351,22.18306],[114.28352,22.18339],[114.28363,22.18348],[114.2837,22.18388],[114.28364,22.18389],[114.28364,22.18407],[114.28372,22.18423],[114.28352,22.18434],[114.28364,22.1845],[114.28364,22.18475],[114.28359,22.18472],[114.28359,22.18484],[114.28334,22.18494],[114.28324,22.18521],[114.28305,22.18514],[114.28304,22.18535],[114.28293,22.18539],[114.2828,22.18532],[114.28271,22.18541],[114.28281,22.18548],[114.28294,22.18542],[114.28284,22.18553],[114.28294,22.18569],[114.2831,22.18573],[114.283,22.18592],[114.28319,22.18621],[114.28317,22.1863],[114.2833,22.18635],[114.28332,22.18651],[114.28358,22.18665],[114.28367,22.18699],[114.28406,22.18724],[114.28434,22.18724],[114.28432,22.18711],[114.28479,22.18691],[114.28495,22.18697],[114.28516,22.18677],[114.28556,22.18663],[114.28605,22.18684],[114.28609,22.18735],[114.28598,22.18761],[114.28604,22.18774],[114.28588,22.18799],[114.28594,22.18821],[114.28604,22.18818],[114.2861,22.18834],[114.28624,22.18836],[114.28632,22.18826],[114.28616,22.18861],[114.28619,22.18884],[114.28612,22.18874],[114.28605,22.18889],[114.28624,22.18902],[114.28646,22.18944],[114.28657,22.18949],[114.28668,22.18943],[114.28667,22.18951],[114.28678,22.18954],[114.28674,22.18963],[114.28684,22.18983],[114.28726,22.19003],[114.28725,22.19013],[114.28732,22.19006],[114.28733,22.19005]]],[[[114.30625,22.18889],[114.30631,22.18889],[114.30626,22.18877],[114.30638,22.18867],[114.30632,22.18851],[114.30591,22.18803],[114.30618,22.188],[114.30618,22.18783],[114.30602,22.18759],[114.30614,22.18756],[114.30609,22.18737],[114.30633,22.1876],[114.30647,22.18762],[114.30642,22.1875],[114.30654,22.18742],[114.30655,22.18727],[114.30646,22.18713],[114.30633,22.18709],[114.30604,22.18652],[114.30605,22.18666],[114.30598,22.18663],[114.30596,22.18647],[114.30576,22.18618],[114.30583,22.18608],[114.30615,22.1861],[114.30615,22.18578],[114.30608,22.18568],[114.30593,22.18575],[114.30567,22.18529],[114.3055,22.1852],[114.30563,22.18499],[114.30557,22.18504],[114.30545,22.18459],[114.3053,22.18474],[114.30514,22.18401],[114.30486,22.18378],[114.30509,22.18389],[114.30517,22.18383],[114.30521,22.1839],[114.30494,22.18343],[114.30411,22.18377],[114.3041,22.1839],[114.30399,22.18398],[114.30409,22.18413],[114.30416,22.18409],[114.3043,22.18433],[114.30447,22.18445],[114.30446,22.18435],[114.3049,22.18467],[114.30471,22.18454],[114.30451,22.18454],[114.30474,22.18486],[114.30464,22.18489],[114.30466,22.18501],[114.30499,22.18546],[114.30493,22.18556],[114.30501,22.18565],[114.30498,22.18584],[114.30516,22.186],[114.30513,22.18618],[114.30541,22.18661],[114.30543,22.18684],[114.30533,22.18674],[114.30523,22.18676],[114.30519,22.18706],[114.30511,22.1871],[114.30532,22.1876],[114.30556,22.18783],[114.30518,22.18786],[114.30522,22.18813],[114.30535,22.18828],[114.30544,22.18825],[114.30545,22.18836],[114.3055,22.18831],[114.30583,22.18859],[114.30611,22.1887],[114.30612,22.18887],[114.30624,22.1889],[114.30625,22.18889]]],[[[114.30399,22.1837],[114.3041,22.18368],[114.30409,22.18353],[114.30415,22.18358],[114.30452,22.18324],[114.30452,22.18306],[114.3046,22.18298],[114.30441,22.18279],[114.30457,22.18283],[114.3045,22.18277],[114.30457,22.18273],[114.30447,22.18255],[114.3044,22.18264],[114.30421,22.18221],[114.30402,22.18209],[114.3039,22.18236],[114.30377,22.18238],[114.30386,22.18235],[114.30393,22.18219],[114.3039,22.18187],[114.30376,22.18162],[114.30368,22.18172],[114.30344,22.18127],[114.30333,22.1813],[114.30316,22.18106],[114.30331,22.18136],[114.30312,22.1812],[114.30303,22.18095],[114.30228,22.18118],[114.30217,22.1817],[114.30219,22.18189],[114.30214,22.18187],[114.30217,22.18197],[114.30208,22.18195],[114.30219,22.18204],[114.30209,22.18204],[114.30208,22.18214],[114.30218,22.18251],[114.3025,22.18279],[114.3029,22.18296],[114.30281,22.18307],[114.3027,22.183],[114.30265,22.18307],[114.3028,22.18317],[114.30291,22.18297],[114.30298,22.18304],[114.30301,22.18298],[114.30322,22.18304],[114.30328,22.18319],[114.30332,22.18314],[114.30378,22.18362],[114.30385,22.18353],[114.30383,22.18361],[114.30398,22.1837],[114.30399,22.1837]]],[[[114.25095,22.16131],[114.25108,22.16131],[114.25134,22.16104],[114.25132,22.16072],[114.25148,22.16056],[114.25133,22.16024],[114.25113,22.16008],[114.25054,22.15991],[114.25029,22.15995],[114.25023,22.1599],[114.24988,22.16],[114.24991,22.15991],[114.24981,22.15994],[114.2496,22.1598],[114.2491,22.15994],[114.24913,22.16016],[114.24943,22.16052],[114.24937,22.16064],[114.24982,22.16088],[114.25042,22.16096],[114.25058,22.16104],[114.25048,22.16104],[114.2505,22.16111],[114.25082,22.16123],[114.25074,22.16132],[114.25093,22.16131],[114.25095,22.16131]]],[[[114.29055,22.18997],[114.29045,22.18993],[114.29065,22.18985],[114.29061,22.18925],[114.29078,22.18946],[114.29078,22.18921],[114.29067,22.18901],[114.29066,22.18877],[114.29022,22.18794],[114.29001,22.1878],[114.28994,22.18787],[114.29001,22.18812],[114.2899,22.18806],[114.28991,22.18821],[114.28968,22.18826],[114.28954,22.18845],[114.28948,22.18913],[114.28981,22.18963],[114.28992,22.18971],[114.2901,22.18968],[114.29025,22.18989],[114.29049,22.19003],[114.29055,22.18998],[114.29055,22.18997]]],[[[114.27349,22.17278],[114.27337,22.17232],[114.27325,22.17237],[114.27318,22.1721],[114.27302,22.17219],[114.27293,22.17215],[114.27289,22.17186],[114.27277,22.1719],[114.27268,22.17184],[114.27271,22.17222],[114.27288,22.17262],[114.27321,22.17281],[114.27349,22.17279],[114.27349,22.17278]]]]}},{"type":"Feature","id":"OZP-S-I-LI-11","properties":{"id":"OZP-S-I-LI-11","micro_district":"法定规划区 (S/I-LI/11)","micro_district_en":"Statutory Scheme (S/I-LI/11)","main_area":"新界其他","color":"#3b82f6"},"geometry":{"type":"MultiPolygon","coordinates":[[[[114.11812,22.24119],[114.11864,22.24032],[114.1186,22.24027],[114.11885,22.24023],[114.1189,22.24004],[114.11903,22.23996],[114.11899,22.23989],[114.11888,22.23992],[114.11885,22.23948],[114.1192,22.23911],[114.11978,22.23895],[114.11994,22.23901],[114.12012,22.23927],[114.12043,22.23914],[114.12113,22.23915],[114.12123,22.23892],[114.1216,22.239],[114.12201,22.23857],[114.12223,22.23859],[114.12233,22.23848],[114.12238,22.23824],[114.12257,22.23809],[114.12277,22.23778],[114.12285,22.23748],[114.12305,22.23727],[114.1231,22.23697],[114.12305,22.23686],[114.12311,22.23679],[114.12295,22.23653],[114.12296,22.23598],[114.12282,22.23599],[114.12265,22.23582],[114.12254,22.23524],[114.12223,22.23491],[114.12207,22.23427],[114.12216,22.23406],[114.122,22.234],[114.12184,22.23415],[114.12143,22.23401],[114.1213,22.23383],[114.12085,22.23379],[114.12061,22.2332],[114.1204,22.23291],[114.12042,22.23273],[114.12024,22.23241],[114.12023,22.2322],[114.12042,22.23201],[114.12027,22.23196],[114.12036,22.23173],[114.12028,22.23161],[114.12038,22.23139],[114.12027,22.23127],[114.12025,22.23099],[114.12047,22.22962],[114.12072,22.22933],[114.12098,22.22924],[114.12113,22.22907],[114.12121,22.22906],[114.12116,22.22914],[114.12122,22.22914],[114.1215,22.22884],[114.12159,22.2289],[114.12181,22.22873],[114.12174,22.22892],[114.1218,22.22893],[114.12211,22.22859],[114.12221,22.2283],[114.12228,22.22829],[114.12229,22.22837],[114.12238,22.22833],[114.12297,22.22786],[114.12304,22.22769],[114.12321,22.22765],[114.12312,22.2275],[114.12317,22.22742],[114.12363,22.22704],[114.12383,22.22707],[114.12415,22.22688],[114.12446,22.22693],[114.1248,22.22665],[114.12471,22.22659],[114.12483,22.22647],[114.12504,22.22652],[114.12526,22.22646],[114.12532,22.22655],[114.12543,22.22656],[114.12572,22.22642],[114.12597,22.22619],[114.12606,22.22588],[114.12589,22.22561],[114.1259,22.22551],[114.12585,22.22557],[114.12565,22.22544],[114.12557,22.22526],[114.12563,22.22494],[114.12555,22.22468],[114.12559,22.22452],[114.12611,22.22419],[114.12605,22.22386],[114.12637,22.22381],[114.12647,22.22372],[114.12648,22.2238],[114.12661,22.2238],[114.12677,22.22364],[114.12659,22.22356],[114.12663,22.22334],[114.12653,22.22331],[114.12649,22.22356],[114.12629,22.22371],[114.12578,22.22379],[114.12552,22.22374],[114.12531,22.22325],[114.1253,22.22251],[114.12544,22.22222],[114.12577,22.22218],[114.12588,22.2219],[114.12653,22.22148],[114.12684,22.22116],[114.1269,22.22091],[114.12683,22.22084],[114.1269,22.22073],[114.12729,22.22086],[114.12706,22.22069],[114.12704,22.22055],[114.12698,22.22059],[114.12689,22.22042],[114.12715,22.21988],[114.12748,22.21967],[114.12774,22.21961],[114.12787,22.21946],[114.12825,22.21939],[114.12905,22.21905],[114.1296,22.21855],[114.12972,22.21822],[114.12992,22.21803],[114.12985,22.21778],[114.13001,22.21789],[114.13051,22.21787],[114.13071,22.218],[114.13085,22.2182],[114.13082,22.21831],[114.13086,22.21824],[114.13112,22.21835],[114.13123,22.21868],[114.13175,22.21874],[114.13201,22.21893],[114.13205,22.21904],[114.13178,22.21935],[114.13181,22.2195],[114.13194,22.21964],[114.13184,22.21971],[114.13215,22.21988],[114.13216,22.22002],[114.13196,22.22006],[114.13216,22.22005],[114.13223,22.22026],[114.13251,22.22043],[114.13264,22.2207],[114.13285,22.22064],[114.13297,22.22076],[114.13305,22.22074],[114.13308,22.22083],[114.13339,22.22089],[114.13359,22.22118],[114.13346,22.22126],[114.13361,22.22122],[114.13362,22.2214],[114.1335,22.2215],[114.13323,22.22143],[114.13353,22.22151],[114.13366,22.22164],[114.13382,22.22161],[114.13387,22.22169],[114.13412,22.2214],[114.13406,22.22135],[114.13412,22.22123],[114.13431,22.22108],[114.13451,22.22106],[114.13453,22.22126],[114.1346,22.22128],[114.13474,22.22108],[114.13554,22.22094],[114.13595,22.22061],[114.13612,22.22016],[114.13603,22.22009],[114.13611,22.2199],[114.1366,22.21897],[114.13665,22.21901],[114.13685,22.21876],[114.13671,22.21822],[114.137,22.21721],[114.13704,22.21652],[114.1368,22.21638],[114.13681,22.21618],[114.13639,22.2154],[114.1364,22.21526],[114.13605,22.21488],[114.13597,22.2145],[114.13562,22.2144],[114.13531,22.21414],[114.13534,22.21408],[114.13501,22.21376],[114.13503,22.21353],[114.13476,22.21308],[114.13426,22.21314],[114.13295,22.21235],[114.13319,22.21203],[114.13305,22.21194],[114.13298,22.21204],[114.13307,22.2121],[114.1329,22.21233],[114.13136,22.21134],[114.1313,22.2112],[114.13081,22.21102],[114.1302,22.21065],[114.12969,22.21028],[114.12979,22.21017],[114.1295,22.2097],[114.12909,22.20956],[114.12823,22.20969],[114.1281,22.20931],[114.12799,22.20933],[114.12814,22.20984],[114.128,22.21],[114.12778,22.21004],[114.12713,22.20984],[114.12684,22.20951],[114.12685,22.20919],[114.12695,22.20907],[114.12695,22.20836],[114.12706,22.20817],[114.12695,22.20797],[114.12701,22.20786],[114.12664,22.20754],[114.12666,22.20736],[114.12654,22.20727],[114.12674,22.20673],[114.12693,22.20658],[114.12681,22.2064],[114.12663,22.20633],[114.12656,22.20601],[114.12694,22.20544],[114.12734,22.20545],[114.12743,22.20558],[114.1276,22.20562],[114.12781,22.20554],[114.12782,22.20547],[114.12765,22.20544],[114.1276,22.20524],[114.1273,22.20504],[114.12736,22.20475],[114.12776,22.20429],[114.12832,22.20415],[114.12844,22.20406],[114.12858,22.20408],[114.12899,22.20371],[114.12917,22.20302],[114.12956,22.20274],[114.12997,22.20195],[114.13018,22.20195],[114.13023,22.2022],[114.13036,22.20218],[114.13049,22.20231],[114.13051,22.20266],[114.13043,22.20269],[114.13077,22.20368],[114.13073,22.20411],[114.13061,22.20418],[114.13074,22.2044],[114.13065,22.20444],[114.13078,22.20445],[114.13087,22.2046],[114.13123,22.20552],[114.13074,22.20564],[114.13076,22.20573],[114.13126,22.2056],[114.1315,22.20605],[114.13092,22.20639],[114.13097,22.20646],[114.13158,22.20613],[114.13215,22.20647],[114.13236,22.20668],[114.13263,22.20677],[114.13283,22.20694],[114.13279,22.20704],[114.13379,22.2073],[114.13395,22.20758],[114.13415,22.20769],[114.13431,22.20792],[114.13479,22.20791],[114.13486,22.2083],[114.13506,22.20792],[114.13547,22.20806],[114.13571,22.20836],[114.13562,22.20851],[114.13565,22.20858],[114.13574,22.20851],[114.13598,22.20855],[114.13666,22.20874],[114.13829,22.20878],[114.13901,22.20901],[114.13938,22.2089],[114.13975,22.20922],[114.13983,22.2092],[114.13985,22.20909],[114.14047,22.20886],[114.14076,22.20904],[114.14088,22.20897],[114.14085,22.20889],[114.14109,22.2088],[114.14144,22.20887],[114.14187,22.20883],[114.14215,22.2087],[114.14224,22.20875],[114.14247,22.20849],[114.14294,22.20834],[114.14306,22.208],[114.14321,22.2079],[114.144,22.2077],[114.14414,22.20777],[114.14468,22.20772],[114.14544,22.20802],[114.14578,22.20826],[114.14583,22.20846],[114.14544,22.20863],[114.14571,22.20852],[114.14564,22.20863],[114.14574,22.20917],[114.1456,22.20926],[114.14576,22.2092],[114.1461,22.20924],[114.1464,22.20913],[114.1466,22.2092],[114.1468,22.20956],[114.14665,22.20976],[114.14667,22.20992],[114.14702,22.21015],[114.14695,22.2102],[114.147,22.21031],[114.14682,22.21045],[114.14707,22.21034],[114.14716,22.21048],[114.14711,22.21056],[114.14716,22.21057],[114.14717,22.2107],[114.1473,22.21073],[114.14741,22.21096],[114.14793,22.21114],[114.1485,22.211],[114.14869,22.21104],[114.14867,22.21096],[114.14877,22.2109],[114.14905,22.21094],[114.14966,22.21124],[114.14983,22.21149],[114.15024,22.21182],[114.15027,22.21201],[114.1506,22.21188],[114.15121,22.21188],[114.15175,22.21198],[114.15205,22.21188],[114.15224,22.21162],[114.1523,22.21125],[114.15214,22.21091],[114.15217,22.21064],[114.15239,22.21054],[114.1522,22.21044],[114.15225,22.20992],[114.15232,22.2098],[114.15257,22.20969],[114.15265,22.20943],[114.1529,22.20931],[114.15372,22.20949],[114.15393,22.20939],[114.15406,22.20947],[114.15434,22.20931],[114.15513,22.20928],[114.15524,22.20945],[114.15548,22.20951],[114.15547,22.20968],[114.15569,22.20968],[114.15583,22.20979],[114.15595,22.2098],[114.15607,22.2097],[114.15647,22.2099],[114.15672,22.20986],[114.15752,22.21009],[114.15864,22.21011],[114.15897,22.21],[114.15916,22.20977],[114.1594,22.20977],[114.15943,22.20963],[114.15955,22.20962],[114.15964,22.2095],[114.1595,22.20938],[114.15984,22.20914],[114.16029,22.20861],[114.16,22.20844],[114.1603,22.20838],[114.1603,22.20809],[114.15991,22.2082],[114.1601,22.20801],[114.16024,22.2076],[114.16012,22.20757],[114.16024,22.20749],[114.16009,22.20745],[114.16012,22.20717],[114.15955,22.20664],[114.1584,22.20654],[114.15839,22.20647],[114.15857,22.20644],[114.15858,22.20618],[114.15844,22.20612],[114.15832,22.20623],[114.15809,22.20619],[114.15803,22.20627],[114.15795,22.20612],[114.15775,22.20599],[114.15764,22.20532],[114.15788,22.20514],[114.15794,22.20469],[114.15781,22.20445],[114.15748,22.20425],[114.1576,22.20421],[114.15749,22.20401],[114.15704,22.20405],[114.15674,22.20386],[114.15659,22.20394],[114.15656,22.20381],[114.15647,22.20389],[114.15582,22.20376],[114.1559,22.20364],[114.15578,22.20362],[114.1556,22.20376],[114.15467,22.20412],[114.15438,22.2044],[114.15445,22.20422],[114.15404,22.20433],[114.15381,22.20454],[114.1538,22.20468],[114.15364,22.2047],[114.15331,22.20498],[114.15286,22.206],[114.15244,22.20627],[114.15162,22.20634],[114.15125,22.20624],[114.15143,22.20616],[114.15141,22.20605],[114.15084,22.20571],[114.15087,22.2056],[114.15075,22.20556],[114.15076,22.20544],[114.15046,22.20536],[114.14985,22.20575],[114.14963,22.20556],[114.14984,22.20544],[114.14997,22.20512],[114.14991,22.20508],[114.14977,22.20517],[114.14962,22.205],[114.14937,22.2053],[114.14926,22.20522],[114.1495,22.20501],[114.14956,22.20479],[114.14988,22.20452],[114.14982,22.2045],[114.15004,22.20409],[114.15002,22.20395],[114.14988,22.20381],[114.14962,22.20397],[114.14946,22.20392],[114.14942,22.20386],[114.14953,22.20374],[114.14917,22.20368],[114.14907,22.20345],[114.14867,22.20369],[114.14861,22.20352],[114.14848,22.20359],[114.14826,22.2035],[114.14813,22.20357],[114.1479,22.20351],[114.14781,22.20341],[114.14794,22.20331],[114.14804,22.20308],[114.14792,22.20299],[114.14766,22.20301],[114.14788,22.20294],[114.14792,22.20288],[114.14785,22.20283],[114.148,22.20273],[114.14764,22.20283],[114.14765,22.2027],[114.14752,22.20259],[114.14736,22.20278],[114.14722,22.20275],[114.14697,22.20248],[114.14695,22.20199],[114.14676,22.20178],[114.14692,22.20155],[114.14654,22.20144],[114.14663,22.20126],[114.14653,22.20096],[114.1469,22.20061],[114.1468,22.20049],[114.14691,22.20034],[114.14687,22.20013],[114.14646,22.19996],[114.14605,22.20005],[114.14591,22.19984],[114.1456,22.19986],[114.14547,22.19971],[114.14502,22.19998],[114.14497,22.20014],[114.14484,22.20013],[114.14454,22.19995],[114.14471,22.19963],[114.14466,22.19938],[114.14454,22.19965],[114.14438,22.19969],[114.1445,22.19983],[114.14444,22.19992],[114.14409,22.19976],[114.14392,22.19981],[114.14356,22.19971],[114.14337,22.19956],[114.14317,22.19919],[114.14336,22.19916],[114.14359,22.19888],[114.14384,22.19908],[114.14404,22.19907],[114.14414,22.19893],[114.14417,22.19863],[114.14378,22.19836],[114.14352,22.19852],[114.14339,22.19851],[114.14306,22.19818],[114.14296,22.19823],[114.14296,22.19848],[114.14274,22.19855],[114.1428,22.19866],[114.14275,22.19881],[114.14254,22.199],[114.14216,22.1989],[114.14204,22.19854],[114.14199,22.19885],[114.14163,22.19881],[114.14123,22.19904],[114.14075,22.19908],[114.14051,22.19896],[114.14011,22.19858],[114.13981,22.19824],[114.13962,22.19784],[114.13958,22.19728],[114.13965,22.19692],[114.14002,22.19593],[114.1403,22.19555],[114.14064,22.19531],[114.14095,22.19523],[114.14131,22.19534],[114.14156,22.19557],[114.14193,22.19507],[114.14212,22.19502],[114.14223,22.1951],[114.14242,22.19498],[114.14258,22.19479],[114.14274,22.19432],[114.14284,22.19428],[114.14283,22.1941],[114.14306,22.19384],[114.14319,22.19385],[114.14337,22.19367],[114.14358,22.19362],[114.14378,22.19339],[114.1439,22.19275],[114.14409,22.19255],[114.14412,22.19238],[114.14404,22.19232],[114.14403,22.19205],[114.1439,22.19178],[114.14368,22.19168],[114.14346,22.19143],[114.14345,22.19129],[114.14316,22.19113],[114.14325,22.19059],[114.14388,22.19015],[114.14459,22.19011],[114.14468,22.19021],[114.14536,22.19011],[114.14572,22.18979],[114.14575,22.18967],[114.14565,22.18955],[114.14584,22.18953],[114.14591,22.18945],[114.14586,22.18937],[114.14597,22.18916],[114.14593,22.18895],[114.14608,22.18867],[114.14633,22.18854],[114.14631,22.18845],[114.14619,22.18842],[114.14619,22.18828],[114.14632,22.18828],[114.14659,22.18793],[114.14671,22.18791],[114.14671,22.18779],[114.14656,22.18774],[114.14678,22.18763],[114.14688,22.18744],[114.1469,22.18732],[114.14675,22.18729],[114.14696,22.18727],[114.14713,22.1871],[114.14705,22.18696],[114.14706,22.18661],[114.14694,22.18654],[114.14693,22.18642],[114.14708,22.186],[114.14706,22.18565],[114.14728,22.18552],[114.14751,22.18508],[114.14755,22.18488],[114.14744,22.18467],[114.14746,22.18453],[114.14782,22.18441],[114.1481,22.18399],[114.14893,22.18364],[114.14895,22.18345],[114.14911,22.18341],[114.14926,22.18326],[114.1491,22.18306],[114.14883,22.18309],[114.14898,22.18298],[114.14896,22.18274],[114.14884,22.1826],[114.1495,22.18243],[114.14963,22.18212],[114.14965,22.18169],[114.14942,22.18137],[114.14926,22.18132],[114.14925,22.18122],[114.14867,22.18117],[114.148,22.18124],[114.14788,22.18133],[114.14792,22.18176],[114.14815,22.18219],[114.14806,22.18228],[114.14821,22.18245],[114.1481,22.1827],[114.14778,22.183],[114.14757,22.18292],[114.14688,22.18329],[114.14638,22.18333],[114.14652,22.18345],[114.14609,22.18362],[114.1459,22.1835],[114.14571,22.18352],[114.14544,22.18333],[114.1451,22.18337],[114.14502,22.18344],[114.1451,22.18355],[114.14483,22.18363],[114.1447,22.18364],[114.14464,22.18356],[114.1444,22.1835],[114.14441,22.18366],[114.1441,22.18376],[114.14399,22.18402],[114.14359,22.18413],[114.14341,22.1843],[114.14351,22.18446],[114.14338,22.18466],[114.14342,22.18491],[114.14332,22.18495],[114.14335,22.18513],[114.14313,22.18556],[114.14279,22.18577],[114.14262,22.18602],[114.14233,22.18617],[114.14212,22.18618],[114.14204,22.18633],[114.14084,22.18704],[114.14052,22.18761],[114.1401,22.1879],[114.13971,22.18795],[114.13964,22.18805],[114.1393,22.188],[114.13875,22.1883],[114.13865,22.18846],[114.13851,22.18832],[114.13846,22.18843],[114.13835,22.18839],[114.13823,22.18851],[114.13813,22.18849],[114.13821,22.18928],[114.13784,22.18923],[114.13772,22.18928],[114.13776,22.18935],[114.13771,22.18939],[114.13736,22.18942],[114.13731,22.18955],[114.1372,22.18959],[114.13718,22.18982],[114.13451,22.19093],[114.13439,22.19061],[114.13454,22.18996],[114.13435,22.18988],[114.13419,22.18994],[114.13436,22.18977],[114.13431,22.18958],[114.13443,22.18953],[114.13439,22.1892],[114.13451,22.18908],[114.13444,22.18895],[114.13433,22.18892],[114.13441,22.18888],[114.13435,22.18864],[114.13424,22.18856],[114.13442,22.18826],[114.13435,22.1881],[114.13446,22.18793],[114.13414,22.18739],[114.13411,22.18706],[114.13442,22.18677],[114.13499,22.18671],[114.13511,22.18658],[114.13537,22.18656],[114.13546,22.18648],[114.13568,22.18611],[114.13567,22.18599],[114.13558,22.18595],[114.13574,22.18593],[114.13585,22.18577],[114.13591,22.18556],[114.13579,22.18551],[114.13596,22.18548],[114.13609,22.18518],[114.13604,22.18509],[114.13584,22.18505],[114.13613,22.18488],[114.13613,22.18455],[114.13635,22.18445],[114.13626,22.1843],[114.13646,22.18426],[114.1366,22.18399],[114.13657,22.18384],[114.13675,22.18367],[114.13681,22.1833],[114.13707,22.18314],[114.13704,22.18287],[114.13715,22.18272],[114.13726,22.1828],[114.13729,22.18275],[114.13724,22.18238],[114.13735,22.18209],[114.13729,22.18209],[114.13729,22.18201],[114.13752,22.18165],[114.13739,22.18155],[114.13751,22.18125],[114.1377,22.18114],[114.13774,22.18074],[114.13763,22.1807],[114.13778,22.18033],[114.13779,22.17998],[114.13748,22.17935],[114.13731,22.17938],[114.13746,22.17904],[114.13745,22.17854],[114.13759,22.17856],[114.13761,22.17842],[114.13748,22.17811],[114.13741,22.17827],[114.1374,22.17798],[114.13722,22.17803],[114.13731,22.17788],[114.13724,22.17772],[114.13709,22.17771],[114.13661,22.1779],[114.13659,22.17804],[114.13639,22.17816],[114.13596,22.17869],[114.13554,22.17889],[114.13543,22.17903],[114.13529,22.17901],[114.13501,22.1793],[114.1349,22.17933],[114.13487,22.17944],[114.13448,22.17957],[114.13432,22.17972],[114.13413,22.17974],[114.1341,22.18027],[114.13385,22.18055],[114.13375,22.1809],[114.13356,22.18103],[114.1336,22.18116],[114.13335,22.18129],[114.13333,22.18153],[114.13321,22.18162],[114.13312,22.18186],[114.13315,22.18195],[114.133,22.18205],[114.13311,22.18218],[114.13291,22.18252],[114.13297,22.18265],[114.13282,22.18289],[114.13264,22.183],[114.13271,22.18308],[114.13244,22.18333],[114.13199,22.18337],[114.13171,22.18285],[114.13159,22.18279],[114.13153,22.18289],[114.13125,22.18278],[114.13123,22.18267],[114.13099,22.18268],[114.13094,22.18259],[114.1307,22.18263],[114.1308,22.18243],[114.13075,22.18237],[114.13063,22.18239],[114.13026,22.18224],[114.1301,22.18227],[114.13013,22.18216],[114.13031,22.18207],[114.1303,22.18197],[114.13006,22.18194],[114.12997,22.18172],[114.13003,22.18161],[114.12976,22.1815],[114.12985,22.18145],[114.12981,22.18127],[114.12954,22.18099],[114.12939,22.18097],[114.12928,22.18086],[114.12939,22.18074],[114.12921,22.18056],[114.12925,22.18038],[114.12917,22.18021],[114.12902,22.18012],[114.12871,22.18026],[114.12821,22.18009],[114.12813,22.17965],[114.12825,22.1795],[114.12817,22.17937],[114.12828,22.17933],[114.12829,22.17925],[114.12808,22.1792],[114.12811,22.1791],[114.12784,22.17883],[114.1279,22.17871],[114.12784,22.17863],[114.12767,22.17857],[114.12742,22.17866],[114.12751,22.17854],[114.12737,22.17845],[114.12723,22.17859],[114.1271,22.17851],[114.12709,22.17859],[114.127,22.17859],[114.12638,22.17839],[114.12589,22.17846],[114.12575,22.17843],[114.12565,22.17829],[114.1255,22.17834],[114.12532,22.17875],[114.12531,22.17908],[114.12553,22.17942],[114.1255,22.17949],[114.12536,22.17945],[114.12513,22.17958],[114.12497,22.17956],[114.12484,22.17962],[114.12486,22.17974],[114.12429,22.18002],[114.12419,22.18042],[114.124,22.18052],[114.12387,22.18074],[114.12355,22.181],[114.12347,22.18121],[114.12326,22.18119],[114.12315,22.18133],[114.12313,22.18121],[114.12294,22.18114],[114.12255,22.1812],[114.12256,22.18107],[114.12238,22.18103],[114.12243,22.18069],[114.12228,22.18061],[114.12226,22.1804],[114.12211,22.18028],[114.12204,22.18007],[114.12186,22.18001],[114.12176,22.17978],[114.12141,22.17987],[114.12134,22.18001],[114.12124,22.18],[114.12123,22.17989],[114.12103,22.17994],[114.12034,22.17976],[114.11988,22.1799],[114.11976,22.17982],[114.11949,22.17984],[114.11884,22.17999],[114.11885,22.1801],[114.11871,22.18018],[114.11863,22.18],[114.1185,22.18014],[114.11846,22.17999],[114.11829,22.17999],[114.11793,22.1802],[114.11777,22.18054],[114.1176,22.18064],[114.11763,22.18099],[114.1175,22.18101],[114.11733,22.18122],[114.11709,22.18121],[114.1169,22.18137],[114.11683,22.18129],[114.11671,22.18148],[114.11643,22.18148],[114.11635,22.18141],[114.1163,22.18149],[114.11622,22.1814],[114.11601,22.18145],[114.11591,22.18139],[114.11583,22.18155],[114.11541,22.18164],[114.11544,22.18182],[114.1152,22.18179],[114.11508,22.18202],[114.11517,22.18212],[114.11492,22.18231],[114.11481,22.18267],[114.11469,22.18275],[114.11475,22.18299],[114.11468,22.18304],[114.11469,22.18323],[114.11445,22.18306],[114.11428,22.18316],[114.11429,22.18326],[114.11417,22.18341],[114.11401,22.18327],[114.11397,22.18366],[114.11413,22.18386],[114.11407,22.18392],[114.1139,22.18384],[114.11397,22.18401],[114.11383,22.18402],[114.11382,22.18412],[114.11397,22.18422],[114.11393,22.18454],[114.11402,22.18458],[114.11401,22.1849],[114.11427,22.1852],[114.11421,22.18523],[114.11401,22.18508],[114.11411,22.1853],[114.11391,22.18543],[114.11397,22.18553],[114.11392,22.1856],[114.11401,22.18576],[114.11405,22.18569],[114.11419,22.18572],[114.11428,22.18557],[114.11412,22.18601],[114.11428,22.1861],[114.11435,22.18624],[114.11427,22.18645],[114.11437,22.18643],[114.11443,22.18655],[114.1143,22.1868],[114.11447,22.18673],[114.11458,22.18682],[114.11481,22.18733],[114.11478,22.18738],[114.11488,22.18743],[114.11492,22.18769],[114.11514,22.18779],[114.11524,22.18765],[114.11552,22.18794],[114.11553,22.18802],[114.11547,22.18801],[114.11553,22.18818],[114.11569,22.18809],[114.11577,22.1882],[114.11618,22.18834],[114.11654,22.18839],[114.11707,22.18831],[114.11716,22.18841],[114.11732,22.18838],[114.1176,22.1885],[114.11771,22.18868],[114.11767,22.18875],[114.11824,22.18911],[114.11836,22.18941],[114.11845,22.18943],[114.11849,22.18963],[114.11881,22.19003],[114.11884,22.19012],[114.11872,22.19018],[114.11876,22.19024],[114.11899,22.19017],[114.11944,22.19043],[114.11978,22.19045],[114.12003,22.19065],[114.12031,22.19068],[114.12043,22.19079],[114.12064,22.1913],[114.12048,22.1915],[114.1202,22.19152],[114.12023,22.19167],[114.1204,22.19173],[114.12042,22.19218],[114.12032,22.19228],[114.12039,22.19227],[114.12038,22.19234],[114.12007,22.19254],[114.12014,22.19262],[114.12035,22.19245],[114.12049,22.19251],[114.12082,22.19321],[114.12081,22.19344],[114.12089,22.19355],[114.12076,22.19368],[114.1209,22.19428],[114.12075,22.19526],[114.12089,22.19553],[114.12084,22.19565],[114.12092,22.19583],[114.1207,22.19608],[114.12085,22.19679],[114.1208,22.19703],[114.12095,22.19726],[114.12129,22.1974],[114.12147,22.19774],[114.12145,22.19804],[114.12159,22.19823],[114.1215,22.19836],[114.12158,22.19856],[114.12152,22.19861],[114.1216,22.19865],[114.12162,22.19876],[114.12143,22.19932],[114.12147,22.19953],[114.12139,22.19959],[114.12146,22.1996],[114.12152,22.19975],[114.12152,22.20001],[114.12146,22.20006],[114.12153,22.20007],[114.12165,22.20064],[114.12151,22.20082],[114.12173,22.2008],[114.122,22.20109],[114.12206,22.20129],[114.12209,22.20201],[114.12185,22.20221],[114.12185,22.20236],[114.12176,22.20236],[114.12173,22.2025],[114.12188,22.20245],[114.12217,22.20267],[114.12226,22.20301],[114.12215,22.20314],[114.12207,22.20308],[114.12191,22.20313],[114.12199,22.20347],[114.12183,22.20348],[114.12177,22.20338],[114.12167,22.20351],[114.12178,22.20364],[114.12216,22.20359],[114.1225,22.20369],[114.12268,22.20426],[114.12262,22.20462],[114.12236,22.20506],[114.12196,22.20531],[114.12111,22.20554],[114.12058,22.20588],[114.12046,22.20588],[114.11989,22.20662],[114.1197,22.20672],[114.11974,22.20689],[114.11985,22.20691],[114.11978,22.20727],[114.11964,22.20743],[114.11973,22.20745],[114.11998,22.20779],[114.12059,22.20799],[114.12101,22.20796],[114.12122,22.20812],[114.12138,22.20848],[114.12142,22.20886],[114.12118,22.20938],[114.12085,22.2098],[114.12087,22.2101],[114.12118,22.21015],[114.12133,22.21004],[114.12158,22.21013],[114.12181,22.21043],[114.1219,22.21091],[114.12174,22.21155],[114.12133,22.21224],[114.12105,22.21253],[114.12072,22.21265],[114.12055,22.21302],[114.12054,22.21314],[114.12079,22.21352],[114.12124,22.21373],[114.1213,22.21433],[114.12091,22.21475],[114.12072,22.21486],[114.12093,22.21504],[114.12088,22.21515],[114.12065,22.2152],[114.1208,22.21541],[114.12057,22.21544],[114.12048,22.21536],[114.12045,22.21552],[114.12029,22.21567],[114.12033,22.21578],[114.12048,22.21569],[114.12061,22.21581],[114.12046,22.21609],[114.12055,22.21617],[114.12051,22.21643],[114.12044,22.21659],[114.12023,22.21672],[114.12024,22.21682],[114.12035,22.21677],[114.12041,22.21691],[114.12028,22.21689],[114.12021,22.21705],[114.12023,22.21712],[114.12034,22.2171],[114.12033,22.21723],[114.12014,22.21727],[114.12016,22.21758],[114.11999,22.21783],[114.11992,22.21817],[114.11997,22.21848],[114.1195,22.21875],[114.11948,22.21862],[114.1191,22.21851],[114.11916,22.2186],[114.11898,22.21861],[114.11918,22.21878],[114.11934,22.2188],[114.119,22.21889],[114.1189,22.21887],[114.11886,22.21871],[114.11857,22.21869],[114.11857,22.21861],[114.11819,22.21842],[114.11788,22.21904],[114.11731,22.21965],[114.11613,22.22018],[114.11514,22.22045],[114.11455,22.22051],[114.11391,22.22009],[114.11352,22.22006],[114.11367,22.21665],[114.11363,22.21516],[114.1138,22.21485],[114.11377,22.21449],[114.11359,22.21418],[114.11282,22.21363],[114.11211,22.21335],[114.11115,22.21321],[114.11019,22.21325],[114.10968,22.21351],[114.10947,22.21381],[114.10946,22.21602],[114.10545,22.21599],[114.10546,22.21543],[114.10565,22.21525],[114.1079,22.21523],[114.10816,22.21515],[114.10835,22.21497],[114.10843,22.21472],[114.10843,22.212],[114.10867,22.21174],[114.10864,22.21137],[114.10841,22.21108],[114.10802,22.21095],[114.10328,22.21083],[114.10289,22.21099],[114.10273,22.21134],[114.10285,22.21633],[114.1017,22.21607],[114.10157,22.21589],[114.10203,22.21288],[114.10177,22.21284],[114.10075,22.21874],[114.101,22.21878],[114.10102,22.2187],[114.10276,22.21849],[114.10277,22.21859],[114.10243,22.21871],[114.10265,22.21927],[114.10312,22.21911],[114.10299,22.21942],[114.10334,22.21965],[114.10308,22.22002],[114.10313,22.2202],[114.10332,22.22032],[114.1031,22.22103],[114.10341,22.22174],[114.10358,22.22195],[114.10365,22.222],[114.10391,22.22153],[114.10465,22.22146],[114.10503,22.22133],[114.10517,22.22153],[114.1053,22.22152],[114.10533,22.22164],[114.10543,22.2216],[114.10555,22.22174],[114.10563,22.22205],[114.10574,22.22216],[114.1056,22.22219],[114.1056,22.22244],[114.10612,22.22309],[114.10629,22.22317],[114.10634,22.22304],[114.10647,22.22301],[114.10647,22.22311],[114.10658,22.22313],[114.10673,22.22305],[114.10701,22.22336],[114.10718,22.22342],[114.10732,22.2237],[114.10725,22.22378],[114.10735,22.2239],[114.10729,22.224],[114.10742,22.22394],[114.10739,22.22414],[114.10749,22.22428],[114.10758,22.22411],[114.10768,22.22424],[114.10791,22.22409],[114.10903,22.22468],[114.10897,22.22478],[114.10865,22.22479],[114.1087,22.22495],[114.10909,22.22482],[114.10944,22.225],[114.11037,22.22476],[114.11057,22.22504],[114.11033,22.22518],[114.11037,22.22525],[114.11084,22.22496],[114.11122,22.22572],[114.1107,22.22591],[114.11123,22.22576],[114.11137,22.22612],[114.11136,22.2264],[114.11122,22.22676],[114.11004,22.2269],[114.10899,22.22643],[114.10895,22.22629],[114.10843,22.22602],[114.10833,22.22618],[114.10966,22.22685],[114.10927,22.22756],[114.10928,22.22801],[114.10912,22.22803],[114.109,22.22783],[114.109,22.22757],[114.10916,22.22747],[114.10868,22.22743],[114.10847,22.22764],[114.10846,22.22777],[114.10825,22.22802],[114.10826,22.22814],[114.10834,22.2282],[114.10887,22.22817],[114.10904,22.22849],[114.10912,22.22908],[114.10989,22.22928],[114.10989,22.22954],[114.10975,22.22963],[114.11003,22.22959],[114.11026,22.22971],[114.11033,22.23006],[114.11026,22.23026],[114.11035,22.23032],[114.1103,22.23038],[114.11037,22.23056],[114.1103,22.23077],[114.11021,22.23106],[114.10985,22.23145],[114.10953,22.23141],[114.10914,22.23169],[114.10871,22.23176],[114.10872,22.23162],[114.10843,22.23175],[114.10848,22.2318],[114.10841,22.23187],[114.10797,22.23193],[114.10789,22.23188],[114.10778,22.23206],[114.10768,22.23205],[114.10775,22.23218],[114.10762,22.23248],[114.10736,22.23258],[114.10717,22.23241],[114.10718,22.23228],[114.10707,22.23227],[114.1071,22.23238],[114.10694,22.2324],[114.10622,22.23283],[114.10601,22.23309],[114.10586,22.23315],[114.10579,22.23331],[114.1058,22.23413],[114.10607,22.23422],[114.10617,22.23438],[114.10633,22.23435],[114.10637,22.23448],[114.10652,22.23459],[114.10704,22.23476],[114.10728,22.2351],[114.10719,22.23531],[114.10748,22.23524],[114.10748,22.23532],[114.1078,22.23547],[114.10769,22.2356],[114.10791,22.23563],[114.10776,22.23569],[114.1078,22.23572],[114.10822,22.2357],[114.10823,22.23539],[114.10841,22.23529],[114.109,22.23542],[114.10903,22.23575],[114.10929,22.23581],[114.10948,22.23598],[114.10937,22.23607],[114.10956,22.23616],[114.10976,22.2361],[114.10984,22.23628],[114.10995,22.23627],[114.10987,22.23636],[114.1099,22.23662],[114.11004,22.23657],[114.11093,22.23674],[114.11117,22.23691],[114.11202,22.23716],[114.11225,22.23706],[114.11242,22.23709],[114.11246,22.23717],[114.11262,22.23712],[114.11286,22.23726],[114.11352,22.23799],[114.11388,22.23805],[114.11459,22.23791],[114.11485,22.23822],[114.1148,22.2384],[114.11489,22.23841],[114.11493,22.23826],[114.11515,22.23824],[114.11516,22.23817],[114.11537,22.2381],[114.11583,22.23824],[114.11665,22.23873],[114.11718,22.23879],[114.11741,22.23914],[114.11741,22.23936],[114.11692,22.23963],[114.11686,22.23977],[114.11698,22.23987],[114.11705,22.23982],[114.11725,22.23992],[114.11752,22.24029],[114.11763,22.24029],[114.11765,22.24045],[114.11748,22.2405],[114.11753,22.24064],[114.11746,22.24072],[114.11769,22.24068],[114.11767,22.24077],[114.11777,22.24079],[114.11787,22.24108],[114.11804,22.24117],[114.11812,22.24119]]],[[[114.13509,22.22631],[114.13527,22.22629],[114.13575,22.22607],[114.13607,22.22561],[114.13614,22.22563],[114.13609,22.22554],[114.13617,22.22524],[114.13611,22.22516],[114.13618,22.22489],[114.13611,22.22476],[114.13595,22.2247],[114.13598,22.22429],[114.13585,22.22415],[114.13601,22.22414],[114.13601,22.22403],[114.13585,22.22392],[114.13589,22.22383],[114.13604,22.22382],[114.13608,22.22361],[114.13596,22.22355],[114.13586,22.2237],[114.13554,22.22382],[114.13528,22.22363],[114.13473,22.22354],[114.13465,22.22337],[114.13428,22.22324],[114.13422,22.22308],[114.13356,22.22314],[114.13341,22.22299],[114.13333,22.22309],[114.13334,22.22335],[114.13318,22.22346],[114.13318,22.22357],[114.13326,22.2236],[114.13305,22.2241],[114.13317,22.22455],[114.13311,22.2251],[114.1334,22.22526],[114.13362,22.22523],[114.1338,22.22551],[114.13402,22.22561],[114.13402,22.2257],[114.13431,22.2259],[114.13465,22.22601],[114.13467,22.22615],[114.13487,22.22636],[114.13506,22.22634],[114.13509,22.22631]]]]}},{"type":"Feature","id":"OZP-S-H18-10","properties":{"id":"OZP-S-H18-10","micro_district":"大潭及红山半岛","micro_district_en":"Statutory Scheme (S/H18/10)","main_area":"港岛南区","color":"#0284c7"},"geometry":{"type":"MultiPolygon","coordinates":[[[[114.23695,22.25692],[114.23708,22.25695],[114.23737,22.25723],[114.23752,22.25725],[114.23801,22.25677],[114.23875,22.25626],[114.23909,22.25619],[114.23955,22.25628],[114.24142,22.25561],[114.24167,22.25566],[114.24213,22.2556],[114.24264,22.2554],[114.24274,22.25525],[114.24261,22.25513],[114.2427,22.25481],[114.2429,22.25453],[114.24308,22.25446],[114.24341,22.25414],[114.24365,22.25412],[114.24394,22.25397],[114.24407,22.25365],[114.24448,22.2535],[114.24486,22.25363],[114.24514,22.25363],[114.24533,22.2535],[114.24564,22.25352],[114.24578,22.25341],[114.24651,22.25332],[114.24678,22.25348],[114.24696,22.25333],[114.24745,22.2534],[114.2499,22.24669],[114.24984,22.2465],[114.24965,22.24635],[114.24944,22.24629],[114.24914,22.24606],[114.24874,22.24601],[114.24841,22.24623],[114.24832,22.24618],[114.24836,22.24626],[114.24826,22.24632],[114.24815,22.24672],[114.24743,22.24661],[114.24687,22.24613],[114.24687,22.24604],[114.24697,22.24604],[114.24703,22.24592],[114.247,22.24552],[114.2466,22.24558],[114.24647,22.24544],[114.24647,22.2453],[114.24665,22.24522],[114.24665,22.24508],[114.24677,22.24507],[114.24674,22.245],[114.24689,22.2449],[114.24694,22.24467],[114.24706,22.2447],[114.24734,22.24455],[114.24715,22.24444],[114.2471,22.24455],[114.24703,22.24445],[114.24703,22.24437],[114.24737,22.24414],[114.24704,22.24388],[114.24686,22.24388],[114.24694,22.24366],[114.24709,22.24357],[114.24759,22.2436],[114.24777,22.24301],[114.24802,22.24292],[114.2483,22.24296],[114.24804,22.24283],[114.24823,22.24257],[114.24836,22.24256],[114.2484,22.24238],[114.24867,22.24245],[114.24874,22.24254],[114.24906,22.24246],[114.24889,22.24229],[114.24895,22.24222],[114.24916,22.24235],[114.2493,22.24238],[114.24921,22.24223],[114.24947,22.24237],[114.24952,22.24222],[114.24943,22.24207],[114.24962,22.2422],[114.24972,22.24212],[114.24972,22.24199],[114.24992,22.24218],[114.24989,22.24185],[114.24994,22.24189],[114.24995,22.24183],[114.25014,22.2421],[114.2503,22.24215],[114.25038,22.242],[114.25031,22.24175],[114.25018,22.24165],[114.25031,22.24156],[114.2503,22.24142],[114.25039,22.24145],[114.25036,22.24162],[114.25048,22.24166],[114.25068,22.24157],[114.25065,22.24142],[114.25072,22.2415],[114.25082,22.24148],[114.25081,22.24132],[114.25046,22.2411],[114.25055,22.24131],[114.25025,22.24096],[114.25038,22.24092],[114.25047,22.24101],[114.25079,22.24108],[114.25084,22.24081],[114.25098,22.24089],[114.25092,22.24075],[114.25099,22.24074],[114.251,22.24059],[114.25085,22.24046],[114.25087,22.24014],[114.25064,22.23964],[114.25077,22.23961],[114.25077,22.23949],[114.25058,22.23932],[114.25026,22.23871],[114.25011,22.23864],[114.25013,22.23853],[114.25018,22.23848],[114.25038,22.23858],[114.25034,22.23847],[114.25044,22.23849],[114.25042,22.23835],[114.25052,22.23833],[114.2506,22.23852],[114.25093,22.2386],[114.25095,22.23844],[114.25126,22.23843],[114.25111,22.23836],[114.25114,22.23828],[114.25105,22.2382],[114.25123,22.2383],[114.25149,22.23827],[114.25146,22.23811],[114.25165,22.23812],[114.25171,22.23769],[114.25189,22.2377],[114.25192,22.23762],[114.25152,22.23706],[114.25176,22.23687],[114.25206,22.23699],[114.25209,22.2369],[114.25225,22.23708],[114.25276,22.23706],[114.25292,22.23673],[114.25275,22.2367],[114.25284,22.2365],[114.25271,22.23646],[114.25276,22.23626],[114.25289,22.23622],[114.25301,22.23605],[114.25309,22.23614],[114.25339,22.23599],[114.25364,22.23566],[114.25361,22.23549],[114.25377,22.23519],[114.25364,22.2351],[114.25364,22.23497],[114.25346,22.23474],[114.2533,22.23465],[114.2527,22.23457],[114.25264,22.23429],[114.25268,22.23415],[114.25278,22.23412],[114.25269,22.23387],[114.25255,22.23379],[114.2526,22.2337],[114.25283,22.23372],[114.25292,22.23366],[114.25288,22.23351],[114.25238,22.23333],[114.25245,22.23319],[114.25232,22.23306],[114.25244,22.23306],[114.2524,22.23298],[114.2525,22.23295],[114.25216,22.23274],[114.25211,22.2325],[114.25175,22.23226],[114.25176,22.23183],[114.25205,22.23137],[114.25248,22.23104],[114.25277,22.23098],[114.25274,22.23093],[114.25281,22.23089],[114.25296,22.23093],[114.25289,22.23098],[114.25299,22.23108],[114.25332,22.23097],[114.25333,22.2309],[114.25314,22.23084],[114.25362,22.23049],[114.25369,22.23053],[114.25361,22.2306],[114.25364,22.23065],[114.25383,22.23071],[114.25421,22.23059],[114.25425,22.23067],[114.25437,22.23067],[114.25447,22.23061],[114.25439,22.23053],[114.2545,22.23043],[114.25442,22.23042],[114.25442,22.23033],[114.25479,22.23015],[114.25502,22.23011],[114.25512,22.23019],[114.25518,22.23005],[114.25535,22.23005],[114.25545,22.22978],[114.25561,22.22969],[114.25576,22.22973],[114.25587,22.22959],[114.25603,22.22981],[114.25593,22.23005],[114.25608,22.23021],[114.25597,22.23043],[114.25622,22.23044],[114.25639,22.23032],[114.25652,22.2304],[114.25648,22.23045],[114.25676,22.23051],[114.25676,22.23064],[114.2571,22.23058],[114.25714,22.23071],[114.2572,22.2306],[114.25747,22.23049],[114.25745,22.23061],[114.25762,22.23063],[114.25818,22.23036],[114.25844,22.23064],[114.25882,22.23075],[114.25908,22.231],[114.25946,22.23096],[114.25973,22.23113],[114.25989,22.23105],[114.26005,22.23067],[114.25993,22.2304],[114.26009,22.23008],[114.26006,22.22987],[114.26,22.22967],[114.25983,22.22954],[114.2595,22.22943],[114.259,22.22947],[114.25913,22.22934],[114.25935,22.22931],[114.25939,22.22922],[114.25906,22.22925],[114.25891,22.22911],[114.25857,22.22922],[114.25826,22.22944],[114.25823,22.22969],[114.25813,22.22959],[114.25796,22.2298],[114.25808,22.22956],[114.25792,22.2294],[114.25789,22.22946],[114.25761,22.22945],[114.25755,22.22955],[114.25743,22.22956],[114.25721,22.22984],[114.25674,22.22967],[114.25667,22.22971],[114.25678,22.22979],[114.25665,22.2298],[114.25657,22.22969],[114.25639,22.2297],[114.25635,22.22959],[114.25615,22.22968],[114.25593,22.22914],[114.25591,22.22893],[114.25598,22.22884],[114.25586,22.22891],[114.25585,22.22885],[114.25617,22.22875],[114.25629,22.22852],[114.25624,22.22845],[114.25635,22.2285],[114.25644,22.22844],[114.25642,22.22838],[114.25631,22.2284],[114.25642,22.22821],[114.25642,22.228],[114.25619,22.22805],[114.25614,22.22794],[114.256,22.22796],[114.25594,22.22803],[114.2561,22.22802],[114.25599,22.22811],[114.25586,22.22804],[114.2558,22.22807],[114.25587,22.22816],[114.25557,22.22811],[114.25547,22.22825],[114.25516,22.22819],[114.25512,22.22833],[114.25491,22.22833],[114.2547,22.2284],[114.25471,22.22846],[114.25431,22.22853],[114.25416,22.22871],[114.25379,22.22868],[114.25351,22.22883],[114.25314,22.2288],[114.25277,22.22889],[114.25267,22.22909],[114.25273,22.2293],[114.2526,22.22933],[114.25267,22.22942],[114.2526,22.22947],[114.25245,22.22932],[114.25182,22.22912],[114.25078,22.22849],[114.25047,22.22814],[114.25029,22.2276],[114.25065,22.22718],[114.25094,22.22715],[114.25133,22.22673],[114.25128,22.22659],[114.25144,22.2263],[114.25129,22.22617],[114.25132,22.22609],[114.25124,22.22596],[114.25137,22.22575],[114.2512,22.22574],[114.25131,22.22556],[114.25145,22.22553],[114.25139,22.22539],[114.25145,22.22532],[114.25139,22.22531],[114.25149,22.22524],[114.25153,22.22507],[114.25172,22.22498],[114.25162,22.22481],[114.2517,22.22472],[114.25184,22.22484],[114.25214,22.22472],[114.25226,22.22439],[114.25217,22.22435],[114.25221,22.22429],[114.25211,22.2241],[114.25241,22.22398],[114.25251,22.22383],[114.25248,22.22372],[114.25294,22.22345],[114.25302,22.22324],[114.25317,22.22338],[114.25332,22.22329],[114.25328,22.2231],[114.25339,22.22303],[114.25339,22.22276],[114.25346,22.22264],[114.25351,22.22267],[114.25345,22.22256],[114.25371,22.22238],[114.2537,22.2223],[114.25386,22.22233],[114.25389,22.22224],[114.25368,22.2222],[114.25397,22.22179],[114.25406,22.22178],[114.25401,22.22173],[114.25407,22.22166],[114.25402,22.22166],[114.25406,22.22155],[114.25391,22.22156],[114.25403,22.22144],[114.25402,22.2213],[114.25395,22.22121],[114.2538,22.22121],[114.25379,22.2211],[114.25415,22.22093],[114.25381,22.22092],[114.25453,22.22084],[114.25465,22.22077],[114.25458,22.22067],[114.25474,22.22071],[114.25481,22.22064],[114.25464,22.22034],[114.25481,22.22036],[114.25478,22.22026],[114.2544,22.22014],[114.25452,22.21973],[114.25461,22.21973],[114.25453,22.21965],[114.25482,22.21974],[114.2551,22.21963],[114.25495,22.21954],[114.25471,22.21957],[114.2546,22.21903],[114.25477,22.21881],[114.25472,22.21853],[114.25482,22.21837],[114.25475,22.21832],[114.25485,22.21814],[114.25486,22.21805],[114.25476,22.21804],[114.2548,22.21792],[114.25491,22.21784],[114.25499,22.21788],[114.2552,22.21768],[114.25503,22.21708],[114.25495,22.21705],[114.25506,22.21686],[114.2549,22.21654],[114.25509,22.21648],[114.25531,22.21619],[114.25507,22.21599],[114.255,22.21566],[114.25471,22.21543],[114.25471,22.21533],[114.25464,22.21534],[114.2547,22.21516],[114.25463,22.21491],[114.25476,22.21486],[114.25467,22.2147],[114.25478,22.21469],[114.2548,22.21459],[114.25492,22.21462],[114.25528,22.21401],[114.25513,22.21387],[114.25526,22.2137],[114.25526,22.21343],[114.25499,22.2128],[114.25508,22.21275],[114.25523,22.21287],[114.2552,22.21274],[114.25534,22.21297],[114.25545,22.213],[114.25549,22.21291],[114.25536,22.21263],[114.25567,22.2129],[114.25568,22.21284],[114.25552,22.21268],[114.25545,22.21241],[114.2552,22.21223],[114.25517,22.21207],[114.25481,22.21197],[114.25438,22.21169],[114.25449,22.21131],[114.25496,22.21083],[114.25528,22.21073],[114.25538,22.21079],[114.25587,22.21073],[114.25604,22.21094],[114.25614,22.21089],[114.2573,22.21142],[114.25757,22.21141],[114.25755,22.21127],[114.25768,22.21131],[114.25784,22.21123],[114.25793,22.21107],[114.25804,22.21106],[114.2582,22.21073],[114.25812,22.21101],[114.25819,22.21112],[114.25831,22.21113],[114.25825,22.21099],[114.25852,22.21105],[114.2587,22.21082],[114.25872,22.21064],[114.25859,22.21033],[114.2584,22.21021],[114.25853,22.20974],[114.25829,22.20951],[114.25862,22.20955],[114.25864,22.20937],[114.25877,22.20924],[114.25916,22.20945],[114.25914,22.20935],[114.25938,22.20931],[114.25955,22.2094],[114.25981,22.2094],[114.26,22.20918],[114.26009,22.20918],[114.26006,22.20883],[114.26034,22.20885],[114.26059,22.20867],[114.26091,22.20862],[114.26083,22.2085],[114.26101,22.20857],[114.2613,22.20847],[114.26135,22.20827],[114.26122,22.20808],[114.26131,22.20788],[114.26115,22.2078],[114.26084,22.20797],[114.26091,22.20756],[114.26104,22.20744],[114.26061,22.20728],[114.26061,22.20719],[114.26075,22.20714],[114.26055,22.20686],[114.26043,22.20686],[114.26029,22.20697],[114.26033,22.20722],[114.26043,22.20731],[114.26032,22.20734],[114.26037,22.2076],[114.26017,22.20757],[114.26007,22.20782],[114.25969,22.20792],[114.25921,22.20781],[114.25899,22.20764],[114.25889,22.20768],[114.25862,22.2076],[114.2584,22.20734],[114.25786,22.20713],[114.25741,22.20708],[114.25727,22.20693],[114.25713,22.20705],[114.257,22.20701],[114.25696,22.20711],[114.25706,22.20717],[114.25697,22.20725],[114.25694,22.20716],[114.25682,22.20715],[114.25687,22.20724],[114.2567,22.20738],[114.25671,22.20751],[114.25663,22.20752],[114.25677,22.20773],[114.25665,22.20805],[114.25639,22.20806],[114.25646,22.20816],[114.25612,22.20829],[114.25601,22.20825],[114.25606,22.20833],[114.25584,22.20818],[114.25578,22.20826],[114.25555,22.20814],[114.25549,22.20791],[114.25528,22.20767],[114.25514,22.20735],[114.25513,22.20707],[114.25525,22.20728],[114.25541,22.20732],[114.2553,22.2068],[114.25543,22.20674],[114.25533,22.20645],[114.25546,22.2063],[114.25524,22.20604],[114.25511,22.20599],[114.25453,22.20635],[114.25472,22.2065],[114.25438,22.20647],[114.25454,22.20674],[114.25444,22.20681],[114.25414,22.20683],[114.25421,22.20682],[114.25413,22.20672],[114.25423,22.20673],[114.25427,22.20654],[114.2542,22.20645],[114.25416,22.20654],[114.25396,22.2064],[114.25388,22.20645],[114.25379,22.20641],[114.25378,22.2065],[114.25364,22.20655],[114.25361,22.20647],[114.25356,22.20649],[114.25382,22.20668],[114.25335,22.20678],[114.2532,22.20722],[114.25317,22.20694],[114.25309,22.207],[114.25324,22.2074],[114.25337,22.20746],[114.25315,22.20753],[114.25327,22.20765],[114.2531,22.20766],[114.25312,22.20776],[114.25297,22.20765],[114.25285,22.20766],[114.2528,22.20779],[114.25277,22.20767],[114.25266,22.20768],[114.2526,22.2076],[114.25246,22.20793],[114.25259,22.20828],[114.25231,22.20825],[114.25219,22.20807],[114.25226,22.20836],[114.25195,22.20793],[114.25174,22.20784],[114.25154,22.20756],[114.25127,22.20741],[114.25082,22.20745],[114.24994,22.20718],[114.2498,22.20726],[114.24948,22.20698],[114.24928,22.20697],[114.24868,22.20726],[114.24861,22.20743],[114.24855,22.20717],[114.24837,22.20702],[114.24836,22.20691],[114.24804,22.20691],[114.24797,22.20685],[114.24794,22.20701],[114.2478,22.20701],[114.24759,22.20696],[114.24746,22.20679],[114.24695,22.20672],[114.24672,22.20681],[114.24636,22.20678],[114.24607,22.20693],[114.24614,22.20701],[114.2459,22.20704],[114.24581,22.2072],[114.24537,22.20716],[114.24536,22.20723],[114.24513,22.20727],[114.24402,22.2074],[114.24338,22.20781],[114.24314,22.20824],[114.24298,22.20814],[114.2429,22.20798],[114.24274,22.20804],[114.24276,22.20797],[114.2426,22.20793],[114.24263,22.20802],[114.24238,22.2082],[114.24235,22.20835],[114.24222,22.20831],[114.24227,22.20845],[114.2422,22.20852],[114.24207,22.20849],[114.24214,22.20864],[114.24196,22.2089],[114.24185,22.20891],[114.24193,22.20899],[114.24178,22.20906],[114.24187,22.20907],[114.24174,22.20931],[114.24165,22.20941],[114.24148,22.20944],[114.24161,22.20951],[114.24147,22.20967],[114.24152,22.2097],[114.24154,22.21014],[114.24145,22.2103],[114.2416,22.21036],[114.24157,22.21055],[114.24172,22.21057],[114.24174,22.2108],[114.24138,22.21078],[114.24139,22.21092],[114.24129,22.21103],[114.24142,22.21103],[114.24148,22.21115],[114.24165,22.21114],[114.24171,22.21104],[114.24173,22.21113],[114.24185,22.21112],[114.24194,22.21124],[114.242,22.21104],[114.24213,22.21099],[114.24256,22.21119],[114.24297,22.21153],[114.24319,22.21208],[114.2431,22.21258],[114.24295,22.21289],[114.243,22.21324],[114.2431,22.21341],[114.24291,22.21401],[114.24256,22.21475],[114.24253,22.21502],[114.24214,22.21548],[114.24203,22.2155],[114.24212,22.21551],[114.24211,22.216],[114.24218,22.21605],[114.24224,22.2165],[114.24232,22.2165],[114.24232,22.2166],[114.24206,22.21696],[114.24206,22.21738],[114.24193,22.21743],[114.24196,22.21761],[114.24179,22.21759],[114.24189,22.21795],[114.24181,22.21821],[114.24155,22.21851],[114.24074,22.21904],[114.24022,22.21886],[114.24009,22.21889],[114.23981,22.2188],[114.23946,22.21886],[114.23911,22.2187],[114.23847,22.21862],[114.23838,22.21845],[114.23828,22.21845],[114.23813,22.21864],[114.23769,22.21875],[114.23723,22.21929],[114.23725,22.21972],[114.23746,22.21983],[114.23773,22.2203],[114.23773,22.22056],[114.23765,22.22075],[114.23725,22.22102],[114.23717,22.22097],[114.23644,22.22102],[114.2361,22.22156],[114.23592,22.22169],[114.23563,22.22261],[114.2357,22.22269],[114.23603,22.22259],[114.2362,22.22266],[114.23636,22.22301],[114.23623,22.22427],[114.2364,22.22485],[114.23638,22.22518],[114.23661,22.22525],[114.23669,22.22586],[114.23676,22.22592],[114.23677,22.22579],[114.23686,22.22583],[114.23683,22.22592],[114.23694,22.22597],[114.23664,22.2262],[114.2362,22.22728],[114.23602,22.22724],[114.23596,22.22748],[114.2361,22.22755],[114.23618,22.22783],[114.2359,22.22891],[114.23597,22.22903],[114.23586,22.22932],[114.23593,22.22957],[114.23587,22.22972],[114.23591,22.22993],[114.23584,22.22987],[114.23575,22.23032],[114.23577,22.23074],[114.23581,22.23068],[114.23582,22.23089],[114.23595,22.23106],[114.23587,22.23115],[114.23592,22.23129],[114.23598,22.23129],[114.23605,22.23159],[114.23582,22.23162],[114.23571,22.23181],[114.23559,22.23172],[114.23547,22.23173],[114.23528,22.23215],[114.23542,22.23278],[114.23532,22.2328],[114.23516,22.23323],[114.23513,22.23307],[114.23499,22.23325],[114.235,22.23341],[114.23512,22.23347],[114.23517,22.23338],[114.23519,22.23347],[114.23514,22.23391],[114.23492,22.23421],[114.235,22.2343],[114.23491,22.23427],[114.23467,22.2345],[114.23457,22.23484],[114.23418,22.23541],[114.23395,22.23543],[114.23375,22.23563],[114.23382,22.23574],[114.23372,22.23575],[114.23378,22.23583],[114.2337,22.2359],[114.23372,22.23603],[114.23381,22.23612],[114.23445,22.2362],[114.23466,22.23643],[114.23483,22.23681],[114.23457,22.23783],[114.23453,22.23853],[114.23466,22.23897],[114.23465,22.23918],[114.23486,22.23953],[114.23471,22.24017],[114.23484,22.24039],[114.23465,22.24074],[114.23467,22.24089],[114.23414,22.24146],[114.23373,22.24133],[114.2338,22.24118],[114.2338,22.24062],[114.23354,22.23999],[114.23364,22.23973],[114.23364,22.23941],[114.2335,22.23913],[114.23341,22.23931],[114.23294,22.23957],[114.23261,22.23995],[114.23242,22.24044],[114.23194,22.24053],[114.23147,22.24118],[114.23108,22.24135],[114.23098,22.24148],[114.23068,22.24146],[114.23057,22.24138],[114.22966,22.24173],[114.22886,22.24174],[114.2287,22.24191],[114.22801,22.24209],[114.22729,22.24192],[114.22666,22.24133],[114.22642,22.24127],[114.22627,22.24141],[114.22617,22.24131],[114.22605,22.24135],[114.2255,22.24248],[114.22554,22.24276],[114.22548,22.24306],[114.22578,22.24315],[114.22593,22.24367],[114.22545,22.24458],[114.22522,22.24474],[114.22532,22.24491],[114.22517,22.24572],[114.22509,22.2458],[114.22492,22.24578],[114.22459,22.2463],[114.22458,22.24646],[114.22467,22.24654],[114.22473,22.24648],[114.22478,22.24655],[114.22518,22.24656],[114.22518,22.24669],[114.22503,22.24684],[114.22487,22.24683],[114.22462,22.24666],[114.22446,22.24665],[114.22443,22.24675],[114.22422,22.24667],[114.224,22.24682],[114.22411,22.24706],[114.22311,22.24635],[114.22321,22.24626],[114.22296,22.24627],[114.22307,22.2462],[114.22289,22.24603],[114.22338,22.24602],[114.22383,22.24577],[114.22391,22.2456],[114.22333,22.24517],[114.22343,22.2439],[114.22324,22.24394],[114.22322,22.24434],[114.2231,22.24419],[114.22305,22.24385],[114.22313,22.24334],[114.22365,22.24286],[114.22357,22.24285],[114.22337,22.24304],[114.22342,22.24239],[114.22375,22.24191],[114.22395,22.24108],[114.22425,22.23877],[114.22445,22.2385],[114.22471,22.23836],[114.22564,22.23836],[114.22575,22.23842],[114.22573,22.23888],[114.22584,22.23889],[114.22585,22.23869],[114.22633,22.23872],[114.22637,22.23862],[114.22693,22.23852],[114.22734,22.2383],[114.22806,22.23813],[114.2282,22.2379],[114.22862,22.23763],[114.22878,22.23742],[114.22871,22.23696],[114.22891,22.2367],[114.2287,22.23649],[114.22879,22.23595],[114.22874,22.23579],[114.22902,22.23519],[114.22905,22.23497],[114.22923,22.23481],[114.2292,22.23463],[114.22934,22.23423],[114.22942,22.23415],[114.22959,22.23414],[114.22955,22.2339],[114.22973,22.23359],[114.22962,22.23359],[114.22975,22.23331],[114.22975,22.23293],[114.22963,22.23262],[114.22948,22.23259],[114.22949,22.23253],[114.23005,22.23185],[114.22988,22.23136],[114.2297,22.23113],[114.22965,22.2312],[114.22956,22.23079],[114.22947,22.23071],[114.22963,22.23071],[114.22954,22.23059],[114.22951,22.23031],[114.22931,22.23006],[114.22924,22.23009],[114.22918,22.22998],[114.22909,22.23004],[114.22897,22.22984],[114.22867,22.22987],[114.22852,22.22971],[114.22802,22.22983],[114.2281,22.22996],[114.22804,22.23005],[114.22793,22.22986],[114.22774,22.22983],[114.22764,22.22971],[114.2275,22.22978],[114.22692,22.22978],[114.22665,22.22998],[114.22633,22.23006],[114.22578,22.23036],[114.22568,22.23059],[114.22549,22.23056],[114.2253,22.23066],[114.22497,22.23104],[114.22481,22.23158],[114.22467,22.2316],[114.22477,22.23161],[114.22468,22.23168],[114.22472,22.23174],[114.22462,22.23175],[114.22467,22.23183],[114.22459,22.23201],[114.22442,22.23217],[114.22436,22.23212],[114.22428,22.23217],[114.22413,22.23245],[114.22401,22.23252],[114.22386,22.23294],[114.22356,22.23302],[114.22325,22.23295],[114.22292,22.23273],[114.22294,22.23214],[114.22307,22.23198],[114.22304,22.23168],[114.22261,22.2313],[114.22252,22.23142],[114.2224,22.23141],[114.22237,22.23114],[114.22222,22.23107],[114.22211,22.23083],[114.22193,22.2308],[114.222,22.23057],[114.22181,22.2306],[114.22171,22.23052],[114.22184,22.23032],[114.22164,22.23013],[114.22173,22.23005],[114.22159,22.22997],[114.22166,22.22985],[114.22153,22.22976],[114.22153,22.22961],[114.22137,22.22956],[114.22125,22.22938],[114.22098,22.22925],[114.22079,22.22906],[114.22079,22.2292],[114.22064,22.22922],[114.22048,22.2289],[114.22041,22.22892],[114.22044,22.22901],[114.22029,22.22899],[114.21995,22.22877],[114.21998,22.22862],[114.21921,22.22902],[114.21905,22.22897],[114.21891,22.22911],[114.21865,22.22894],[114.21854,22.22868],[114.21869,22.22858],[114.21888,22.22819],[114.21886,22.22803],[114.21874,22.22797],[114.21876,22.22789],[114.21868,22.22791],[114.21878,22.22776],[114.21869,22.22775],[114.21869,22.2276],[114.21852,22.22766],[114.21856,22.22734],[114.21837,22.22729],[114.2183,22.22739],[114.21832,22.22731],[114.21822,22.22727],[114.21822,22.227],[114.21834,22.22688],[114.21822,22.22685],[114.2182,22.22657],[114.21807,22.2266],[114.21802,22.22643],[114.21789,22.22634],[114.21776,22.2264],[114.21777,22.2263],[114.21764,22.22617],[114.21747,22.22621],[114.21751,22.22603],[114.21733,22.22592],[114.21719,22.22565],[114.21627,22.22513],[114.2159,22.22503],[114.2152,22.22468],[114.21467,22.22541],[114.21491,22.22557],[114.21511,22.22602],[114.21581,22.22633],[114.21645,22.22737],[114.21679,22.22763],[114.21679,22.22794],[114.21667,22.2282],[114.21688,22.22843],[114.21673,22.22941],[114.2168,22.23072],[114.2166,22.23125],[114.21641,22.23143],[114.21628,22.23182],[114.21614,22.23198],[114.21618,22.23221],[114.21701,22.23238],[114.21723,22.23256],[114.21794,22.23273],[114.21801,22.23262],[114.21797,22.23217],[114.21816,22.23204],[114.21823,22.23177],[114.21846,22.23165],[114.21869,22.23136],[114.2187,22.23078],[114.21927,22.23042],[114.21966,22.22995],[114.21983,22.22987],[114.22075,22.23018],[114.22088,22.23071],[114.2211,22.23086],[114.22109,22.23113],[114.22133,22.23153],[114.22129,22.23177],[114.2216,22.23186],[114.22169,22.23204],[114.2219,22.2321],[114.22209,22.23232],[114.22203,22.23267],[114.22239,22.23373],[114.22244,22.23458],[114.22259,22.23478],[114.22249,22.23506],[114.22254,22.23559],[114.22225,22.23579],[114.22225,22.23607],[114.22207,22.2363],[114.2218,22.23646],[114.22178,22.23674],[114.22155,22.23702],[114.2216,22.23721],[114.22145,22.23738],[114.22143,22.23774],[114.22125,22.23788],[114.22085,22.23777],[114.22079,22.23784],[114.22096,22.2381],[114.22106,22.23846],[114.22104,22.23885],[114.22087,22.23902],[114.22105,22.23927],[114.22115,22.23966],[114.22107,22.24],[114.22128,22.24029],[114.22145,22.24098],[114.22181,22.24123],[114.2219,22.24147],[114.22198,22.24206],[114.22182,22.24253],[114.22199,22.24302],[114.22103,22.24491],[114.22115,22.24598],[114.22081,22.24638],[114.22055,22.2465],[114.22046,22.24685],[114.22016,22.24701],[114.22036,22.24747],[114.22073,22.24782],[114.22112,22.24801],[114.22156,22.248],[114.22244,22.24778],[114.22272,22.24784],[114.22296,22.248],[114.2232,22.24885],[114.2241,22.25019],[114.22418,22.25114],[114.22439,22.25123],[114.22485,22.2509],[114.22512,22.25096],[114.2257,22.2521],[114.22615,22.25254],[114.22702,22.25369],[114.22748,22.25399],[114.22747,22.25492],[114.22761,22.2556],[114.22815,22.25721],[114.22846,22.25729],[114.22885,22.25718],[114.22951,22.25674],[114.22998,22.25657],[114.23052,22.25582],[114.23071,22.25624],[114.23096,22.25611],[114.23162,22.25558],[114.23205,22.25502],[114.23263,22.25495],[114.23312,22.25498],[114.23372,22.25463],[114.23399,22.2547],[114.23413,22.25508],[114.23443,22.25525],[114.23458,22.25592],[114.23475,22.25617],[114.23528,22.2562],[114.23549,22.25662],[114.23581,22.25686],[114.23604,22.25652],[114.23632,22.25645],[114.23643,22.2566],[114.23648,22.25715],[114.23665,22.25731],[114.2368,22.25724],[114.23692,22.25693],[114.23695,22.25692]]],[[[114.25671,22.22654],[114.2571,22.22655],[114.25726,22.22642],[114.25762,22.22645],[114.25782,22.22637],[114.25786,22.22623],[114.2579,22.22633],[114.25831,22.22641],[114.25838,22.22617],[114.25848,22.22631],[114.2589,22.22628],[114.25887,22.22617],[114.25903,22.22602],[114.25905,22.2258],[114.25912,22.22577],[114.25906,22.22574],[114.25911,22.2256],[114.25901,22.22534],[114.25875,22.22517],[114.25833,22.22523],[114.25811,22.22536],[114.25781,22.22527],[114.25775,22.22546],[114.2575,22.22536],[114.25725,22.22551],[114.25724,22.22563],[114.25714,22.22556],[114.25629,22.22568],[114.25602,22.22601],[114.2559,22.226],[114.25599,22.22589],[114.25586,22.22585],[114.25577,22.22597],[114.25589,22.22601],[114.2559,22.22609],[114.25565,22.22621],[114.25587,22.22624],[114.25585,22.22632],[114.25605,22.22647],[114.2567,22.22655],[114.25671,22.22654]]],[[[114.26006,22.20659],[114.26013,22.20657],[114.26014,22.20632],[114.26004,22.2061],[114.25986,22.20595],[114.25995,22.20574],[114.2599,22.20543],[114.26005,22.20557],[114.26023,22.20543],[114.26013,22.20525],[114.26013,22.2051],[114.25991,22.20502],[114.25965,22.20479],[114.2589,22.20504],[114.25864,22.20498],[114.25832,22.20509],[114.25833,22.2053],[114.25855,22.20568],[114.25888,22.20614],[114.25917,22.20636],[114.25925,22.20634],[114.25923,22.20647],[114.26004,22.20659],[114.26006,22.20659]]],[[[114.26061,22.20521],[114.2607,22.20521],[114.26069,22.20493],[114.26077,22.20481],[114.26063,22.20448],[114.26084,22.20445],[114.26097,22.20434],[114.26091,22.20409],[114.26036,22.20384],[114.26007,22.20394],[114.25988,22.2039],[114.25983,22.20397],[114.25998,22.20437],[114.25986,22.20456],[114.25995,22.20482],[114.26034,22.20517],[114.2606,22.20521],[114.26061,22.20521]]]]}},{"type":"Feature","id":"OZP-S-H20-25","properties":{"id":"OZP-S-H20-25","micro_district":"石澳、大浪湾及鹤咀","micro_district_en":"Statutory Scheme (S/H20/25)","main_area":"港岛南区","color":"#0284c7"},"geometry":{"type":"Polygon","coordinates":[[[114.23914,22.28026],[114.24087,22.27903],[114.24166,22.27588],[114.24434,22.27269],[114.24175,22.26986],[114.24312,22.26822],[114.24375,22.26816],[114.24559,22.2695],[114.24501,22.2714],[114.24567,22.2721],[114.24539,22.27301],[114.24501,22.27363],[114.24545,22.27296],[114.24668,22.26893],[114.24749,22.26796],[114.24886,22.26924],[114.25329,22.26517],[114.25339,22.26499],[114.25365,22.26482],[114.25382,22.26482],[114.25396,22.26468],[114.25414,22.26467],[114.25454,22.26429],[114.2546,22.26418],[114.25449,22.26415],[114.2551,22.26393],[114.25518,22.26374],[114.25554,22.26338],[114.25557,22.26348],[114.25592,22.26308],[114.25627,22.26277],[114.25646,22.26271],[114.25655,22.26247],[114.25666,22.26246],[114.25692,22.26208],[114.25736,22.26175],[114.25736,22.26164],[114.25747,22.26153],[114.25741,22.26127],[114.25727,22.26134],[114.25711,22.26127],[114.25681,22.26133],[114.25674,22.26123],[114.2567,22.26127],[114.25668,22.26114],[114.25659,22.26127],[114.25656,22.26118],[114.25616,22.2613],[114.25593,22.26113],[114.25576,22.26119],[114.25583,22.26104],[114.25561,22.26099],[114.25535,22.26057],[114.25525,22.26008],[114.25516,22.25998],[114.25519,22.25981],[114.25498,22.25934],[114.25502,22.25922],[114.25528,22.25907],[114.2552,22.25904],[114.25531,22.25895],[114.2554,22.25855],[114.25538,22.25816],[114.25544,22.25822],[114.25565,22.25801],[114.25541,22.25784],[114.25548,22.25777],[114.25569,22.25788],[114.25588,22.25786],[114.25604,22.2576],[114.25595,22.25748],[114.25604,22.25738],[114.25601,22.25733],[114.25632,22.25696],[114.25618,22.25669],[114.25632,22.2567],[114.2564,22.25655],[114.25649,22.25659],[114.25662,22.25638],[114.25637,22.25636],[114.25626,22.25614],[114.2563,22.25605],[114.25645,22.25599],[114.25643,22.25585],[114.25623,22.25564],[114.25634,22.25557],[114.25631,22.25542],[114.2557,22.25567],[114.25557,22.25539],[114.25556,22.25513],[114.25564,22.25511],[114.25555,22.25497],[114.25563,22.25477],[114.25556,22.25463],[114.25529,22.25445],[114.25572,22.2538],[114.25565,22.25379],[114.25571,22.25359],[114.25562,22.25352],[114.25559,22.25331],[114.25535,22.25303],[114.25514,22.253],[114.25515,22.25336],[114.25506,22.25355],[114.25498,22.25353],[114.25502,22.25283],[114.25487,22.25252],[114.25483,22.25256],[114.25495,22.25243],[114.25493,22.25233],[114.25483,22.25234],[114.25485,22.25226],[114.25468,22.25217],[114.25436,22.25229],[114.25425,22.25172],[114.25393,22.25169],[114.25377,22.25153],[114.25399,22.2514],[114.25408,22.2512],[114.25423,22.25117],[114.25418,22.25106],[114.25436,22.25074],[114.25433,22.25057],[114.25446,22.25048],[114.25463,22.24979],[114.25473,22.24974],[114.25431,22.24947],[114.25398,22.24946],[114.25396,22.2494],[114.25422,22.24934],[114.25441,22.24939],[114.25453,22.2493],[114.2545,22.24915],[114.25431,22.249],[114.25433,22.24893],[114.25415,22.24873],[114.25415,22.24857],[114.25408,22.24855],[114.25401,22.24868],[114.25389,22.2487],[114.25365,22.24848],[114.25348,22.24849],[114.25344,22.2486],[114.25337,22.24846],[114.25307,22.24864],[114.25308,22.24899],[114.25278,22.24895],[114.2526,22.24921],[114.25249,22.24915],[114.25238,22.24947],[114.25155,22.2495],[114.25135,22.24896],[114.25094,22.24896],[114.25107,22.24877],[114.25127,22.24866],[114.25126,22.24846],[114.25078,22.24876],[114.25025,22.24831],[114.25056,22.24809],[114.2507,22.24773],[114.25044,22.24707],[114.25027,22.2469],[114.25013,22.24698],[114.25,22.24695],[114.24989,22.24672],[114.24745,22.2534],[114.24696,22.25333],[114.24678,22.25348],[114.24651,22.25332],[114.24578,22.25341],[114.24564,22.25352],[114.24533,22.2535],[114.24514,22.25363],[114.24486,22.25363],[114.24451,22.2535],[114.24409,22.25363],[114.24397,22.25395],[114.24365,22.25412],[114.24341,22.25414],[114.24308,22.25446],[114.2429,22.25453],[114.24271,22.25479],[114.24262,22.25509],[114.24274,22.25525],[114.24265,22.25539],[114.24213,22.2556],[114.24167,22.25566],[114.24142,22.25561],[114.23955,22.25628],[114.23909,22.25619],[114.23875,22.25626],[114.23801,22.25677],[114.23752,22.25725],[114.23732,22.2572],[114.23698,22.25691],[114.23687,22.25698],[114.2368,22.25724],[114.23665,22.25731],[114.23648,22.25715],[114.23643,22.2566],[114.23632,22.25645],[114.23604,22.25652],[114.23581,22.25686],[114.23549,22.25662],[114.23528,22.2562],[114.23475,22.25617],[114.23458,22.25592],[114.23443,22.25525],[114.23413,22.25508],[114.23399,22.2547],[114.23372,22.25463],[114.23312,22.25498],[114.23263,22.25495],[114.23205,22.25502],[114.2314,22.2558],[114.23071,22.25624],[114.23052,22.25582],[114.22998,22.25657],[114.22951,22.25674],[114.22885,22.25718],[114.22846,22.25729],[114.22815,22.25721],[114.22816,22.25732],[114.22804,22.25748],[114.22763,22.25763],[114.22584,22.25782],[114.22558,22.25804],[114.22556,22.26006],[114.22541,22.26138],[114.22559,22.26219],[114.22521,22.26278],[114.22525,22.26308],[114.22449,22.26348],[114.22441,22.26367],[114.2238,22.26432],[114.22419,22.2642],[114.22432,22.26435],[114.22444,22.26478],[114.22468,22.26472],[114.22493,22.26482],[114.22558,22.26474],[114.22592,22.26492],[114.22645,22.26489],[114.22724,22.2646],[114.22745,22.26471],[114.22927,22.26644],[114.22945,22.26691],[114.22954,22.26824],[114.22725,22.27065],[114.22637,22.27128],[114.22638,22.27146],[114.22662,22.27176],[114.22661,22.27197],[114.22648,22.27212],[114.22591,22.27237],[114.2259,22.27287],[114.2257,22.27312],[114.2273,22.27434],[114.22771,22.27444],[114.22842,22.27439],[114.2292,22.27467],[114.23031,22.27433],[114.23091,22.27446],[114.23099,22.27423],[114.23117,22.27428],[114.23149,22.27382],[114.23199,22.27343],[114.23219,22.27373],[114.23206,22.2741],[114.23255,22.27468],[114.23313,22.27453],[114.23334,22.27434],[114.23346,22.27438],[114.23382,22.27367],[114.23406,22.27381],[114.2343,22.27376],[114.23441,22.27411],[114.23455,22.27604],[114.23596,22.27732],[114.23596,22.2776],[114.23627,22.27812],[114.23642,22.27856],[114.23676,22.27863],[114.23686,22.27873],[114.23688,22.27905],[114.23714,22.27937],[114.23743,22.27932],[114.23867,22.2806],[114.23916,22.28069],[114.23932,22.28048],[114.23914,22.28026]]]}},{"type":"Feature","id":"OZP-S-H10-20","properties":{"id":"OZP-S-H10-20","micro_district":"薄扶林","micro_district_en":"Pok Fu Lam","main_area":"港岛南区","color":"#3b82f6"},"geometry":{"type":"Polygon","coordinates":[[[114.13358,22.27338],[114.13609,22.27203],[114.14001,22.26644],[114.14044,22.26648],[114.14092,22.26615],[114.14131,22.26613],[114.14164,22.26599],[114.14205,22.26604],[114.14251,22.26636],[114.14271,22.26636],[114.14272,22.26627],[114.14258,22.26608],[114.14257,22.26585],[114.14198,22.2655],[114.14181,22.26501],[114.14104,22.26495],[114.14318,22.26189],[114.14325,22.26054],[114.14308,22.25978],[114.14328,22.25984],[114.14335,22.25968],[114.14366,22.25954],[114.14383,22.25924],[114.14412,22.25909],[114.14426,22.25909],[114.14451,22.25924],[114.14475,22.25916],[114.14524,22.25874],[114.14531,22.25858],[114.14571,22.25838],[114.14568,22.25813],[114.14594,22.25802],[114.14624,22.25759],[114.14625,22.25742],[114.14648,22.25732],[114.14668,22.25692],[114.14683,22.2563],[114.14642,22.25621],[114.1462,22.25606],[114.14619,22.25593],[114.14635,22.25572],[114.14616,22.25548],[114.14618,22.25523],[114.14605,22.25478],[114.14546,22.25487],[114.14529,22.25472],[114.14543,22.25403],[114.14564,22.2539],[114.14572,22.25363],[114.14599,22.25331],[114.14597,22.25283],[114.14611,22.25267],[114.14634,22.2526],[114.14646,22.25232],[114.14677,22.2521],[114.1462,22.25218],[114.14537,22.25155],[114.14452,22.25113],[114.14351,22.25083],[114.14251,22.25065],[114.14264,22.25011],[114.14182,22.2497],[114.14214,22.24949],[114.14151,22.24903],[114.14127,22.2483],[114.14115,22.24834],[114.1412,22.24851],[114.13973,22.24883],[114.13779,22.24847],[114.13727,22.24878],[114.13669,22.24886],[114.13653,22.24896],[114.13625,22.24882],[114.13561,22.24948],[114.13493,22.24996],[114.13439,22.25079],[114.13415,22.25134],[114.13321,22.25217],[114.13324,22.25236],[114.1334,22.25256],[114.13325,22.25261],[114.13299,22.25252],[114.13291,22.25241],[114.1329,22.2522],[114.1327,22.25203],[114.13249,22.25202],[114.13223,22.25214],[114.13219,22.25227],[114.13227,22.25247],[114.13199,22.25281],[114.13201,22.25309],[114.13188,22.25327],[114.13185,22.25348],[114.13187,22.25385],[114.13219,22.25527],[114.1298,22.25848],[114.12962,22.25836],[114.12884,22.25941],[114.12881,22.25945],[114.12899,22.25957],[114.12768,22.26144],[114.12751,22.26152],[114.12737,22.26194],[114.12704,22.26223],[114.12662,22.26239],[114.12656,22.26276],[114.12615,22.26328],[114.1259,22.26419],[114.12584,22.26416],[114.12342,22.26842],[114.12267,22.26987],[114.12263,22.27017],[114.12193,22.27084],[114.12154,22.2711],[114.12052,22.27164],[114.12008,22.27157],[114.11953,22.27181],[114.11938,22.272],[114.11929,22.27198],[114.11895,22.27259],[114.11867,22.27272],[114.11855,22.27292],[114.11831,22.2731],[114.11793,22.27376],[114.1185,22.27413],[114.11895,22.2737],[114.11925,22.27353],[114.12043,22.27329],[114.12114,22.27265],[114.12153,22.27247],[114.12201,22.27246],[114.12288,22.27287],[114.12359,22.2727],[114.12538,22.27346],[114.126,22.27412],[114.12632,22.27432],[114.12676,22.27444],[114.1277,22.27454],[114.12822,22.27473],[114.12886,22.27515],[114.1293,22.27569],[114.13322,22.27356],[114.13321,22.2735],[114.13342,22.27347],[114.13358,22.27338]]]}},{"type":"Feature","id":"OZP-S-H6-17","properties":{"id":"OZP-S-H6-17","micro_district":"铜锣湾及天后","micro_district_en":"Statutory Scheme (S/H6/17)","main_area":"港岛湾仔及东半山","color":"#db2777"},"geometry":{"type":"Polygon","coordinates":[[[114.18646,22.28226],[114.18726,22.28011],[114.18747,22.27995],[114.18765,22.27933],[114.19183,22.28221],[114.19201,22.28107],[114.19232,22.28021],[114.19236,22.27975],[114.19221,22.27945],[114.19332,22.27785],[114.19365,22.27759],[114.19405,22.27685],[114.19473,22.27686],[114.19513,22.27662],[114.19526,22.27629],[114.19527,22.27588],[114.196,22.27527],[114.19626,22.27492],[114.19651,22.27434],[114.19594,22.27447],[114.19376,22.27449],[114.19347,22.27434],[114.19328,22.27379],[114.19309,22.27361],[114.1926,22.27354],[114.19207,22.27375],[114.1919,22.27326],[114.19192,22.27197],[114.19182,22.27154],[114.19109,22.2704],[114.19098,22.26971],[114.19087,22.26948],[114.19047,22.26904],[114.19004,22.2688],[114.18959,22.26912],[114.18925,22.26893],[114.18873,22.26904],[114.18824,22.26965],[114.18768,22.26999],[114.18753,22.27101],[114.1873,22.27147],[114.18727,22.27178],[114.18736,22.2721],[114.1875,22.27232],[114.18779,22.27253],[114.18791,22.27472],[114.18832,22.275],[114.18852,22.27544],[114.18849,22.2758],[114.18838,22.27602],[114.18723,22.27707],[114.18654,22.2774],[114.18609,22.2778],[114.18536,22.27709],[114.18488,22.2782],[114.18386,22.27782],[114.18363,22.27786],[114.18197,22.28149],[114.18197,22.28215],[114.18233,22.28205],[114.18254,22.28208],[114.1834,22.28231],[114.18404,22.28258],[114.18472,22.28306],[114.18529,22.28368],[114.18568,22.28398],[114.18607,22.28382],[114.18637,22.28255],[114.18646,22.28226]]]}},{"type":"Feature","id":"OZP-S-I-SHW-2","properties":{"id":"OZP-S-I-SHW-2","micro_district":"法定规划区 (S/I-SHW/2)","micro_district_en":"Statutory Scheme (S/I-SHW/2)","main_area":"新界其他","color":"#3b82f6"},"geometry":{"type":"Polygon","coordinates":[[[113.99721,22.31994],[113.99799,22.31973],[113.99825,22.31977],[113.99846,22.3199],[113.99865,22.31963],[114.00128,22.31796],[114.00108,22.31751],[114.00127,22.31726],[114.0011,22.31648],[114.0009,22.31631],[114.00079,22.31596],[114.00168,22.314],[114.00357,22.31265],[114.00474,22.30977],[114.00412,22.30899],[114.00231,22.30916],[114.00121,22.30906],[114.00015,22.30952],[113.99839,22.30847],[113.99817,22.30805],[113.99804,22.30862],[113.99796,22.30868],[113.99707,22.30834],[113.99624,22.3084],[113.99586,22.30778],[113.99553,22.30805],[113.99519,22.30817],[113.99485,22.30815],[113.99432,22.30794],[113.99374,22.30814],[113.99332,22.3081],[113.99318,22.30799],[113.99309,22.30759],[113.99233,22.30774],[113.99189,22.30676],[113.99134,22.30608],[113.99086,22.3066],[113.98889,22.30622],[113.98786,22.30671],[113.98749,22.30673],[113.98714,22.30646],[113.98688,22.30565],[113.98672,22.30543],[113.98646,22.30531],[113.98597,22.30527],[113.9857,22.30504],[113.98518,22.30484],[113.98497,22.30465],[113.98442,22.30383],[113.98417,22.30366],[113.98348,22.30351],[113.98316,22.30327],[113.98325,22.30297],[113.98304,22.30276],[113.98301,22.30236],[113.98281,22.30217],[113.98175,22.30198],[113.9815,22.30174],[113.98137,22.30144],[113.98085,22.30147],[113.98046,22.30169],[113.97966,22.30171],[113.97956,22.30203],[113.97965,22.3026],[113.97976,22.30274],[113.97931,22.30242],[113.97856,22.30379],[113.9783,22.30371],[113.97805,22.30388],[113.97801,22.30415],[113.97814,22.30489],[113.97779,22.30464],[113.97961,22.30718],[113.98017,22.30757],[113.98416,22.30986],[113.98502,22.31026],[113.98643,22.31114],[113.98685,22.31125],[113.99102,22.31169],[113.99157,22.3119],[113.9923,22.31236],[113.99521,22.31477],[113.99608,22.31578],[113.9972,22.31733],[113.99698,22.31815],[113.99639,22.31848],[113.99637,22.31858],[113.99612,22.31872],[113.99715,22.31987],[113.99721,22.31994]]]}},{"type":"Feature","id":"OZP-S-I-NEL-12","properties":{"id":"OZP-S-I-NEL-12","micro_district":"法定规划区 (S/I-NEL/12)","micro_district_en":"Statutory Scheme (S/I-NEL/12)","main_area":"新界其他","color":"#3b82f6"},"geometry":{"type":"Polygon","coordinates":[[[114.04564,22.34753],[114.04592,22.3474],[114.04606,22.34708],[114.04629,22.34689],[114.04684,22.34684],[114.0478,22.34639],[114.04855,22.34641],[114.04964,22.34628],[114.05086,22.34542],[114.05119,22.345],[114.05182,22.3449],[114.05181,22.34462],[114.05151,22.34436],[114.05186,22.34424],[114.05171,22.34389],[114.05281,22.34335],[114.05312,22.34362],[114.05388,22.34344],[114.05423,22.34293],[114.05423,22.34265],[114.05413,22.34256],[114.05381,22.34256],[114.05369,22.34228],[114.05429,22.34198],[114.05557,22.34075],[114.05581,22.34062],[114.0558,22.34039],[114.05559,22.33993],[114.056,22.3391],[114.05626,22.33835],[114.0573,22.33751],[114.05742,22.33704],[114.05725,22.33673],[114.05725,22.33621],[114.05753,22.33593],[114.05753,22.33565],[114.05927,22.33486],[114.05981,22.33441],[114.06041,22.33359],[114.06078,22.33273],[114.0609,22.33173],[114.06075,22.32938],[114.06011,22.32633],[114.06015,22.32578],[114.06045,22.32487],[114.06095,22.32397],[114.06165,22.32313],[114.06536,22.32008],[114.06617,22.3192],[114.06783,22.31623],[114.0734,22.30541],[114.07435,22.30395],[114.07553,22.30265],[114.07567,22.30173],[114.07617,22.29982],[114.07623,22.29917],[114.07605,22.29401],[114.07605,22.29311],[114.07618,22.29246],[114.07713,22.29078],[114.07812,22.28947],[114.07886,22.28908],[114.07976,22.28902],[114.07983,22.28613],[114.07955,22.28566],[114.07956,22.28514],[114.07902,22.28484],[114.0789,22.28442],[114.07892,22.28412],[114.07901,22.28396],[114.07955,22.28365],[114.07979,22.28327],[114.07982,22.2828],[114.0796,22.28239],[114.07924,22.28221],[114.07847,22.28204],[114.07747,22.28223],[114.07673,22.28209],[114.07648,22.28228],[114.07621,22.28233],[114.07506,22.28193],[114.07289,22.2796],[114.06281,22.27192],[114.05969,22.2783],[114.07287,22.28843],[114.07445,22.29233],[114.07446,22.29565],[114.07262,22.2977],[114.05629,22.28512],[114.05332,22.29104],[114.05378,22.29138],[114.05398,22.29168],[114.05448,22.29191],[114.06927,22.3032],[114.07005,22.30396],[114.07059,22.30485],[114.07074,22.3052],[114.07062,22.30585],[114.06577,22.31527],[114.06559,22.31533],[114.06338,22.31466],[114.04803,22.30725],[114.04739,22.30718],[114.04628,22.30739],[114.04628,22.3057],[114.04594,22.3057],[114.04594,22.30672],[114.04546,22.30672],[114.04546,22.30624],[114.04516,22.30624],[114.04516,22.30734],[114.04446,22.30714],[114.04278,22.30643],[114.04131,22.30606],[114.0397,22.30596],[114.03817,22.30617],[114.03658,22.30674],[114.03459,22.30792],[114.03355,22.30882],[114.03318,22.30939],[114.03314,22.30957],[114.03247,22.31025],[114.03234,22.31054],[114.03235,22.31081],[114.03341,22.31209],[114.03357,22.31259],[114.03331,22.31486],[114.03341,22.31715],[114.033,22.31812],[114.03286,22.31825],[114.03216,22.32045],[114.03159,22.32116],[114.03068,22.32296],[114.03054,22.3235],[114.03033,22.32518],[114.03014,22.32588],[114.02956,22.32658],[114.02868,22.32741],[114.02756,22.32821],[114.02755,22.3291],[114.02744,22.32994],[114.02639,22.32957],[114.02469,22.32781],[114.02384,22.32715],[114.02306,22.32668],[114.0212,22.32587],[114.0206,22.32592],[114.02045,22.32609],[114.02052,22.32634],[114.02049,22.32669],[114.02067,22.32677],[114.02079,22.32698],[114.02181,22.32753],[114.02205,22.32829],[114.02267,22.32886],[114.02254,22.329],[114.02244,22.32933],[114.02279,22.32978],[114.02283,22.3304],[114.02295,22.33068],[114.02283,22.33092],[114.02294,22.33121],[114.02303,22.3313],[114.02329,22.33132],[114.02353,22.33154],[114.02392,22.33168],[114.02403,22.33197],[114.0243,22.33231],[114.02411,22.33265],[114.02398,22.33266],[114.02376,22.33342],[114.02383,22.33374],[114.02339,22.33474],[114.02256,22.33526],[114.0224,22.33568],[114.02211,22.33609],[114.02208,22.33631],[114.02396,22.33705],[114.03291,22.3397],[114.03768,22.34126],[114.0436,22.34305],[114.04458,22.34346],[114.04456,22.34426],[114.04445,22.34451],[114.04425,22.34469],[114.04417,22.34529],[114.04418,22.34547],[114.04433,22.34556],[114.04449,22.34599],[114.04437,22.34665],[114.04481,22.34709],[114.04558,22.34752],[114.04564,22.34753]]]}},{"type":"Feature","id":"OZP-S-I-LWKS-2","properties":{"id":"OZP-S-I-LWKS-2","micro_district":"法定规划区 (S/I-LWKS/2)","micro_district_en":"Statutory Scheme (S/I-LWKS/2)","main_area":"新界其他","color":"#3b82f6"},"geometry":{"type":"MultiPolygon","coordinates":[[[[113.88661,22.25201],[113.88721,22.25235],[113.88759,22.25216],[113.88785,22.25218],[113.88871,22.25171],[113.89039,22.25155],[113.89047,22.25138],[113.89035,22.25108],[113.89088,22.2511],[113.8912,22.25099],[113.89212,22.24971],[113.89267,22.24925],[113.89278,22.24889],[113.89314,22.24636],[113.89299,22.24605],[113.89188,22.24478],[113.89167,22.24473],[113.89096,22.2452],[113.89092,22.24573],[113.8904,22.24634],[113.88936,22.24644],[113.88918,22.2464],[113.88876,22.24589],[113.88886,22.245],[113.88877,22.24491],[113.88855,22.2449],[113.8882,22.245],[113.88807,22.24599],[113.88711,22.24615],[113.88656,22.24659],[113.88631,22.24666],[113.88588,22.2463],[113.88593,22.24586],[113.88586,22.24568],[113.8857,22.24558],[113.88503,22.24547],[113.88496,22.2453],[113.88511,22.24495],[113.88507,22.24478],[113.8849,22.24467],[113.88434,22.24454],[113.88419,22.24399],[113.88364,22.24335],[113.88325,22.24315],[113.88314,22.24301],[113.88326,22.24262],[113.88352,22.24239],[113.88436,22.24216],[113.88522,22.24204],[113.88542,22.24191],[113.88527,22.24161],[113.8843,22.24043],[113.88391,22.24048],[113.88298,22.24079],[113.88181,22.24137],[113.88173,22.24132],[113.88187,22.24105],[113.88179,22.24084],[113.88065,22.24032],[113.88044,22.24037],[113.88001,22.24084],[113.87965,22.24089],[113.87934,22.24079],[113.87903,22.24055],[113.87914,22.24037],[113.87913,22.23959],[113.879,22.23936],[113.87877,22.23923],[113.87851,22.23921],[113.87799,22.23938],[113.87769,22.23969],[113.87741,22.23937],[113.87742,22.23925],[113.87696,22.23906],[113.87672,22.23924],[113.87647,22.23965],[113.87606,22.23962],[113.87574,22.23973],[113.87553,22.239],[113.87558,22.23879],[113.87586,22.23851],[113.87586,22.23834],[113.87575,22.23828],[113.87515,22.2386],[113.87487,22.23892],[113.87464,22.23953],[113.87428,22.23987],[113.87414,22.2399],[113.87393,22.2398],[113.8735,22.23977],[113.87323,22.23951],[113.8731,22.23952],[113.87274,22.24018],[113.87281,22.24038],[113.87326,22.2409],[113.87327,22.24125],[113.87315,22.24158],[113.87344,22.24226],[113.87383,22.24288],[113.87379,22.24331],[113.87356,22.24364],[113.87358,22.24391],[113.87367,22.24406],[113.8742,22.24418],[113.87438,22.24436],[113.87384,22.24495],[113.87316,22.24656],[113.8734,22.24669],[113.87392,22.24658],[113.87417,22.24663],[113.87449,22.24691],[113.87479,22.24733],[113.87489,22.24779],[113.87464,22.24811],[113.87456,22.24843],[113.87464,22.24871],[113.87513,22.24934],[113.87522,22.25005],[113.87547,22.25043],[113.87569,22.25049],[113.87566,22.25058],[113.87588,22.25069],[113.87608,22.25094],[113.87619,22.25093],[113.87646,22.25028],[113.87699,22.24958],[113.87712,22.24921],[113.87768,22.24864],[113.87795,22.24849],[113.87837,22.24854],[113.8792,22.2492],[113.87943,22.24927],[113.87962,22.24919],[113.88002,22.24869],[113.88031,22.2485],[113.88067,22.2484],[113.88092,22.24857],[113.8811,22.24859],[113.88209,22.24789],[113.88253,22.24788],[113.88279,22.24798],[113.88302,22.24789],[113.88317,22.24805],[113.88298,22.24843],[113.88285,22.24988],[113.88302,22.25037],[113.8835,22.25109],[113.88504,22.2512],[113.88506,22.2515],[113.88521,22.25171],[113.88557,22.25189],[113.88587,22.2519],[113.88587,22.2522],[113.88629,22.25256],[113.88643,22.25255],[113.88654,22.2524],[113.88661,22.25201],[113.88661,22.25201]]],[[[113.89191,22.25143],[113.89149,22.25132],[113.89136,22.25174],[113.89169,22.25183],[113.89181,22.25177],[113.89185,22.25164],[113.89191,22.25143]]]]}},{"type":"Feature","id":"OZP-S-I-MWN-1","properties":{"id":"OZP-S-I-MWN-1","micro_district":"法定规划区 (S/I-MWN/1)","micro_district_en":"Statutory Scheme (S/I-MWN/1)","main_area":"新界其他","color":"#3b82f6"},"geometry":{"type":"Polygon","coordinates":[[[114.00014,22.27907],[114.00053,22.27915],[114.00074,22.27891],[114.00104,22.27881],[114.00109,22.27868],[114.0009,22.27862],[114.00083,22.2785],[114.00092,22.27804],[114.00059,22.27799],[113.9995,22.27683],[113.99907,22.27667],[113.99901,22.2765],[113.99917,22.27611],[113.99914,22.27599],[113.99856,22.27566],[113.99788,22.27603],[113.99704,22.27587],[113.99696,22.2758],[113.99789,22.27507],[113.99794,22.27435],[113.99874,22.27405],[113.99868,22.27369],[113.99875,22.27357],[113.9996,22.27333],[113.99998,22.27415],[114.00092,22.27439],[114.00137,22.27471],[114.00185,22.27529],[114.00337,22.27582],[114.00473,22.27785],[114.00474,22.27804],[114.00454,22.27826],[114.00459,22.27829],[114.00519,22.27842],[114.00546,22.27799],[114.00663,22.27735],[114.00737,22.27737],[114.00803,22.27757],[114.00699,22.27597],[114.00722,22.27523],[114.00689,22.27464],[114.00715,22.27365],[114.00685,22.2731],[114.00684,22.27293],[114.00703,22.27274],[114.00757,22.27273],[114.00773,22.27266],[114.00844,22.27179],[114.00978,22.27091],[114.00991,22.27032],[114.01094,22.27042],[114.01107,22.27028],[114.01126,22.26971],[114.01138,22.26963],[114.01149,22.26966],[114.01175,22.26997],[114.0119,22.26997],[114.01232,22.26941],[114.01284,22.26917],[114.01286,22.26826],[114.01292,22.26813],[114.01315,22.26802],[114.01351,22.26813],[114.01374,22.26812],[114.01394,22.268],[114.01414,22.26775],[114.01489,22.26758],[114.0167,22.26753],[114.01807,22.26781],[114.01866,22.26801],[114.01927,22.26775],[114.01948,22.26776],[114.0196,22.26777],[114.0197,22.26797],[114.0199,22.26813],[114.02023,22.26805],[114.02115,22.26827],[114.02126,22.26821],[114.02145,22.26825],[114.0216,22.26813],[114.02172,22.26814],[114.02156,22.26799],[114.02149,22.26755],[114.02155,22.26705],[114.0217,22.26666],[114.0218,22.26653],[114.02212,22.26655],[114.02247,22.26672],[114.02215,22.26654],[114.02182,22.26652],[114.02193,22.26637],[114.02216,22.2662],[114.02236,22.26628],[114.02286,22.26628],[114.02318,22.26643],[114.02333,22.2663],[114.02351,22.26631],[114.02343,22.26616],[114.0236,22.26597],[114.02339,22.26576],[114.02289,22.26608],[114.02249,22.26608],[114.02238,22.26602],[114.02237,22.26589],[114.02225,22.26587],[114.02223,22.26601],[114.022,22.26607],[114.02198,22.26593],[114.02185,22.26609],[114.02101,22.26583],[114.02083,22.26608],[114.02053,22.26627],[114.01967,22.26645],[114.01951,22.26627],[114.01947,22.26634],[114.01923,22.26616],[114.01889,22.26615],[114.01837,22.26592],[114.01838,22.26585],[114.01811,22.2657],[114.01806,22.26551],[114.0175,22.26548],[114.01724,22.26538],[114.0169,22.26539],[114.01664,22.26552],[114.0162,22.2655],[114.01581,22.26542],[114.01572,22.26526],[114.01559,22.26533],[114.01535,22.26523],[114.01527,22.26525],[114.01529,22.26534],[114.01504,22.26523],[114.01496,22.26532],[114.01487,22.26525],[114.0149,22.2653],[114.01477,22.26536],[114.01463,22.26536],[114.01456,22.26525],[114.01408,22.26536],[114.01398,22.2653],[114.01392,22.26535],[114.01406,22.26536],[114.01397,22.26539],[114.01402,22.26545],[114.01389,22.26546],[114.01384,22.26558],[114.01359,22.26558],[114.01369,22.26565],[114.0136,22.26583],[114.01366,22.26588],[114.01353,22.26603],[114.0133,22.26603],[114.01318,22.26616],[114.01306,22.26608],[114.01271,22.26616],[114.01229,22.26638],[114.0122,22.26638],[114.01219,22.2663],[114.01211,22.26641],[114.01191,22.26643],[114.01183,22.26656],[114.01158,22.26654],[114.01152,22.26668],[114.01137,22.26675],[114.01109,22.26677],[114.011,22.26668],[114.01087,22.26676],[114.01089,22.26669],[114.01082,22.26669],[114.01071,22.26674],[114.01068,22.26694],[114.01055,22.26701],[114.01027,22.26694],[114.01035,22.267],[114.01026,22.26707],[114.01036,22.26722],[114.01029,22.26732],[114.01046,22.26734],[114.0105,22.26755],[114.01059,22.26761],[114.01059,22.26795],[114.01034,22.26854],[114.00997,22.26893],[114.00923,22.26891],[114.00929,22.26886],[114.0092,22.26884],[114.00906,22.26887],[114.00913,22.26894],[114.00897,22.26898],[114.00854,22.26899],[114.00841,22.26909],[114.00813,22.26905],[114.00742,22.26947],[114.0071,22.26944],[114.00706,22.2694],[114.00714,22.26932],[114.00704,22.26928],[114.007,22.26955],[114.00642,22.26966],[114.00594,22.27017],[114.00588,22.27008],[114.0058,22.27013],[114.00585,22.27024],[114.00541,22.27059],[114.00549,22.27066],[114.0054,22.27074],[114.00545,22.27093],[114.0053,22.27116],[114.00502,22.27118],[114.00469,22.27139],[114.00418,22.27142],[114.00398,22.2717],[114.00385,22.27171],[114.00384,22.27159],[114.00372,22.2716],[114.00373,22.27177],[114.0038,22.27176],[114.00394,22.27196],[114.0037,22.27236],[114.00273,22.27259],[114.00155,22.27235],[114.00117,22.27207],[114.00132,22.27208],[114.0013,22.27188],[114.00106,22.27194],[114.0011,22.27204],[114.00098,22.27198],[114.00004,22.27128],[113.99945,22.27059],[113.99903,22.26988],[113.99869,22.26866],[113.99754,22.2687],[113.9972,22.26857],[113.99713,22.26886],[113.99718,22.269],[113.99709,22.269],[113.99658,22.26866],[113.99653,22.26872],[113.99627,22.26842],[113.99516,22.26774],[113.99436,22.2676],[113.99435,22.26746],[113.99394,22.26737],[113.99369,22.26783],[113.99371,22.26929],[113.99379,22.26929],[113.99321,22.27137],[113.99407,22.27214],[113.99405,22.27292],[113.99449,22.27337],[113.9952,22.27367],[113.99498,22.27379],[113.99421,22.2735],[113.99405,22.2736],[113.99382,22.27402],[113.99348,22.274],[113.99323,22.27416],[113.99227,22.27362],[113.99113,22.2739],[113.99139,22.27415],[113.99185,22.27439],[113.99187,22.27455],[113.99171,22.27469],[113.99144,22.27465],[113.99112,22.27435],[113.99048,22.27453],[113.9898,22.27437],[113.98976,22.27446],[113.98991,22.27455],[113.99053,22.27475],[113.99086,22.27496],[113.99096,22.27525],[113.99089,22.27543],[113.99068,22.2755],[113.98959,22.27512],[113.98913,22.27514],[113.98878,22.27555],[113.98852,22.27564],[113.98838,22.27596],[113.98842,22.27663],[113.98924,22.27661],[113.98947,22.27674],[113.9896,22.27655],[113.99075,22.27736],[113.99218,22.27736],[113.99242,22.27727],[113.99257,22.27709],[113.9927,22.27619],[113.99322,22.27624],[113.99349,22.27681],[113.99488,22.27777],[113.99535,22.27898],[113.99643,22.2797],[113.99781,22.28105],[113.99807,22.28093],[113.99809,22.28046],[113.99824,22.28029],[114.00001,22.27987],[114.0001,22.27964],[113.99992,22.27927],[114.00012,22.27907],[114.00014,22.27907]]]}},{"type":"Feature","id":"OZP-S-I-MWF-10","properties":{"id":"OZP-S-I-MWF-10","micro_district":"法定规划区 (S/I-MWF/10)","micro_district_en":"Statutory Scheme (S/I-MWF/10)","main_area":"新界其他","color":"#3b82f6"},"geometry":{"type":"Polygon","coordinates":[[[113.98842,22.27586],[113.98852,22.27564],[113.98878,22.27555],[113.98899,22.27524],[113.98922,22.2751],[113.98959,22.27512],[113.99068,22.2755],[113.99085,22.27547],[113.99096,22.27525],[113.99086,22.27496],[113.98976,22.27443],[113.98988,22.27435],[113.99021,22.27449],[113.99053,22.27452],[113.99108,22.27434],[113.99151,22.27468],[113.99171,22.27469],[113.99184,22.27461],[113.99189,22.27449],[113.99182,22.27434],[113.99139,22.27415],[113.99113,22.2739],[113.99227,22.27362],[113.99323,22.27416],[113.99348,22.274],[113.99382,22.27402],[113.99405,22.2736],[113.99421,22.2735],[113.99496,22.27379],[113.99518,22.2737],[113.99449,22.27337],[113.99405,22.27292],[113.99407,22.27214],[113.99321,22.27137],[113.99379,22.26929],[113.99371,22.26929],[113.9937,22.26776],[113.99388,22.26742],[113.99424,22.26721],[113.99358,22.26693],[113.99374,22.26652],[113.99464,22.26579],[113.99508,22.26557],[113.99554,22.26549],[113.99583,22.26496],[113.99568,22.26476],[113.99563,22.26451],[113.99616,22.26415],[113.9968,22.26447],[113.99784,22.26476],[113.99792,22.26497],[113.9984,22.26553],[113.99919,22.26472],[113.99986,22.26499],[113.99993,22.26513],[114.00021,22.26513],[114.00014,22.26425],[114.00051,22.26416],[114.00047,22.26406],[114.00032,22.26386],[114.00009,22.26375],[113.99951,22.26368],[113.99946,22.26357],[113.99954,22.26286],[113.99914,22.26257],[113.99931,22.26223],[113.99941,22.26221],[113.99939,22.26207],[114.00007,22.26188],[114.00097,22.26183],[114.00182,22.26207],[114.00281,22.26187],[114.0032,22.26172],[114.00317,22.25961],[114.0031,22.25927],[114.00291,22.25896],[114.00263,22.25884],[114.00201,22.25904],[114.00144,22.25886],[114.00011,22.25897],[113.99991,22.25875],[113.99961,22.25857],[113.9996,22.25847],[114.00031,22.25795],[114.00039,22.25776],[114.00033,22.25757],[113.99967,22.25703],[113.99916,22.25703],[113.99895,22.25671],[113.99845,22.25649],[113.998,22.25665],[113.99754,22.2572],[113.99703,22.25759],[113.99689,22.25785],[113.99638,22.25831],[113.99612,22.25895],[113.99569,22.25924],[113.99496,22.25928],[113.99459,22.25945],[113.99412,22.25922],[113.99291,22.25916],[113.99243,22.25892],[113.99199,22.25804],[113.99164,22.25769],[113.99116,22.25743],[113.9904,22.25734],[113.99,22.25719],[113.98932,22.25625],[113.98905,22.25609],[113.98883,22.25606],[113.98813,22.25626],[113.98764,22.25608],[113.98788,22.25672],[113.98855,22.25758],[113.989,22.25796],[113.98973,22.25834],[113.98963,22.25865],[113.9901,22.25934],[113.99019,22.25975],[113.98988,22.26045],[113.98967,22.26045],[113.9896,22.26016],[113.98914,22.2599],[113.98894,22.25948],[113.98873,22.25945],[113.98831,22.25914],[113.98824,22.25885],[113.98844,22.25844],[113.98828,22.25834],[113.9878,22.25763],[113.98767,22.25807],[113.98747,22.25831],[113.98712,22.25772],[113.9868,22.25777],[113.98666,22.25758],[113.98602,22.25774],[113.98599,22.25796],[113.98584,22.25794],[113.9858,22.25818],[113.98556,22.25816],[113.98489,22.25843],[113.98488,22.25885],[113.98431,22.25893],[113.98409,22.2591],[113.98412,22.25916],[113.98434,22.25909],[113.98447,22.25913],[113.98464,22.25933],[113.98489,22.25936],[113.98499,22.25952],[113.98509,22.2594],[113.98525,22.2594],[113.98545,22.25964],[113.98562,22.25962],[113.98585,22.25974],[113.98583,22.25999],[113.9861,22.26026],[113.98652,22.26096],[113.98642,22.26126],[113.98649,22.26152],[113.98687,22.26183],[113.98685,22.26192],[113.9865,22.26201],[113.98636,22.26219],[113.98664,22.26241],[113.98669,22.26263],[113.98694,22.26305],[113.98675,22.26365],[113.98743,22.26389],[113.98752,22.26405],[113.98743,22.26433],[113.98729,22.26441],[113.98657,22.2643],[113.9864,22.26422],[113.98624,22.26394],[113.98573,22.26375],[113.98517,22.26371],[113.98464,22.26348],[113.98417,22.26343],[113.98375,22.26351],[113.98368,22.26377],[113.98355,22.26384],[113.98319,22.26374],[113.98295,22.26401],[113.98261,22.26422],[113.9825,22.26442],[113.9826,22.26462],[113.98281,22.2647],[113.98298,22.26494],[113.98303,22.26522],[113.98342,22.26527],[113.98373,22.2655],[113.98408,22.26563],[113.98415,22.26597],[113.98464,22.26645],[113.98435,22.26671],[113.98396,22.26675],[113.98374,22.26707],[113.98329,22.26721],[113.98299,22.2676],[113.98296,22.26797],[113.98338,22.26886],[113.98336,22.2691],[113.98265,22.26926],[113.98198,22.26929],[113.98199,22.26975],[113.98182,22.26976],[113.98163,22.26954],[113.98163,22.26975],[113.98141,22.26986],[113.9816,22.26991],[113.98198,22.2702],[113.98226,22.27022],[113.98234,22.27047],[113.98259,22.2704],[113.98271,22.27061],[113.98277,22.27077],[113.98269,22.27138],[113.98277,22.27158],[113.98264,22.27177],[113.98266,22.27195],[113.98256,22.27219],[113.98295,22.27222],[113.98339,22.27241],[113.98378,22.27237],[113.98438,22.27254],[113.98454,22.27269],[113.98479,22.27276],[113.98494,22.27304],[113.98571,22.27324],[113.98578,22.27334],[113.98539,22.27359],[113.98513,22.27337],[113.98466,22.27341],[113.98499,22.27375],[113.98499,22.27408],[113.98527,22.27416],[113.98576,22.27461],[113.98606,22.27457],[113.98619,22.27476],[113.98637,22.27478],[113.98667,22.27546],[113.98727,22.27551],[113.98734,22.2758],[113.98775,22.27598],[113.98784,22.27638],[113.98816,22.27658],[113.98842,22.27663],[113.9884,22.27592],[113.98842,22.27586]]]}},{"type":"Feature","id":"OZP-S-I-MWI-14","properties":{"id":"OZP-S-I-MWI-14","micro_district":"法定规划区 (S/I-MWI/14)","micro_district_en":"Statutory Scheme (S/I-MWI/14)","main_area":"新界其他","color":"#3b82f6"},"geometry":{"type":"MultiPolygon","coordinates":[[[[114.0596,22.35604],[114.05998,22.35599],[114.06061,22.35575],[114.06089,22.355],[114.06141,22.35465],[114.06188,22.35453],[114.06218,22.35455],[114.06281,22.35478],[114.06329,22.3553],[114.06335,22.35547],[114.06369,22.35546],[114.06386,22.35555],[114.0639,22.35563],[114.06383,22.35576],[114.06377,22.35575],[114.06383,22.35578],[114.06397,22.35572],[114.06398,22.35579],[114.06441,22.35591],[114.06452,22.35572],[114.06475,22.35592],[114.06491,22.35583],[114.06488,22.35565],[114.06502,22.35556],[114.06511,22.3556],[114.06523,22.35515],[114.06471,22.3549],[114.06459,22.3543],[114.06432,22.35429],[114.06426,22.35411],[114.06397,22.35399],[114.06337,22.35387],[114.06316,22.35354],[114.0631,22.35314],[114.06316,22.35281],[114.06366,22.35282],[114.06498,22.35324],[114.0652,22.35268],[114.06406,22.35235],[114.06311,22.35234],[114.06298,22.3522],[114.06308,22.35198],[114.06301,22.3519],[114.0628,22.35201],[114.06251,22.35197],[114.06241,22.35182],[114.06224,22.35177],[114.06232,22.35165],[114.06208,22.35161],[114.06176,22.35141],[114.06166,22.35114],[114.06168,22.35095],[114.06144,22.35074],[114.06155,22.35058],[114.06156,22.34938],[114.06168,22.34914],[114.06169,22.34888],[114.06187,22.34883],[114.06193,22.34895],[114.06207,22.34898],[114.06231,22.3486],[114.0639,22.34879],[114.06386,22.34893],[114.0642,22.34903],[114.06424,22.34888],[114.06445,22.34885],[114.06462,22.34869],[114.06473,22.34833],[114.06462,22.34786],[114.06511,22.34631],[114.06518,22.34625],[114.06598,22.34644],[114.0661,22.3463],[114.06624,22.34584],[114.06618,22.34576],[114.06623,22.34562],[114.06517,22.34532],[114.06509,22.3452],[114.06444,22.34503],[114.06428,22.34491],[114.06442,22.34473],[114.06459,22.34471],[114.06467,22.34461],[114.06463,22.34452],[114.06472,22.34447],[114.0646,22.34444],[114.06445,22.34424],[114.0642,22.34427],[114.06415,22.34419],[114.06401,22.34418],[114.06398,22.34425],[114.06348,22.34419],[114.06322,22.34424],[114.06261,22.34375],[114.06271,22.34362],[114.06255,22.34365],[114.06254,22.34356],[114.06172,22.34355],[114.06142,22.34336],[114.06103,22.34325],[114.06092,22.3433],[114.0606,22.34288],[114.061,22.34251],[114.06106,22.34254],[114.0611,22.34247],[114.06093,22.34239],[114.06089,22.34247],[114.06095,22.34249],[114.06055,22.34286],[114.05999,22.34255],[114.05959,22.34267],[114.05932,22.34262],[114.05916,22.34267],[114.05927,22.34276],[114.05929,22.34291],[114.05913,22.34317],[114.05874,22.3435],[114.05862,22.34395],[114.05843,22.34428],[114.05809,22.34451],[114.05722,22.34466],[114.05702,22.34492],[114.05683,22.34524],[114.05688,22.34539],[114.05678,22.34542],[114.05685,22.34544],[114.05688,22.34582],[114.05656,22.34623],[114.05672,22.34624],[114.05686,22.34655],[114.05676,22.34693],[114.05656,22.34693],[114.05655,22.34701],[114.05672,22.34701],[114.0567,22.34728],[114.05685,22.34731],[114.05687,22.34745],[114.05718,22.34747],[114.05709,22.34769],[114.05691,22.34786],[114.05684,22.34815],[114.05665,22.34826],[114.05641,22.34816],[114.05627,22.3482],[114.05614,22.34828],[114.05622,22.3484],[114.05597,22.34854],[114.05582,22.34836],[114.05551,22.34827],[114.05562,22.34788],[114.05539,22.34781],[114.05537,22.34789],[114.05556,22.34797],[114.05546,22.34823],[114.05484,22.3484],[114.05435,22.34865],[114.05401,22.34861],[114.054,22.34866],[114.05404,22.34885],[114.0545,22.3491],[114.05445,22.34919],[114.05456,22.34921],[114.05451,22.34933],[114.05456,22.34939],[114.05496,22.3496],[114.055,22.34972],[114.05507,22.34971],[114.05507,22.3498],[114.0554,22.35005],[114.05549,22.34996],[114.05615,22.34996],[114.05634,22.35004],[114.0568,22.35049],[114.05711,22.35062],[114.05731,22.35115],[114.0569,22.35122],[114.05706,22.35123],[114.05713,22.35131],[114.05703,22.3514],[114.05711,22.35164],[114.0573,22.35168],[114.05726,22.35183],[114.05751,22.35203],[114.05767,22.35245],[114.05766,22.3527],[114.05713,22.35297],[114.0572,22.3534],[114.05696,22.35353],[114.05683,22.35383],[114.05621,22.354],[114.05624,22.3542],[114.05632,22.35424],[114.05621,22.35473],[114.05638,22.35507],[114.0565,22.35515],[114.05649,22.35534],[114.05654,22.35527],[114.05697,22.35553],[114.05801,22.35548],[114.058,22.35569],[114.05825,22.35586],[114.05887,22.35602],[114.05959,22.35604],[114.0596,22.35604]]],[[[114.06244,22.34126],[114.06268,22.34115],[114.06248,22.34116],[114.06257,22.341],[114.06243,22.34104],[114.06277,22.34085],[114.06292,22.34036],[114.06307,22.34018],[114.06337,22.34004],[114.06359,22.34009],[114.06386,22.34002],[114.06391,22.33989],[114.06376,22.33975],[114.06389,22.33963],[114.06354,22.33941],[114.06359,22.33927],[114.06346,22.33916],[114.06292,22.33907],[114.06252,22.33922],[114.06238,22.33916],[114.06217,22.33925],[114.0621,22.33911],[114.06196,22.33915],[114.06215,22.33937],[114.06199,22.3397],[114.06202,22.33993],[114.06196,22.33997],[114.06219,22.34005],[114.06217,22.34015],[114.06205,22.34026],[114.06176,22.34018],[114.06187,22.34032],[114.06181,22.34052],[114.0612,22.34081],[114.06157,22.34097],[114.0617,22.34087],[114.06207,22.34093],[114.06216,22.34122],[114.06238,22.34121],[114.06241,22.34131],[114.06244,22.34126]]]]}},{"type":"Feature","id":"OZP-S-I-CLK-15","properties":{"id":"OZP-S-I-CLK-15","micro_district":"法定规划区 (S/I-CLK/15)","micro_district_en":"Statutory Scheme (S/I-CLK/15)","main_area":"新界其他","color":"#3b82f6"},"geometry":{"type":"Polygon","coordinates":[[[113.91943,22.33396],[113.91973,22.33316],[113.91996,22.3329],[113.9203,22.33279],[113.92094,22.33289],[113.92138,22.33285],[113.92177,22.33269],[113.92211,22.33237],[113.92359,22.32854],[113.92385,22.32823],[113.93618,22.32462],[113.9365,22.32442],[113.93673,22.32414],[113.93749,22.32216],[113.9377,22.32188],[113.93806,22.32164],[113.93873,22.32156],[113.9394,22.32177],[113.94367,22.32255],[113.94405,22.32307],[113.94461,22.32353],[113.94473,22.32379],[113.94497,22.32377],[113.94506,22.32336],[113.94561,22.32327],[113.94567,22.32317],[113.94564,22.3229],[113.94598,22.32282],[113.94581,22.32099],[113.94609,22.32039],[113.94644,22.31845],[113.94551,22.31514],[113.94237,22.31418],[113.9429,22.31391],[113.94329,22.31389],[113.94632,22.31446],[113.94686,22.31471],[113.94728,22.31508],[113.94759,22.31563],[113.94949,22.32164],[113.94977,22.32207],[113.95017,22.32236],[113.9507,22.32251],[113.95119,22.32249],[113.95958,22.32019],[113.96022,22.32043],[113.96059,22.32088],[113.96071,22.32169],[113.9607,22.32281],[113.9608,22.32307],[113.96121,22.32334],[113.96152,22.32335],[113.96176,22.32326],[113.96204,22.32291],[113.96207,22.32211],[113.96198,22.32061],[113.96175,22.3192],[113.95931,22.31142],[113.95877,22.31086],[113.95773,22.31031],[113.95411,22.31128],[113.95218,22.31234],[113.95084,22.31294],[113.94874,22.31358],[113.94799,22.31368],[113.94715,22.31358],[113.94571,22.31306],[113.94258,22.31246],[113.94198,22.31222],[113.94146,22.31188],[113.94104,22.31143],[113.94012,22.31016],[113.93986,22.30961],[113.93967,22.30889],[113.9396,22.30801],[113.9397,22.30719],[113.93998,22.30635],[113.9408,22.30473],[113.94094,22.30407],[113.94094,22.30343],[113.94078,22.30267],[113.94038,22.30188],[113.94,22.30141],[113.93889,22.30038],[113.93841,22.29973],[113.93816,22.29914],[113.93761,22.29729],[113.93753,22.29676],[113.93761,22.29628],[113.9384,22.29479],[113.93418,22.29074],[113.93361,22.29044],[113.93307,22.29035],[113.93257,22.29038],[113.93239,22.29046],[113.93228,22.29063],[113.91787,22.29495],[113.91636,22.29534],[113.90878,22.29532],[113.90622,22.29521],[113.9041,22.29497],[113.90276,22.29473],[113.90045,22.29419],[113.89897,22.29372],[113.89574,22.29374],[113.89526,22.29383],[113.89485,22.29403],[113.89436,22.29445],[113.89409,22.29493],[113.89396,22.29558],[113.89407,22.29615],[113.8943,22.29654],[113.89797,22.30121],[113.89817,22.30168],[113.89813,22.3023],[113.89736,22.30436],[113.89701,22.30424],[113.89668,22.30513],[113.89692,22.30527],[113.89694,22.30539],[113.89649,22.30658],[113.89627,22.30686],[113.89601,22.30701],[113.89572,22.30706],[113.89152,22.307],[113.89109,22.30708],[113.89069,22.30732],[113.8904,22.30767],[113.89,22.30872],[113.88997,22.3092],[113.89011,22.30959],[113.8904,22.30994],[113.89535,22.31367],[113.90095,22.31551],[113.90133,22.31581],[113.90141,22.31606],[113.90138,22.31632],[113.89901,22.32263],[113.89862,22.32288],[113.89821,22.32287],[113.8791,22.31676],[113.87869,22.31679],[113.87834,22.31693],[113.87803,22.31716],[113.87781,22.31746],[113.87675,22.32032],[113.87672,22.32078],[113.87686,22.3212],[113.87712,22.32152],[113.87742,22.32172],[113.88086,22.32285],[113.88138,22.32327],[113.88171,22.32344],[113.88498,22.32449],[113.88603,22.32451],[113.90931,22.33201],[113.91012,22.33259],[113.91342,22.33366],[113.91379,22.33372],[113.91447,22.33368],[113.91808,22.33479],[113.91852,22.33475],[113.91891,22.33459],[113.91922,22.33432],[113.91943,22.33397],[113.91943,22.33396]]]}},{"type":"Feature","id":"OZP-S-I-DB-4","properties":{"id":"OZP-S-I-DB-4","micro_district":"愉景湾","micro_district_en":"Statutory Scheme (S/I-DB/4)","main_area":"新界离岛及东涌","color":"#0ea5e9"},"geometry":{"type":"Polygon","coordinates":[[[114.03052,22.3145],[114.03095,22.31447],[114.03217,22.31504],[114.0326,22.31504],[114.03285,22.31431],[114.03328,22.31374],[114.03357,22.31272],[114.03353,22.31234],[114.03321,22.31181],[114.03236,22.31083],[114.03242,22.31114],[114.03206,22.3116],[114.03185,22.31165],[114.03123,22.31212],[114.03063,22.31241],[114.03004,22.31284],[114.02917,22.31308],[114.0288,22.31293],[114.02839,22.31257],[114.02842,22.31244],[114.02833,22.31215],[114.02811,22.31203],[114.0281,22.31192],[114.0279,22.31189],[114.02753,22.31163],[114.02745,22.31141],[114.02728,22.31134],[114.02729,22.31119],[114.02704,22.31122],[114.02684,22.31082],[114.02666,22.31064],[114.02611,22.31053],[114.026,22.31024],[114.02533,22.30997],[114.02405,22.30998],[114.02348,22.31014],[114.023,22.31006],[114.02228,22.31036],[114.02161,22.3105],[114.02016,22.31029],[114.02008,22.31021],[114.01935,22.31041],[114.01899,22.31061],[114.01813,22.31058],[114.01775,22.31034],[114.01745,22.30997],[114.01723,22.30985],[114.01743,22.30697],[114.01687,22.30675],[114.01689,22.30648],[114.01749,22.30651],[114.01751,22.30625],[114.01691,22.30621],[114.01692,22.30603],[114.0164,22.30584],[114.01594,22.30634],[114.01559,22.30616],[114.01572,22.30406],[114.01591,22.30381],[114.01667,22.30348],[114.01701,22.30339],[114.0171,22.30347],[114.01793,22.30306],[114.01803,22.30291],[114.01941,22.30299],[114.0195,22.30282],[114.01995,22.30281],[114.01909,22.3023],[114.01915,22.30188],[114.01934,22.30165],[114.01983,22.30148],[114.02004,22.30157],[114.02014,22.30179],[114.02026,22.3018],[114.02053,22.3016],[114.0207,22.30126],[114.02049,22.30122],[114.02038,22.30134],[114.02006,22.30139],[114.01975,22.30113],[114.01935,22.30121],[114.01882,22.30074],[114.01743,22.3003],[114.01633,22.30032],[114.01602,22.30041],[114.01568,22.30034],[114.01542,22.29966],[114.01541,22.29856],[114.01561,22.29763],[114.01612,22.29664],[114.01684,22.29688],[114.01698,22.29681],[114.01794,22.29703],[114.01798,22.29693],[114.01813,22.29696],[114.01815,22.29685],[114.01754,22.29668],[114.01779,22.29588],[114.01788,22.29584],[114.01923,22.29619],[114.0198,22.2957],[114.01999,22.2957],[114.02157,22.297],[114.02174,22.29701],[114.02191,22.29727],[114.02225,22.29738],[114.0226,22.29731],[114.02275,22.29736],[114.0231,22.2977],[114.02322,22.29793],[114.02313,22.2981],[114.0236,22.29856],[114.02376,22.29887],[114.02389,22.29896],[114.02449,22.29909],[114.02456,22.29897],[114.02452,22.29836],[114.0247,22.29794],[114.02497,22.2978],[114.02536,22.29788],[114.0253,22.2978],[114.02534,22.29768],[114.0256,22.29765],[114.02567,22.29737],[114.02588,22.29728],[114.02577,22.29706],[114.02583,22.29696],[114.02573,22.29685],[114.02578,22.29664],[114.0256,22.29644],[114.02551,22.29618],[114.02551,22.29574],[114.02558,22.29564],[114.02549,22.29546],[114.02551,22.29519],[114.02577,22.29486],[114.02607,22.29477],[114.02625,22.29461],[114.02625,22.29441],[114.02639,22.29433],[114.02643,22.29419],[114.02637,22.29407],[114.02622,22.29403],[114.02625,22.29393],[114.02781,22.29175],[114.02742,22.29103],[114.02724,22.29093],[114.02379,22.29152],[114.02134,22.29341],[114.02125,22.29339],[114.02019,22.29417],[114.0198,22.29393],[114.01939,22.29325],[114.01939,22.2931],[114.01995,22.29313],[114.01935,22.29306],[114.01914,22.29293],[114.0191,22.29209],[114.01918,22.29189],[114.01933,22.29193],[114.01921,22.29188],[114.01941,22.29136],[114.01975,22.29146],[114.01994,22.29142],[114.02001,22.29135],[114.02,22.29118],[114.02011,22.29109],[114.02116,22.2908],[114.02119,22.29062],[114.02102,22.29053],[114.02085,22.29071],[114.02058,22.29077],[114.0203,22.29065],[114.02012,22.29073],[114.01984,22.29067],[114.01945,22.29018],[114.01899,22.28933],[114.01887,22.28801],[114.01912,22.28688],[114.0194,22.28616],[114.01971,22.28565],[114.02012,22.28556],[114.0204,22.28513],[114.02054,22.2851],[114.02099,22.28465],[114.02144,22.28465],[114.02173,22.28491],[114.02193,22.28475],[114.02245,22.28487],[114.02257,22.28484],[114.02263,22.2847],[114.02293,22.28466],[114.02293,22.28455],[114.02303,22.28445],[114.02303,22.28432],[114.02294,22.28425],[114.02304,22.28415],[114.023,22.28396],[114.02311,22.28372],[114.02291,22.28364],[114.02286,22.28353],[114.02296,22.28349],[114.02276,22.28342],[114.02283,22.28339],[114.02281,22.28326],[114.02255,22.28309],[114.02237,22.28229],[114.02243,22.28217],[114.02259,22.28209],[114.02251,22.28203],[114.02263,22.28172],[114.02283,22.28169],[114.02248,22.2816],[114.02221,22.2811],[114.02194,22.28105],[114.022,22.28097],[114.02167,22.2809],[114.02162,22.2808],[114.02172,22.2791],[114.01765,22.279],[114.01309,22.27863],[114.01132,22.28009],[114.01134,22.28194],[114.01026,22.28221],[114.00922,22.28174],[114.00687,22.28193],[114.00591,22.28242],[114.00511,22.28203],[114.00479,22.28279],[114.00114,22.28248],[113.99971,22.28345],[113.99624,22.28348],[113.99433,22.28364],[113.9942,22.28376],[113.99397,22.28369],[113.99335,22.28389],[113.99298,22.28379],[113.9919,22.28411],[113.99163,22.28431],[113.99158,22.28444],[113.99176,22.28497],[113.99195,22.28509],[113.99206,22.28529],[113.99271,22.28544],[113.99325,22.28586],[113.99358,22.28602],[113.99395,22.28608],[113.99511,22.28656],[113.99547,22.28661],[113.99635,22.2872],[113.99625,22.28748],[113.99617,22.289],[113.99559,22.29023],[113.99542,22.29142],[113.99552,22.29186],[113.99587,22.29271],[113.99603,22.29341],[113.99641,22.29401],[113.99657,22.29449],[113.99638,22.29727],[113.99662,22.29809],[113.99644,22.29876],[113.9981,22.29883],[113.99905,22.29912],[114.00019,22.29962],[113.99945,22.30088],[113.99941,22.30116],[113.99997,22.30135],[114.00013,22.30149],[114.00051,22.30219],[114.00102,22.30271],[114.00144,22.30382],[114.00177,22.30402],[114.00275,22.3044],[114.00346,22.30522],[114.00478,22.30623],[114.00515,22.30668],[114.00566,22.30757],[114.00674,22.30861],[114.00693,22.30913],[114.00702,22.31043],[114.00647,22.31233],[114.00636,22.31313],[114.00652,22.31378],[114.00685,22.31421],[114.00737,22.31443],[114.00795,22.31446],[114.00963,22.31353],[114.01,22.31348],[114.01083,22.31355],[114.01136,22.31335],[114.01253,22.31258],[114.01308,22.31143],[114.01329,22.31115],[114.0143,22.31158],[114.01495,22.31169],[114.01531,22.31167],[114.01527,22.31196],[114.01535,22.31209],[114.01611,22.31223],[114.01618,22.31239],[114.01605,22.3129],[114.01645,22.31349],[114.01677,22.31359],[114.01695,22.31386],[114.01698,22.31412],[114.01723,22.31416],[114.01759,22.31372],[114.01784,22.31359],[114.0192,22.31369],[114.02015,22.31319],[114.02044,22.31296],[114.02087,22.31236],[114.02115,22.31236],[114.02179,22.31286],[114.02301,22.31217],[114.02326,22.3122],[114.02376,22.31203],[114.02412,22.31177],[114.02451,22.31163],[114.02491,22.31163],[114.02627,22.31253],[114.0263,22.31293],[114.02612,22.31337],[114.02559,22.314],[114.02584,22.31426],[114.02648,22.31456],[114.02627,22.31535],[114.02492,22.31753],[114.02466,22.31809],[114.02465,22.31853],[114.0249,22.319],[114.02554,22.31951],[114.02594,22.31975],[114.02674,22.31997],[114.02696,22.31988],[114.02753,22.3194],[114.02805,22.31863],[114.02876,22.31792],[114.02882,22.31774],[114.02876,22.31682],[114.02957,22.31533],[114.03016,22.3148],[114.03052,22.3145]]]}},{"type":"Feature","id":"OZP-S-I-NP-6","properties":{"id":"OZP-S-I-NP-6","micro_district":"法定规划区 (S/I-NP/6)","micro_district_en":"Statutory Scheme (S/I-NP/6)","main_area":"新界其他","color":"#3b82f6"},"geometry":{"type":"Polygon","coordinates":[[[113.90516,22.25884],[113.90782,22.25839],[113.90878,22.25852],[113.90923,22.25775],[113.90942,22.25786],[113.90982,22.2579],[113.91026,22.25808],[113.91064,22.25842],[113.91078,22.25833],[113.91084,22.25808],[113.91103,22.25788],[113.91107,22.25767],[113.91125,22.25744],[113.91172,22.2578],[113.91233,22.25798],[113.91272,22.2583],[113.91289,22.25758],[113.91344,22.25641],[113.91346,22.25596],[113.91407,22.25513],[113.91391,22.25491],[113.91378,22.25451],[113.91378,22.25407],[113.9134,22.2539],[113.91253,22.25333],[113.91251,22.2528],[113.91229,22.25267],[113.91165,22.25204],[113.9113,22.25184],[113.91019,22.2515],[113.90912,22.25102],[113.90802,22.2509],[113.90773,22.25113],[113.90749,22.25116],[113.90641,22.25061],[113.9056,22.25045],[113.90507,22.25047],[113.90469,22.25066],[113.90444,22.2507],[113.90384,22.25055],[113.90213,22.25043],[113.90112,22.25359],[113.9011,22.25418],[113.90033,22.25405],[113.90004,22.25433],[113.89827,22.25476],[113.89932,22.25717],[113.90155,22.25665],[113.9026,22.25729],[113.90229,22.25779],[113.90232,22.25794],[113.90243,22.25803],[113.90263,22.25802],[113.90324,22.25768],[113.90434,22.25766],[113.90505,22.25869],[113.90516,22.25884]]]}},{"type":"Feature","id":"OZP-S-I-PC-12","properties":{"id":"OZP-S-I-PC-12","micro_district":"法定规划区 (S/I-PC/12)","micro_district_en":"Statutory Scheme (S/I-PC/12)","main_area":"新界其他","color":"#3b82f6"},"geometry":{"type":"Polygon","coordinates":[[[114.03285,22.29031],[114.03299,22.29042],[114.03345,22.29004],[114.03358,22.29006],[114.0336,22.28989],[114.03377,22.28989],[114.03368,22.28981],[114.0339,22.2892],[114.03521,22.28921],[114.03521,22.28931],[114.03549,22.28938],[114.03574,22.2897],[114.0363,22.29002],[114.03624,22.29029],[114.03634,22.29042],[114.03657,22.29039],[114.03663,22.29015],[114.03685,22.29043],[114.03759,22.29082],[114.03765,22.29092],[114.03799,22.29094],[114.0383,22.29108],[114.03841,22.29095],[114.03867,22.29087],[114.03893,22.29091],[114.03927,22.29081],[114.03965,22.29088],[114.03983,22.29104],[114.0398,22.29124],[114.04038,22.29136],[114.04083,22.29164],[114.04109,22.29169],[114.04108,22.29178],[114.04137,22.29164],[114.04191,22.29172],[114.04211,22.29182],[114.04211,22.29196],[114.04224,22.29215],[114.04237,22.29199],[114.04286,22.29183],[114.04325,22.29194],[114.04346,22.29218],[114.04371,22.29212],[114.04384,22.29201],[114.0438,22.29189],[114.04394,22.29182],[114.04456,22.29189],[114.04453,22.29171],[114.04477,22.29166],[114.04439,22.29142],[114.04451,22.29116],[114.04488,22.29121],[114.04502,22.29113],[114.04527,22.29113],[114.04526,22.29105],[114.04533,22.29109],[114.0454,22.29102],[114.04586,22.29108],[114.04586,22.29097],[114.04568,22.29087],[114.04568,22.29079],[114.04549,22.29082],[114.04496,22.29068],[114.04504,22.29053],[114.04491,22.29042],[114.04501,22.2903],[114.0449,22.29016],[114.04494,22.29006],[114.04463,22.28978],[114.04412,22.28956],[114.04392,22.28957],[114.04329,22.28923],[114.04294,22.28922],[114.04271,22.28896],[114.04248,22.28901],[114.042,22.28884],[114.04194,22.28867],[114.04185,22.28863],[114.04192,22.28846],[114.04172,22.28841],[114.04188,22.28819],[114.04159,22.28826],[114.04152,22.28802],[114.04124,22.28793],[114.04121,22.2877],[114.04107,22.28768],[114.04045,22.28787],[114.04006,22.28725],[114.04012,22.2872],[114.04007,22.28707],[114.03986,22.2869],[114.03976,22.28698],[114.03957,22.28655],[114.03969,22.28617],[114.04018,22.28531],[114.04023,22.28535],[114.04038,22.28519],[114.04033,22.28515],[114.04102,22.28473],[114.04162,22.28462],[114.04215,22.28473],[114.04225,22.28498],[114.04207,22.28515],[114.04214,22.28521],[114.04213,22.28554],[114.0422,22.28559],[114.04215,22.2858],[114.04225,22.28594],[114.04244,22.28595],[114.04278,22.28622],[114.04282,22.28658],[114.04416,22.28705],[114.0449,22.28702],[114.04514,22.28692],[114.04598,22.28683],[114.04595,22.28663],[114.04615,22.28664],[114.0462,22.28656],[114.04592,22.28638],[114.04588,22.28626],[114.04605,22.28598],[114.04602,22.28577],[114.04622,22.28565],[114.04609,22.28566],[114.04605,22.28548],[114.04587,22.28533],[114.04594,22.28486],[114.04617,22.28477],[114.04656,22.28484],[114.04685,22.28465],[114.04708,22.28467],[114.04721,22.28454],[114.04714,22.2845],[114.0472,22.28439],[114.04716,22.28427],[114.04732,22.28429],[114.04753,22.28416],[114.04734,22.284],[114.04749,22.28394],[114.04718,22.28377],[114.04703,22.2835],[114.04712,22.28328],[114.04675,22.28301],[114.04674,22.28295],[114.04684,22.28297],[114.04674,22.28266],[114.04663,22.28261],[114.04647,22.2823],[114.04627,22.28216],[114.04618,22.28177],[114.04627,22.28163],[114.04592,22.28144],[114.04598,22.28139],[114.04613,22.28144],[114.046,22.28127],[114.04579,22.2812],[114.04582,22.28109],[114.0457,22.28098],[114.04537,22.28089],[114.04523,22.28104],[114.04479,22.28088],[114.04469,22.28072],[114.04472,22.28064],[114.04455,22.28064],[114.04463,22.28035],[114.04413,22.28013],[114.04387,22.2802],[114.04368,22.28014],[114.04353,22.28022],[114.04332,22.28016],[114.0431,22.28035],[114.04281,22.28026],[114.04288,22.28003],[114.04267,22.28021],[114.04252,22.2802],[114.04202,22.27993],[114.0415,22.27991],[114.04125,22.27978],[114.04096,22.27982],[114.04086,22.27994],[114.04104,22.28008],[114.04092,22.2802],[114.04079,22.2801],[114.04023,22.28051],[114.03947,22.2809],[114.03939,22.28083],[114.03943,22.28091],[114.03934,22.28096],[114.03855,22.2809],[114.03813,22.28103],[114.03777,22.2814],[114.03742,22.28236],[114.03754,22.28271],[114.03837,22.28368],[114.03837,22.2839],[114.03818,22.28432],[114.03779,22.28414],[114.03816,22.28435],[114.03767,22.28485],[114.0373,22.28474],[114.03738,22.28452],[114.03693,22.2844],[114.03518,22.28914],[114.03389,22.28913],[114.03375,22.28899],[114.03351,22.28899],[114.03368,22.28851],[114.03353,22.28846],[114.03362,22.28854],[114.03347,22.28898],[114.03257,22.28871],[114.0322,22.289],[114.03186,22.289],[114.03174,22.28907],[114.03189,22.28945],[114.03203,22.28947],[114.03201,22.28953],[114.03213,22.28966],[114.03304,22.29001],[114.03288,22.29027],[114.03285,22.29031]]]}},{"type":"Feature","id":"OZP-S-I-YO-2","properties":{"id":"OZP-S-I-YO-2","micro_district":"法定规划区 (S/I-YO/2)","micro_district_en":"Statutory Scheme (S/I-YO/2)","main_area":"新界其他","color":"#3b82f6"},"geometry":{"type":"MultiPolygon","coordinates":[[[[113.85234,22.23835],[113.85244,22.23811],[113.85237,22.23753],[113.85251,22.23709],[113.8535,22.23584],[113.85365,22.23503],[113.85419,22.23434],[113.85419,22.23388],[113.85434,22.23368],[113.85434,22.23339],[113.85455,22.23332],[113.85495,22.23297],[113.85538,22.2329],[113.85496,22.23271],[113.85442,22.23268],[113.85399,22.23247],[113.85383,22.23231],[113.85224,22.23174],[113.85183,22.23145],[113.85152,22.23114],[113.85132,22.23075],[113.85139,22.23053],[113.85194,22.22999],[113.85176,22.22973],[113.85177,22.2295],[113.85164,22.22929],[113.85167,22.22898],[113.85117,22.2282],[113.85102,22.22821],[113.8507,22.22858],[113.85055,22.22854],[113.85052,22.2284],[113.85075,22.22787],[113.85075,22.22768],[113.85048,22.22759],[113.85004,22.22797],[113.84946,22.22778],[113.84925,22.22783],[113.84936,22.22891],[113.84931,22.22902],[113.84918,22.22904],[113.84813,22.22696],[113.8479,22.22622],[113.84754,22.22582],[113.84713,22.22589],[113.84682,22.22617],[113.84664,22.22662],[113.84677,22.22692],[113.84737,22.22761],[113.84762,22.22829],[113.84757,22.22876],[113.84785,22.22908],[113.84786,22.22936],[113.84805,22.22979],[113.8482,22.23158],[113.84804,22.23273],[113.84863,22.23274],[113.8486,22.23268],[113.8487,22.23263],[113.84868,22.23237],[113.84858,22.23234],[113.84858,22.23207],[113.84867,22.23189],[113.84883,22.23086],[113.84862,22.22992],[113.84865,22.22961],[113.84874,22.22998],[113.84895,22.23035],[113.84906,22.23019],[113.84903,22.23056],[113.84908,22.23065],[113.84942,22.23064],[113.84945,22.2307],[113.84991,22.23059],[113.85082,22.23068],[113.85103,22.23079],[113.85118,22.23101],[113.85121,22.23136],[113.8514,22.23139],[113.85162,22.23174],[113.85159,22.23193],[113.85169,22.23207],[113.85152,22.23219],[113.85177,22.23225],[113.85212,22.23217],[113.85215,22.23224],[113.85189,22.23245],[113.8521,22.23242],[113.85204,22.23249],[113.85209,22.23265],[113.85239,22.2328],[113.85241,22.23289],[113.85189,22.23287],[113.85245,22.23291],[113.85256,22.233],[113.8527,22.23299],[113.85276,22.23309],[113.85258,22.2331],[113.85252,22.2332],[113.85269,22.23345],[113.8527,22.23373],[113.85282,22.23402],[113.85276,22.23422],[113.85282,22.23454],[113.85264,22.23509],[113.85277,22.23521],[113.85264,22.23523],[113.85264,22.23535],[113.85237,22.23543],[113.85264,22.23536],[113.8527,22.23547],[113.85259,22.23607],[113.85272,22.23635],[113.85257,22.2369],[113.85231,22.23746],[113.8524,22.23802],[113.85227,22.23836],[113.85237,22.23847],[113.85233,22.23836],[113.85234,22.23835]]],[[[113.85201,22.24348],[113.85216,22.24328],[113.85166,22.24294],[113.85139,22.24332],[113.85192,22.2436],[113.85201,22.24348]]]]}},{"type":"Feature","id":"OZP-S-I-TOF-2","properties":{"id":"OZP-S-I-TOF-2","micro_district":"法定规划区 (S/I-TOF/2)","micro_district_en":"Statutory Scheme (S/I-TOF/2)","main_area":"新界其他","color":"#3b82f6"},"geometry":{"type":"MultiPolygon","coordinates":[[[[113.86017,22.26132],[113.8608,22.26112],[113.86153,22.26075],[113.8617,22.26085],[113.86173,22.26071],[113.86223,22.26091],[113.86213,22.26091],[113.86211,22.26101],[113.86235,22.2612],[113.86228,22.26112],[113.86241,22.26105],[113.86231,22.26095],[113.86248,22.26093],[113.86252,22.26081],[113.86246,22.26064],[113.86233,22.26056],[113.86241,22.26047],[113.86233,22.26045],[113.86232,22.26033],[113.86214,22.26012],[113.86217,22.25994],[113.86237,22.2598],[113.86298,22.25978],[113.86317,22.25962],[113.86321,22.25948],[113.86302,22.25918],[113.86307,22.2591],[113.86257,22.2589],[113.86227,22.25785],[113.86179,22.25714],[113.86189,22.25685],[113.8626,22.25622],[113.86278,22.25537],[113.86271,22.25517],[113.86245,22.255],[113.8613,22.25488],[113.861,22.25502],[113.86049,22.25545],[113.85973,22.25574],[113.85918,22.25613],[113.85842,22.25601],[113.8578,22.25604],[113.85726,22.25663],[113.85728,22.25693],[113.85716,22.25698],[113.85706,22.2569],[113.85665,22.25689],[113.85664,22.25682],[113.85647,22.25675],[113.85623,22.2558],[113.85583,22.25551],[113.8556,22.2549],[113.8554,22.25474],[113.85503,22.25468],[113.85501,22.254],[113.85484,22.25359],[113.85436,22.25359],[113.85413,22.25347],[113.85411,22.25372],[113.85377,22.25383],[113.85348,22.25353],[113.85335,22.25373],[113.85289,22.25346],[113.85274,22.25372],[113.85258,22.25441],[113.85201,22.25486],[113.85198,22.25529],[113.85188,22.25539],[113.85178,22.25584],[113.85166,22.25596],[113.85197,22.25632],[113.85195,22.25646],[113.85215,22.25657],[113.85218,22.25666],[113.85203,22.25661],[113.85209,22.2567],[113.8523,22.25677],[113.85223,22.25665],[113.85273,22.25688],[113.85277,22.25694],[113.85271,22.25695],[113.85281,22.25705],[113.85312,22.25712],[113.85359,22.25741],[113.8538,22.25762],[113.85371,22.25764],[113.85387,22.25776],[113.85386,22.25784],[113.85404,22.25791],[113.85423,22.25786],[113.85436,22.25796],[113.85492,22.25853],[113.85495,22.25871],[113.85512,22.25879],[113.85521,22.25906],[113.85543,22.25922],[113.85545,22.25936],[113.85535,22.25943],[113.85549,22.25962],[113.85553,22.25948],[113.85573,22.25963],[113.85605,22.25959],[113.85664,22.26003],[113.85698,22.26008],[113.85745,22.26042],[113.85767,22.2605],[113.85776,22.26043],[113.85788,22.26047],[113.85816,22.26076],[113.85805,22.26083],[113.85813,22.26101],[113.85823,22.26097],[113.85815,22.26084],[113.85841,22.26079],[113.85862,22.26091],[113.85878,22.26088],[113.85868,22.261],[113.85887,22.26097],[113.85884,22.26103],[113.85892,22.26103],[113.85901,22.2612],[113.85956,22.26119],[113.85989,22.26128],[113.85998,22.2612],[113.86011,22.26132],[113.86017,22.26132]]],[[[113.86658,22.26134],[113.87189,22.25464],[113.87164,22.25469],[113.87121,22.25494],[113.87082,22.25502],[113.87041,22.25492],[113.87008,22.25464],[113.87035,22.25388],[113.87015,22.25291],[113.87008,22.252],[113.87046,22.25082],[113.87037,22.25076],[113.87041,22.25005],[113.87021,22.24959],[113.87058,22.24921],[113.87135,22.24883],[113.87169,22.24853],[113.87144,22.24827],[113.87191,22.2477],[113.87212,22.24713],[113.87257,22.24635],[113.87247,22.24617],[113.87218,22.24599],[113.87091,22.24547],[113.87013,22.24558],[113.87067,22.2448],[113.87091,22.244],[113.87088,22.24383],[113.87064,22.24356],[113.87004,22.24311],[113.86961,22.24317],[113.86946,22.24347],[113.86929,22.24362],[113.86937,22.24413],[113.86956,22.24469],[113.86928,22.24512],[113.86896,22.24493],[113.8687,22.2449],[113.86827,22.24424],[113.86813,22.24417],[113.86711,22.24421],[113.86654,22.24437],[113.86592,22.24385],[113.86558,22.24372],[113.86514,22.24381],[113.8649,22.24416],[113.86475,22.24419],[113.8627,22.24362],[113.86259,22.2435],[113.86258,22.24302],[113.86219,22.24304],[113.86195,22.24283],[113.86187,22.24262],[113.8609,22.24322],[113.8607,22.24355],[113.85978,22.24429],[113.85965,22.24432],[113.85888,22.24521],[113.85766,22.24488],[113.85753,22.24528],[113.85873,22.24528],[113.85925,22.24553],[113.85997,22.24572],[113.86032,22.24585],[113.86073,22.2462],[113.86076,22.2461],[113.86091,22.24612],[113.86131,22.24649],[113.86145,22.24674],[113.8616,22.24673],[113.86199,22.24692],[113.86201,22.24728],[113.86134,22.24717],[113.8604,22.25228],[113.86155,22.25287],[113.86197,22.25245],[113.86299,22.25226],[113.86293,22.2519],[113.86323,22.25007],[113.8665,22.25063],[113.86656,22.25151],[113.86694,22.25191],[113.86701,22.25207],[113.86712,22.25208],[113.86717,22.25234],[113.86743,22.25265],[113.86781,22.25294],[113.86799,22.25296],[113.86802,22.25309],[113.86826,22.25332],[113.86841,22.2533],[113.86858,22.25314],[113.86942,22.2533],[113.86955,22.25325],[113.86949,22.25373],[113.86931,22.25381],[113.86917,22.25398],[113.86876,22.25398],[113.86835,22.25423],[113.86783,22.25433],[113.86742,22.25455],[113.86709,22.25488],[113.8667,22.25503],[113.8666,22.25524],[113.86629,22.25517],[113.86618,22.2553],[113.86587,22.25539],[113.86557,22.25565],[113.86487,22.25602],[113.86426,22.25612],[113.86396,22.25626],[113.86335,22.2568],[113.8631,22.2573],[113.86285,22.25757],[113.86278,22.25755],[113.86272,22.25768],[113.86271,22.25807],[113.86299,22.25845],[113.86394,22.25853],[113.86423,22.25874],[113.86498,22.25899],[113.86549,22.25957],[113.86557,22.25993],[113.86629,22.26126],[113.86647,22.26147],[113.86653,22.2614],[113.86658,22.26134]]]]}},{"type":"Feature","id":"OZP-S-I-TCV-2","properties":{"id":"OZP-S-I-TCV-2","micro_district":"法定规划区 (S/I-TCV/2)","micro_district_en":"Statutory Scheme (S/I-TCV/2)","main_area":"新界其他","color":"#3b82f6"},"geometry":{"type":"MultiPolygon","coordinates":[[[[113.92755,22.28052],[113.92772,22.28056],[113.92763,22.28041],[113.92779,22.27998],[113.92812,22.28007],[113.92838,22.27983],[113.92862,22.27998],[113.92864,22.2801],[113.92851,22.28016],[113.92856,22.28023],[113.92892,22.2801],[113.92896,22.28027],[113.92922,22.28039],[113.92941,22.27992],[113.92983,22.27992],[113.92988,22.28032],[113.92998,22.28043],[113.93035,22.28054],[113.93038,22.28073],[113.931,22.28087],[113.93182,22.28126],[113.93225,22.28126],[113.93261,22.28146],[113.93267,22.28142],[113.93267,22.28117],[113.93286,22.28109],[113.933,22.28084],[113.93288,22.28032],[113.93274,22.28015],[113.93282,22.27998],[113.93295,22.2798],[113.93336,22.28015],[113.93349,22.27994],[113.9337,22.27919],[113.93173,22.27881],[113.93144,22.27851],[113.93146,22.27833],[113.93165,22.27826],[113.93168,22.27729],[113.93159,22.27693],[113.93136,22.27652],[113.93139,22.27636],[113.93154,22.27628],[113.93119,22.2753],[113.93268,22.27483],[113.93242,22.27436],[113.93271,22.27381],[113.93281,22.27294],[113.93296,22.27276],[113.93346,22.27157],[113.93344,22.27108],[113.93305,22.27],[113.93306,22.26975],[113.93389,22.26832],[113.9362,22.26917],[113.93636,22.26904],[113.93641,22.26846],[113.93621,22.26827],[113.93619,22.26816],[113.93687,22.26723],[113.93727,22.26699],[113.93776,22.26688],[113.93817,22.26691],[113.93863,22.2671],[113.93834,22.26685],[113.93812,22.2657],[113.93831,22.2654],[113.93873,22.26524],[113.93896,22.26427],[113.93937,22.26418],[113.93931,22.26398],[113.93894,22.26377],[113.93918,22.2635],[113.9389,22.26361],[113.93855,22.26363],[113.93829,22.26344],[113.93807,22.26337],[113.93778,22.26312],[113.93767,22.26257],[113.93754,22.2625],[113.93715,22.26254],[113.93716,22.26278],[113.93616,22.26342],[113.93585,22.26323],[113.93605,22.26303],[113.93618,22.26258],[113.93646,22.2624],[113.93663,22.26238],[113.9369,22.26246],[113.93712,22.26239],[113.93712,22.26247],[113.93718,22.26247],[113.93744,22.262],[113.9374,22.26189],[113.93762,22.26175],[113.93761,22.2616],[113.93729,22.26114],[113.93726,22.26094],[113.93739,22.26057],[113.93736,22.26024],[113.93712,22.26105],[113.93627,22.26192],[113.93561,22.26212],[113.93537,22.26237],[113.935,22.26234],[113.93476,22.26247],[113.93457,22.26291],[113.93485,22.26311],[113.93491,22.26339],[113.93469,22.26371],[113.93443,22.26377],[113.93427,22.26441],[113.93404,22.26453],[113.93362,22.26454],[113.93349,22.26488],[113.93296,22.26509],[113.93293,22.26539],[113.93277,22.26552],[113.93261,22.2655],[113.93242,22.26532],[113.93219,22.26536],[113.93187,22.26575],[113.93207,22.26609],[113.93148,22.26676],[113.93126,22.2668],[113.93104,22.26671],[113.93052,22.26604],[113.92751,22.26562],[113.92735,22.26548],[113.92711,22.26499],[113.9267,22.26486],[113.92663,22.2644],[113.92638,22.26494],[113.92674,22.26532],[113.92671,22.26574],[113.92701,22.26619],[113.92698,22.26631],[113.92685,22.26633],[113.92541,22.26556],[113.92421,22.26609],[113.92409,22.26621],[113.92395,22.26729],[113.92377,22.26768],[113.92412,22.2688],[113.92451,22.26931],[113.92445,22.26944],[113.92415,22.26962],[113.92403,22.26979],[113.92403,22.26998],[113.92431,22.27064],[113.924,22.27119],[113.92436,22.27213],[113.925,22.27238],[113.92562,22.27251],[113.92543,22.27357],[113.92548,22.27396],[113.92575,22.27433],[113.92634,22.27468],[113.92646,22.27493],[113.92633,22.27528],[113.92513,22.27615],[113.92507,22.27628],[113.92576,22.27764],[113.92569,22.27788],[113.92527,22.27833],[113.92628,22.27944],[113.92566,22.28017],[113.92577,22.28102],[113.92574,22.2819],[113.92557,22.28267],[113.92529,22.28337],[113.92575,22.2839],[113.92623,22.28431],[113.92685,22.28391],[113.92726,22.28329],[113.92766,22.28193],[113.92767,22.28106],[113.92753,22.28055],[113.92755,22.28052]]],[[[113.93272,22.28153],[113.93257,22.28156],[113.93256,22.28168],[113.93273,22.28173],[113.93278,22.28158],[113.93272,22.28153]]]]}},{"type":"Feature","id":"OZP-S-I-TH-1","properties":{"id":"OZP-S-I-TH-1","micro_district":"法定规划区 (S/I-TH/1)","micro_district_en":"Statutory Scheme (S/I-TH/1)","main_area":"新界其他","color":"#3b82f6"},"geometry":{"type":"MultiPolygon","coordinates":[[[[113.97966,22.30172],[113.98046,22.30169],[113.98085,22.30147],[113.98137,22.30144],[113.98127,22.30099],[113.98139,22.30068],[113.98223,22.29991],[113.98349,22.30016],[113.98382,22.30009],[113.98407,22.29985],[113.98408,22.29953],[113.98343,22.29858],[113.98288,22.2974],[113.9829,22.29686],[113.9823,22.29558],[113.9821,22.29522],[113.98157,22.29481],[113.98152,22.29465],[113.98243,22.29364],[113.9823,22.29277],[113.98325,22.29235],[113.98343,22.29213],[113.98342,22.29192],[113.98331,22.29177],[113.98246,22.29135],[113.98243,22.29109],[113.98249,22.29091],[113.98314,22.29039],[113.98364,22.28948],[113.9856,22.28864],[113.98565,22.28815],[113.98496,22.2879],[113.98489,22.28776],[113.98495,22.28763],[113.98666,22.28729],[113.98642,22.28713],[113.98639,22.28684],[113.98652,22.28667],[113.98687,22.28657],[113.98693,22.28648],[113.98563,22.28553],[113.98551,22.28559],[113.98558,22.28597],[113.98552,22.28599],[113.98525,22.2856],[113.98541,22.28481],[113.98323,22.28696],[113.98286,22.28712],[113.98233,22.28707],[113.98196,22.28689],[113.98166,22.28658],[113.98137,22.28606],[113.98123,22.28561],[113.98109,22.28459],[113.98081,22.28418],[113.98055,22.28416],[113.98021,22.28452],[113.97993,22.28445],[113.97984,22.28429],[113.97995,22.28395],[113.97977,22.28367],[113.97942,22.28347],[113.97915,22.28367],[113.97902,22.28366],[113.97862,22.28291],[113.9781,22.28269],[113.97794,22.28281],[113.97798,22.28327],[113.97767,22.28393],[113.97696,22.28401],[113.97652,22.28463],[113.97659,22.28492],[113.977,22.28508],[113.97739,22.28569],[113.97769,22.28579],[113.97777,22.28594],[113.97774,22.28608],[113.97731,22.2866],[113.97758,22.28707],[113.97754,22.28791],[113.97746,22.28816],[113.97638,22.28952],[113.97595,22.28948],[113.97528,22.2892],[113.97453,22.28822],[113.97411,22.28803],[113.97384,22.28841],[113.97344,22.28852],[113.97382,22.28873],[113.97407,22.28922],[113.97401,22.28938],[113.97236,22.28907],[113.97142,22.28903],[113.97164,22.28946],[113.97078,22.28986],[113.97107,22.2901],[113.97099,22.29061],[113.97137,22.29112],[113.9717,22.29133],[113.9727,22.29141],[113.9734,22.29102],[113.97366,22.29113],[113.97395,22.29076],[113.97439,22.29084],[113.97449,22.29138],[113.97481,22.29156],[113.97485,22.29172],[113.9746,22.29193],[113.97457,22.2922],[113.97344,22.29253],[113.97383,22.29312],[113.97385,22.29335],[113.97375,22.29357],[113.97342,22.29377],[113.97305,22.2938],[113.97269,22.29368],[113.97244,22.29346],[113.9704,22.29328],[113.97007,22.29371],[113.96935,22.2937],[113.96924,22.29363],[113.96909,22.29321],[113.96764,22.29243],[113.96811,22.29346],[113.96837,22.2948],[113.96826,22.2949],[113.96734,22.2951],[113.96769,22.29547],[113.96776,22.2958],[113.96766,22.29605],[113.96745,22.29622],[113.96672,22.29627],[113.96692,22.2978],[113.96641,22.2978],[113.96608,22.29798],[113.96785,22.29829],[113.96786,22.29821],[113.97069,22.2989],[113.97202,22.29933],[113.97631,22.30112],[113.97965,22.30183],[113.97967,22.30173],[113.97966,22.30172]]],[[[113.99387,22.28184],[113.99441,22.28184],[113.9948,22.28138],[113.99362,22.28087],[113.99245,22.28068],[113.98694,22.27766],[113.98673,22.27805],[113.98636,22.27842],[113.98631,22.27885],[113.99201,22.28197],[113.99325,22.28224],[113.99383,22.28212],[113.99385,22.28184],[113.99387,22.28184]]],[[[113.98258,22.28178],[113.98295,22.28173],[113.98305,22.28156],[113.98336,22.28157],[113.98387,22.2814],[113.98402,22.28143],[113.98414,22.28165],[113.98462,22.28179],[113.98466,22.28072],[113.98339,22.27968],[113.98297,22.27953],[113.9826,22.27959],[113.98278,22.27993],[113.98274,22.28005],[113.9826,22.28011],[113.982,22.27993],[113.98107,22.27988],[113.98116,22.28048],[113.98104,22.28136],[113.9812,22.28141],[113.9816,22.28115],[113.98197,22.28182],[113.98253,22.28178],[113.98258,22.28178]]],[[[113.98374,22.28318],[113.98334,22.28317],[113.98306,22.28297],[113.98253,22.28313],[113.98252,22.28324],[113.98279,22.28341],[113.98275,22.28372],[113.98234,22.28406],[113.98262,22.28425],[113.98296,22.28416],[113.98341,22.28378],[113.98373,22.28319],[113.98374,22.28318]]],[[[113.98451,22.28965],[113.9845,22.29024],[113.98516,22.29024],[113.98516,22.28965],[113.98507,22.28965],[113.98451,22.28965]]]]}},{"type":"Feature","id":"OZP-S-I-TCE-2","properties":{"id":"OZP-S-I-TCE-2","micro_district":"法定规划区 (S/I-TCE/2)","micro_district_en":"Statutory Scheme (S/I-TCE/2)","main_area":"新界其他","color":"#3b82f6"},"geometry":{"type":"Polygon","coordinates":[[[113.96045,22.3061],[113.96161,22.30537],[113.96394,22.3042],[113.96506,22.30331],[113.96568,22.30259],[113.96625,22.30164],[113.96668,22.30062],[113.96696,22.29956],[113.96906,22.30009],[113.96939,22.30028],[113.9698,22.30033],[113.97098,22.30078],[113.97137,22.30117],[113.97189,22.30129],[113.97428,22.30267],[113.9745,22.30291],[113.97483,22.30359],[113.97516,22.30396],[113.97587,22.30455],[113.97636,22.30475],[113.97679,22.30475],[113.97751,22.30457],[113.97784,22.30466],[113.97814,22.30489],[113.97801,22.30415],[113.97805,22.30388],[113.9783,22.30371],[113.97856,22.30379],[113.97931,22.30242],[113.97976,22.30274],[113.97965,22.3026],[113.97956,22.30209],[113.97963,22.30183],[113.97631,22.30112],[113.97202,22.29933],[113.97069,22.2989],[113.96786,22.29821],[113.96785,22.29829],[113.96608,22.29798],[113.96641,22.2978],[113.96692,22.2978],[113.96672,22.29627],[113.966,22.29624],[113.96476,22.2957],[113.96412,22.29584],[113.96251,22.29505],[113.96085,22.29497],[113.96072,22.29482],[113.96077,22.29442],[113.96063,22.29429],[113.96024,22.29443],[113.9581,22.29431],[113.95718,22.29643],[113.95525,22.29526],[113.95507,22.29549],[113.95395,22.29483],[113.95241,22.29454],[113.95243,22.29436],[113.94404,22.2934],[113.94392,22.29428],[113.9465,22.29666],[113.94839,22.29766],[113.94979,22.29866],[113.95284,22.30171],[113.95533,22.30405],[113.95556,22.30413],[113.95621,22.30395],[113.95689,22.30396],[113.95766,22.30417],[113.95822,22.30451],[113.95844,22.3049],[113.9584,22.30529],[113.95824,22.30555],[113.95767,22.30607],[113.95654,22.30518],[113.95816,22.30671],[113.95866,22.30695],[113.95919,22.30695],[113.95958,22.30678],[113.9603,22.30622],[113.96045,22.3061]]]}},{"type":"Feature","id":"OZP-S-I-SW-1","properties":{"id":"OZP-S-I-SW-1","micro_district":"法定规划区 (S/I-SW/1)","micro_district_en":"Statutory Scheme (S/I-SW/1)","main_area":"新界其他","color":"#3b82f6"},"geometry":{"type":"MultiPolygon","coordinates":[[[[113.86738,22.26156],[113.86701,22.26124],[113.86657,22.26167],[113.86697,22.26196],[113.86738,22.26156]]],[[[113.86936,22.26443],[113.8691,22.2642],[113.86868,22.26453],[113.86898,22.26477],[113.86936,22.26443]]],[[[113.8992,22.28204],[113.89858,22.28024],[113.89862,22.27995],[113.89854,22.27934],[113.89834,22.27925],[113.89803,22.27879],[113.89793,22.27884],[113.89761,22.27961],[113.89745,22.27958],[113.8973,22.27934],[113.89699,22.27927],[113.89688,22.27917],[113.89691,22.27874],[113.89748,22.27815],[113.89701,22.27854],[113.89653,22.27865],[113.89652,22.27899],[113.89633,22.27915],[113.89603,22.27976],[113.89587,22.27977],[113.89551,22.28019],[113.8953,22.28023],[113.89518,22.28016],[113.89504,22.27982],[113.89474,22.27961],[113.89477,22.27903],[113.89492,22.27883],[113.89468,22.27863],[113.89467,22.27831],[113.89478,22.27811],[113.89454,22.27802],[113.89451,22.27782],[113.89429,22.27771],[113.89417,22.2779],[113.89417,22.27807],[113.89383,22.27833],[113.89365,22.27867],[113.89327,22.27854],[113.89312,22.27818],[113.8928,22.27799],[113.8926,22.2784],[113.89243,22.27851],[113.89233,22.27837],[113.89233,22.27773],[113.89195,22.27768],[113.89183,22.2775],[113.89195,22.27706],[113.89143,22.27708],[113.891,22.27693],[113.89056,22.27648],[113.89072,22.27597],[113.89113,22.27571],[113.89143,22.27565],[113.89104,22.27529],[113.89112,22.27495],[113.891,22.27482],[113.89101,22.27466],[113.89075,22.27446],[113.89083,22.27418],[113.89115,22.27397],[113.89099,22.27376],[113.8904,22.27349],[113.89036,22.27287],[113.89001,22.27285],[113.88961,22.27254],[113.88941,22.27183],[113.88905,22.27149],[113.8891,22.2712],[113.88901,22.27106],[113.88907,22.27075],[113.88936,22.27032],[113.8894,22.26978],[113.88997,22.26878],[113.88976,22.26752],[113.88984,22.26725],[113.89026,22.26666],[113.89026,22.26604],[113.89035,22.26571],[113.89065,22.26533],[113.89145,22.2649],[113.89208,22.26501],[113.89218,22.26493],[113.8919,22.26428],[113.89155,22.26383],[113.89162,22.26322],[113.89199,22.26286],[113.89215,22.26276],[113.89246,22.26273],[113.89306,22.26278],[113.89374,22.26329],[113.89459,22.26346],[113.89478,22.26345],[113.89501,22.26313],[113.89483,22.26282],[113.89426,22.26272],[113.89385,22.26198],[113.89318,22.26138],[113.89303,22.26112],[113.89216,22.26081],[113.89163,22.2604],[113.89125,22.25932],[113.89116,22.25836],[113.8908,22.25818],[113.89038,22.25835],[113.89002,22.25868],[113.88961,22.25882],[113.88924,22.25908],[113.88908,22.25961],[113.88856,22.25981],[113.88841,22.26025],[113.88828,22.2603],[113.88758,22.26009],[113.88744,22.26014],[113.88679,22.26062],[113.88662,22.26088],[113.88608,22.26119],[113.88608,22.26168],[113.88623,22.2622],[113.8856,22.26286],[113.88565,22.26307],[113.88602,22.26331],[113.88614,22.26352],[113.88561,22.265],[113.88527,22.26499],[113.88479,22.26472],[113.88446,22.26429],[113.88411,22.26433],[113.88392,22.26471],[113.88362,22.26478],[113.88346,22.26513],[113.88297,22.26581],[113.88183,22.2664],[113.88168,22.26676],[113.88165,22.26747],[113.88206,22.26914],[113.882,22.2694],[113.881,22.26883],[113.88018,22.26823],[113.87995,22.26819],[113.87953,22.26829],[113.87859,22.26792],[113.87824,22.26793],[113.87785,22.26824],[113.87772,22.26853],[113.87756,22.26856],[113.87535,22.26796],[113.87377,22.26766],[113.87328,22.26725],[113.87299,22.26712],[113.87228,22.26704],[113.87151,22.26664],[113.8696,22.26613],[113.86964,22.2663],[113.86945,22.26643],[113.86961,22.2667],[113.86952,22.26677],[113.86954,22.26688],[113.86981,22.26703],[113.87001,22.2675],[113.87038,22.26789],[113.87023,22.26792],[113.8708,22.2682],[113.87079,22.26827],[113.87097,22.26834],[113.8715,22.26885],[113.87162,22.26881],[113.87181,22.26897],[113.8722,22.26895],[113.87232,22.26902],[113.87325,22.2687],[113.87369,22.26872],[113.87441,22.26856],[113.87592,22.26894],[113.87736,22.26949],[113.87834,22.27015],[113.87871,22.27023],[113.87923,22.27015],[113.87987,22.2703],[113.88043,22.27056],[113.88137,22.27122],[113.88223,22.27202],[113.88235,22.27226],[113.88262,22.27233],[113.88276,22.27271],[113.88282,22.27261],[113.88309,22.27275],[113.88316,22.27266],[113.88347,22.2727],[113.8837,22.27253],[113.88373,22.27231],[113.88394,22.27231],[113.8841,22.27212],[113.8841,22.27201],[113.8843,22.27194],[113.88431,22.27177],[113.88389,22.27069],[113.88404,22.27035],[113.88448,22.26985],[113.88499,22.26958],[113.88572,22.26945],[113.88648,22.2687],[113.88714,22.26873],[113.88748,22.2686],[113.88752,22.26863],[113.88722,22.26896],[113.88766,22.2692],[113.88768,22.26975],[113.88761,22.26996],[113.88769,22.27022],[113.88754,22.27044],[113.88763,22.27044],[113.88776,22.271],[113.8879,22.27097],[113.88799,22.27167],[113.88759,22.27249],[113.88698,22.27269],[113.88706,22.27286],[113.88687,22.27305],[113.88612,22.27355],[113.88597,22.27378],[113.88583,22.27427],[113.88563,22.27439],[113.88553,22.27487],[113.88572,22.27554],[113.88573,22.27577],[113.88564,22.27594],[113.88576,22.27603],[113.88572,22.27617],[113.88581,22.27634],[113.88628,22.27704],[113.8862,22.27723],[113.88634,22.27739],[113.88627,22.27749],[113.88645,22.2777],[113.88632,22.27764],[113.88634,22.27772],[113.8865,22.27781],[113.88641,22.27786],[113.88645,22.27801],[113.88669,22.27807],[113.88672,22.27818],[113.88685,22.27816],[113.88686,22.27809],[113.88732,22.27819],[113.88759,22.27835],[113.88772,22.27831],[113.88781,22.27843],[113.88819,22.27854],[113.88823,22.27865],[113.88845,22.27861],[113.88897,22.27883],[113.8903,22.27956],[113.89041,22.27981],[113.89054,22.27982],[113.8907,22.28004],[113.8911,22.2799],[113.89195,22.28029],[113.89417,22.28242],[113.89422,22.28266],[113.89377,22.28285],[113.89381,22.28293],[113.89417,22.28275],[113.89421,22.28297],[113.89485,22.28298],[113.89556,22.28275],[113.89572,22.28262],[113.89577,22.28238],[113.89629,22.28213],[113.8971,22.28199],[113.89756,22.28216],[113.89876,22.28332],[113.89915,22.28339],[113.89922,22.28288],[113.8993,22.28274],[113.89929,22.28226],[113.89921,22.28206],[113.8992,22.28204]]]]}},{"type":"Feature","id":"OZP-S-I-SLW-1","properties":{"id":"OZP-S-I-SLW-1","micro_district":"法定规划区 (S/I-SLW/1)","micro_district_en":"Statutory Scheme (S/I-SLW/1)","main_area":"新界其他","color":"#3b82f6"},"geometry":{"type":"Polygon","coordinates":[[[113.89421,22.28297],[113.89432,22.28326],[113.89426,22.28336],[113.89432,22.28362],[113.89406,22.2838],[113.89404,22.284],[113.89393,22.28402],[113.89398,22.28428],[113.89383,22.28428],[113.89388,22.28433],[113.89378,22.2846],[113.89395,22.28507],[113.89432,22.28557],[113.8945,22.28568],[113.89441,22.28579],[113.89444,22.28628],[113.89466,22.28677],[113.8946,22.28688],[113.8947,22.28717],[113.89456,22.28735],[113.8943,22.2874],[113.89427,22.28763],[113.89418,22.28771],[113.89436,22.28791],[113.89439,22.28817],[113.89455,22.28814],[113.89454,22.28824],[113.89467,22.28827],[113.8947,22.28851],[113.89499,22.28894],[113.89537,22.28923],[113.89554,22.2891],[113.89561,22.28924],[113.89591,22.28931],[113.89588,22.28949],[113.89598,22.28944],[113.89645,22.28988],[113.89655,22.29033],[113.89644,22.2906],[113.89633,22.29068],[113.89641,22.29066],[113.89626,22.29095],[113.89633,22.29101],[113.89622,22.29134],[113.89682,22.29189],[113.89695,22.29189],[113.89693,22.29159],[113.89713,22.29128],[113.89763,22.29097],[113.8981,22.29086],[113.89852,22.29103],[113.89873,22.29129],[113.89894,22.2913],[113.89917,22.2916],[113.89938,22.29165],[113.89983,22.29153],[113.89976,22.29126],[113.89984,22.29115],[113.89974,22.29103],[113.9,22.29119],[113.9002,22.29119],[113.89985,22.29108],[113.89975,22.29086],[113.89986,22.29007],[113.90039,22.28976],[113.90057,22.28986],[113.90039,22.28975],[113.90054,22.2896],[113.90106,22.28951],[113.9015,22.28925],[113.90163,22.28929],[113.90176,22.28918],[113.9019,22.28917],[113.90199,22.28928],[113.90174,22.28937],[113.90176,22.28951],[113.9025,22.28973],[113.90275,22.28996],[113.90256,22.29027],[113.9026,22.29047],[113.90272,22.29056],[113.90258,22.29072],[113.90268,22.29066],[113.9029,22.29091],[113.90313,22.29089],[113.90326,22.291],[113.90469,22.28943],[113.90538,22.28995],[113.9058,22.29014],[113.90794,22.29063],[113.90864,22.29061],[113.90897,22.29031],[113.90933,22.29021],[113.90969,22.28992],[113.91017,22.29009],[113.91053,22.29005],[113.91079,22.29018],[113.91101,22.29043],[113.91117,22.29045],[113.91115,22.29054],[113.91126,22.29055],[113.91146,22.29076],[113.91149,22.29084],[113.91136,22.29091],[113.91147,22.29094],[113.91148,22.29111],[113.91172,22.29111],[113.91176,22.29128],[113.91199,22.29128],[113.9122,22.29141],[113.91224,22.29158],[113.91231,22.29156],[113.9124,22.2917],[113.91229,22.29173],[113.91227,22.29184],[113.91232,22.2919],[113.91235,22.29183],[113.91238,22.29209],[113.91263,22.29218],[113.9129,22.29195],[113.91333,22.29196],[113.91375,22.29217],[113.91397,22.29247],[113.9142,22.29258],[113.91426,22.29269],[113.91439,22.29267],[113.91444,22.29273],[113.91463,22.29258],[113.91488,22.29274],[113.91567,22.29265],[113.91602,22.29277],[113.91615,22.29269],[113.91625,22.29273],[113.91639,22.29263],[113.91654,22.29265],[113.91665,22.29251],[113.91739,22.29242],[113.91788,22.29219],[113.91815,22.29235],[113.91808,22.29227],[113.91811,22.29216],[113.91823,22.29202],[113.91849,22.29196],[113.91851,22.29204],[113.91861,22.29204],[113.91856,22.29198],[113.91874,22.29192],[113.91888,22.29165],[113.91922,22.29146],[113.91927,22.29139],[113.9192,22.29126],[113.91937,22.29092],[113.92009,22.29093],[113.92088,22.29112],[113.92151,22.29142],[113.92174,22.29142],[113.92242,22.29105],[113.92298,22.2906],[113.92373,22.29052],[113.92388,22.29017],[113.92405,22.2902],[113.92423,22.29005],[113.92405,22.28976],[113.92406,22.2896],[113.92456,22.28893],[113.92529,22.28914],[113.92457,22.28888],[113.9246,22.28872],[113.92464,22.28878],[113.92475,22.28872],[113.92461,22.28799],[113.92486,22.28762],[113.92482,22.28742],[113.92452,22.28696],[113.92458,22.28578],[113.92543,22.28527],[113.92598,22.28463],[113.92607,22.28442],[113.92623,22.28431],[113.92575,22.2839],[113.92529,22.28337],[113.92474,22.28425],[113.92405,22.28498],[113.92314,22.28561],[113.92209,22.28608],[113.92222,22.2864],[113.92212,22.28661],[113.92083,22.28708],[113.92059,22.28692],[113.92042,22.2861],[113.92026,22.28583],[113.91945,22.28543],[113.91843,22.28446],[113.91792,22.28387],[113.91758,22.28381],[113.91712,22.28419],[113.91746,22.28483],[113.91739,22.28526],[113.91781,22.28633],[113.91764,22.28655],[113.91727,22.28662],[113.91711,22.28715],[113.91723,22.28736],[113.91799,22.2877],[113.91823,22.28797],[113.91847,22.29015],[113.91843,22.29029],[113.91823,22.29043],[113.91877,22.29043],[113.91884,22.29072],[113.91843,22.29132],[113.91789,22.29165],[113.91705,22.29192],[113.91599,22.29203],[113.91506,22.29182],[113.9147,22.29163],[113.91444,22.29131],[113.91407,22.29106],[113.91337,22.29098],[113.91149,22.28982],[113.90956,22.28889],[113.90918,22.28888],[113.90881,22.28903],[113.90828,22.28974],[113.90616,22.2893],[113.90531,22.28874],[113.90561,22.28842],[113.90552,22.28829],[113.90555,22.2882],[113.90611,22.28799],[113.90565,22.28666],[113.90572,22.28656],[113.90608,22.28651],[113.90598,22.2859],[113.90582,22.28576],[113.90536,22.2857],[113.90516,22.28558],[113.90485,22.28496],[113.90489,22.28482],[113.90503,22.28473],[113.9043,22.28417],[113.90399,22.28455],[113.90375,22.28453],[113.90309,22.2842],[113.90207,22.28339],[113.9016,22.2833],[113.90146,22.2829],[113.90203,22.28159],[113.90153,22.2818],[113.90136,22.28174],[113.90107,22.28138],[113.90089,22.28156],[113.90079,22.28154],[113.90069,22.28115],[113.90096,22.28098],[113.901,22.28086],[113.90091,22.28076],[113.90058,22.28073],[113.90046,22.2806],[113.90048,22.28043],[113.90078,22.28007],[113.90082,22.27987],[113.90074,22.27968],[113.9002,22.27914],[113.90018,22.27905],[113.90032,22.27895],[113.90034,22.27884],[113.9001,22.27895],[113.89999,22.27919],[113.89977,22.27933],[113.89942,22.27929],[113.89905,22.27889],[113.8988,22.27926],[113.89854,22.27934],[113.89862,22.27995],[113.89858,22.28024],[113.89929,22.28226],[113.8993,22.28274],[113.89922,22.28288],[113.89915,22.28339],[113.89876,22.28332],[113.89756,22.28216],[113.8971,22.28199],[113.89637,22.2821],[113.89588,22.28232],[113.89576,22.28239],[113.89571,22.28263],[113.89553,22.28277],[113.89485,22.28298],[113.89423,22.28297],[113.89421,22.28297]]]}},{"type":"Feature","id":"OZP-S-SLC-21","properties":{"id":"OZP-S-SLC-21","micro_district":"法定规划区 (S/SLC/21)","micro_district_en":"Statutory Scheme (S/SLC/21)","main_area":"新界其他","color":"#3b82f6"},"geometry":{"type":"MultiPolygon","coordinates":[[[[114.00631,22.2603],[114.00669,22.26014],[114.00689,22.25994],[114.00704,22.25938],[114.0074,22.25905],[114.00746,22.25888],[114.00735,22.25869],[114.00755,22.25844],[114.00756,22.2583],[114.00749,22.25827],[114.00758,22.25802],[114.00769,22.258],[114.00751,22.25788],[114.00761,22.25756],[114.00819,22.2574],[114.00832,22.25716],[114.00819,22.25638],[114.0083,22.256],[114.00884,22.25579],[114.00893,22.25596],[114.009,22.25596],[114.00897,22.25584],[114.00885,22.25579],[114.00909,22.25571],[114.00916,22.25559],[114.00917,22.2557],[114.00923,22.25569],[114.00918,22.25556],[114.00923,22.2555],[114.00933,22.25552],[114.00946,22.25541],[114.00969,22.25544],[114.01001,22.25523],[114.00999,22.25511],[114.01014,22.25505],[114.01016,22.25496],[114.01037,22.255],[114.01071,22.2549],[114.01108,22.25469],[114.01119,22.25449],[114.01132,22.25448],[114.01148,22.25425],[114.01151,22.254],[114.0114,22.25384],[114.01144,22.25368],[114.01129,22.25334],[114.0114,22.25318],[114.01164,22.25323],[114.01156,22.25296],[114.01185,22.25302],[114.01191,22.25293],[114.01212,22.25292],[114.01222,22.25265],[114.01207,22.25233],[114.01176,22.25213],[114.01184,22.25207],[114.01172,22.25198],[114.01162,22.25214],[114.01156,22.25204],[114.01111,22.25215],[114.01071,22.25204],[114.01056,22.25244],[114.01033,22.25248],[114.01,22.2524],[114.00956,22.25192],[114.00965,22.25175],[114.00924,22.25149],[114.00918,22.25136],[114.00909,22.25139],[114.00912,22.25132],[114.00898,22.25126],[114.00901,22.25119],[114.00891,22.25124],[114.00864,22.25093],[114.00828,22.25081],[114.00784,22.25054],[114.00737,22.25048],[114.0069,22.25018],[114.00644,22.25018],[114.00634,22.25002],[114.00608,22.24996],[114.00599,22.24986],[114.00592,22.24951],[114.00603,22.24935],[114.00555,22.24902],[114.00524,22.24894],[114.00464,22.24903],[114.00439,22.24894],[114.00434,22.24915],[114.00395,22.24921],[114.00367,22.24904],[114.00342,22.24862],[114.0033,22.24861],[114.00311,22.24843],[114.00302,22.24846],[114.00305,22.24854],[114.00277,22.24849],[114.00234,22.24864],[114.00238,22.24871],[114.00217,22.24869],[114.00183,22.24909],[114.00174,22.24913],[114.00162,22.24907],[114.00084,22.24854],[114.00081,22.24823],[114.00062,22.24812],[114.00062,22.24787],[114.00069,22.24784],[114.0006,22.24765],[114.00067,22.24752],[114.00047,22.24702],[114.00027,22.24692],[114.00023,22.24679],[114.00012,22.24683],[114.00011,22.24667],[113.99974,22.24667],[113.99957,22.24657],[113.99943,22.24596],[113.99948,22.24585],[113.99964,22.24582],[113.99966,22.24539],[113.99956,22.24544],[113.99931,22.24531],[113.99872,22.24536],[113.99839,22.2449],[113.99779,22.24472],[113.99746,22.24453],[113.99721,22.24424],[113.9962,22.24397],[113.99525,22.24322],[113.99508,22.24315],[113.99485,22.24328],[113.99468,22.24326],[113.99405,22.24298],[113.99375,22.24264],[113.99349,22.24211],[113.99366,22.24114],[113.99402,22.24057],[113.99468,22.23998],[113.99475,22.23982],[113.99491,22.23974],[113.99511,22.23986],[113.99532,22.24011],[113.99529,22.24031],[113.99556,22.24045],[113.99561,22.2402],[113.99586,22.24007],[113.99608,22.23981],[113.99621,22.23976],[113.99624,22.23985],[113.99638,22.23986],[113.99643,22.23978],[113.99657,22.23976],[113.99661,22.23964],[113.99702,22.23956],[113.99734,22.23965],[113.99754,22.23995],[113.99841,22.24066],[113.99877,22.24086],[113.99898,22.24082],[113.99909,22.24026],[113.99935,22.23995],[113.9993,22.23976],[113.99944,22.2394],[113.99926,22.23917],[113.99927,22.239],[113.99966,22.23843],[114.00012,22.23814],[114.00041,22.23827],[114.00065,22.23852],[114.00121,22.23848],[114.00112,22.23837],[114.00151,22.23795],[114.0015,22.23782],[114.00175,22.23747],[114.00215,22.23752],[114.00208,22.23738],[114.00223,22.23742],[114.00224,22.23736],[114.00244,22.23727],[114.00237,22.23715],[114.00244,22.23702],[114.00239,22.23695],[114.00271,22.23673],[114.003,22.23675],[114.00307,22.23667],[114.00302,22.23651],[114.00313,22.23635],[114.00356,22.23628],[114.00361,22.23614],[114.0037,22.23613],[114.00375,22.23547],[114.00351,22.23496],[114.00355,22.23483],[114.0034,22.23477],[114.00341,22.23445],[114.00326,22.23433],[114.00348,22.23439],[114.00442,22.23364],[114.00451,22.23347],[114.00458,22.23355],[114.00484,22.23336],[114.00538,22.23317],[114.00582,22.23327],[114.00591,22.23346],[114.00627,22.23338],[114.00638,22.23346],[114.00658,22.23334],[114.00697,22.23343],[114.00738,22.23334],[114.00735,22.23325],[114.00744,22.23322],[114.00762,22.23332],[114.00819,22.23343],[114.00846,22.23376],[114.0085,22.23408],[114.00842,22.2344],[114.00856,22.23456],[114.00892,22.23478],[114.00945,22.23493],[114.00959,22.23508],[114.01009,22.23518],[114.01036,22.23541],[114.01067,22.23551],[114.01074,22.23542],[114.0107,22.23518],[114.01089,22.23497],[114.01079,22.23472],[114.0108,22.23442],[114.01099,22.23424],[114.01089,22.23417],[114.01076,22.23422],[114.01069,22.23414],[114.01072,22.2339],[114.0108,22.23387],[114.01072,22.23387],[114.01072,22.23361],[114.01089,22.23341],[114.01096,22.23308],[114.01123,22.23304],[114.01135,22.23278],[114.01134,22.23252],[114.01144,22.23242],[114.01166,22.23232],[114.01186,22.23233],[114.01225,22.23209],[114.01253,22.23202],[114.01278,22.2321],[114.01295,22.23231],[114.01368,22.23234],[114.01391,22.23244],[114.01418,22.23219],[114.01449,22.23222],[114.0145,22.23214],[114.01496,22.23198],[114.01528,22.23158],[114.0153,22.23146],[114.01521,22.23137],[114.01602,22.23083],[114.01649,22.23095],[114.01669,22.23145],[114.01687,22.23143],[114.01701,22.23152],[114.01747,22.23149],[114.01796,22.23163],[114.01806,22.23148],[114.01821,22.23141],[114.01868,22.23139],[114.01909,22.23101],[114.01938,22.231],[114.01948,22.23112],[114.01963,22.23112],[114.01975,22.23086],[114.02034,22.23037],[114.02042,22.23019],[114.02038,22.22994],[114.02045,22.22989],[114.02037,22.22986],[114.02036,22.22994],[114.02026,22.22995],[114.0202,22.22986],[114.01965,22.23],[114.01929,22.22991],[114.01884,22.22957],[114.01856,22.22948],[114.01856,22.2294],[114.01849,22.22944],[114.0184,22.22933],[114.01819,22.22932],[114.01782,22.22897],[114.01766,22.22846],[114.01774,22.22825],[114.01788,22.22817],[114.0178,22.2281],[114.01839,22.22764],[114.01809,22.22751],[114.01786,22.22708],[114.01788,22.22679],[114.0176,22.22663],[114.0176,22.22648],[114.01751,22.22638],[114.01756,22.22624],[114.01744,22.22623],[114.01751,22.2261],[114.01746,22.22606],[114.01759,22.22611],[114.01751,22.22602],[114.01758,22.22588],[114.01738,22.22562],[114.01642,22.22549],[114.01625,22.22524],[114.01613,22.22534],[114.01602,22.22517],[114.01572,22.22511],[114.01554,22.22484],[114.01488,22.22475],[114.01473,22.22449],[114.01351,22.22474],[114.01325,22.22474],[114.01281,22.22454],[114.01233,22.22471],[114.01214,22.22467],[114.01178,22.22388],[114.01186,22.22354],[114.01175,22.22334],[114.01161,22.2233],[114.01151,22.22308],[114.01101,22.22269],[114.01091,22.22246],[114.01094,22.22237],[114.0108,22.22224],[114.00995,22.22176],[114.00992,22.2215],[114.01018,22.22142],[114.01007,22.22137],[114.01012,22.22107],[114.01046,22.22097],[114.01059,22.2208],[114.01061,22.22048],[114.01054,22.22035],[114.01043,22.22032],[114.01045,22.22015],[114.01052,22.22017],[114.0106,22.21993],[114.01051,22.21982],[114.01036,22.21996],[114.01023,22.21993],[114.01026,22.21983],[114.01013,22.21979],[114.01009,22.21958],[114.0099,22.21971],[114.00982,22.2196],[114.00979,22.21971],[114.00955,22.21973],[114.00949,22.21963],[114.00956,22.21954],[114.00932,22.21932],[114.00925,22.2191],[114.00919,22.21925],[114.00912,22.21914],[114.0088,22.21909],[114.00879,22.2192],[114.00825,22.21935],[114.00818,22.2194],[114.00826,22.21944],[114.00802,22.21954],[114.00798,22.21935],[114.00786,22.2193],[114.00728,22.21949],[114.00718,22.21946],[114.00717,22.21938],[114.00705,22.21941],[114.00697,22.21927],[114.00672,22.21921],[114.00674,22.21911],[114.00642,22.21888],[114.006,22.21868],[114.00588,22.2187],[114.00586,22.2186],[114.0053,22.21841],[114.00514,22.21849],[114.00493,22.2184],[114.0048,22.21826],[114.00477,22.2181],[114.00483,22.21809],[114.00473,22.21794],[114.00479,22.21773],[114.00499,22.21747],[114.00506,22.21747],[114.00483,22.21718],[114.005,22.21692],[114.00398,22.21591],[114.00391,22.2157],[114.00401,22.21562],[114.00444,22.21563],[114.00445,22.21541],[114.00422,22.21495],[114.004,22.21499],[114.00391,22.21492],[114.00384,22.21495],[114.00388,22.21502],[114.00353,22.21505],[114.0033,22.21519],[114.00323,22.21511],[114.00316,22.21526],[114.003,22.21516],[114.00294,22.21527],[114.00279,22.21528],[114.00244,22.21509],[114.00189,22.21508],[114.00159,22.21486],[114.00152,22.21487],[114.00157,22.21496],[114.00149,22.21497],[114.00094,22.21472],[114.00064,22.21473],[114.00049,22.21492],[114.0005,22.21516],[114.00041,22.21521],[114.00053,22.21537],[114.00033,22.21566],[114.00047,22.21634],[114.00042,22.2166],[114.00035,22.21661],[114.00027,22.21679],[114.00033,22.21697],[114.00003,22.21716],[113.99982,22.21714],[113.99984,22.21729],[113.99968,22.21736],[113.99977,22.2175],[113.99966,22.21748],[113.99929,22.21806],[113.99836,22.21825],[113.99726,22.2182],[113.99595,22.21786],[113.99528,22.21745],[113.99507,22.21723],[113.99521,22.21693],[113.99513,22.21688],[113.99517,22.21672],[113.99489,22.21652],[113.99449,22.21643],[113.99445,22.21635],[113.99453,22.21617],[113.99432,22.21574],[113.99391,22.21545],[113.99399,22.21537],[113.99379,22.21526],[113.99374,22.21532],[113.99367,22.21518],[113.99288,22.21513],[113.99283,22.21524],[113.99241,22.21511],[113.99223,22.21532],[113.99167,22.21555],[113.98997,22.21457],[113.98961,22.21428],[113.98932,22.21381],[113.98941,22.21362],[113.98981,22.21336],[113.98994,22.21344],[113.99011,22.21321],[113.98999,22.21313],[113.98989,22.21326],[113.98977,22.21308],[113.9899,22.21284],[113.9897,22.21253],[113.98911,22.21247],[113.98904,22.21259],[113.98889,22.21261],[113.98877,22.21253],[113.98825,22.21248],[113.98772,22.21254],[113.98751,22.21235],[113.98731,22.21234],[113.98709,22.2122],[113.98695,22.21224],[113.98708,22.21236],[113.98697,22.21238],[113.98695,22.21313],[113.98705,22.21333],[113.98688,22.21401],[113.98695,22.21421],[113.98674,22.21449],[113.98631,22.21454],[113.98615,22.21472],[113.98607,22.21549],[113.98556,22.21569],[113.98485,22.21547],[113.98454,22.21556],[113.98417,22.21548],[113.98373,22.2155],[113.98359,22.21557],[113.98351,22.21585],[113.98314,22.21603],[113.98316,22.21623],[113.98292,22.21628],[113.98249,22.21617],[113.98227,22.21632],[113.98219,22.21621],[113.98185,22.21632],[113.98165,22.21642],[113.98168,22.21649],[113.98161,22.21651],[113.98139,22.217],[113.98122,22.21699],[113.98118,22.21685],[113.98108,22.21684],[113.98064,22.21711],[113.98063,22.21722],[113.98048,22.21724],[113.98041,22.21785],[113.98064,22.21839],[113.9808,22.21846],[113.98137,22.21844],[113.98145,22.21856],[113.98184,22.21868],[113.98257,22.21979],[113.98284,22.22089],[113.98316,22.22122],[113.98361,22.22144],[113.98406,22.22241],[113.98423,22.22256],[113.98399,22.22328],[113.98375,22.22367],[113.98338,22.22402],[113.98315,22.22452],[113.98282,22.22497],[113.98253,22.22503],[113.98251,22.22495],[113.9824,22.22493],[113.98218,22.22505],[113.98218,22.2252],[113.98207,22.22533],[113.98176,22.22554],[113.9817,22.2257],[113.98157,22.22571],[113.98121,22.22614],[113.98113,22.22613],[113.98089,22.22664],[113.98055,22.22685],[113.98049,22.227],[113.98011,22.22729],[113.98006,22.22743],[113.97986,22.22747],[113.9798,22.22765],[113.9794,22.22757],[113.97945,22.22771],[113.97935,22.22768],[113.97926,22.22777],[113.97932,22.22788],[113.97904,22.22785],[113.97909,22.22803],[113.97901,22.22813],[113.97867,22.22797],[113.97852,22.22811],[113.97813,22.22817],[113.97794,22.22831],[113.97772,22.22836],[113.97765,22.22848],[113.97827,22.22986],[113.9784,22.22986],[113.97841,22.23013],[113.9786,22.23021],[113.97876,22.23047],[113.97876,22.23078],[113.97887,22.231],[113.97893,22.23098],[113.97893,22.23126],[113.97914,22.23158],[113.97916,22.23193],[113.97927,22.23199],[113.97921,22.23213],[113.97945,22.23243],[113.97936,22.2325],[113.97941,22.23273],[113.97926,22.23286],[113.97933,22.23296],[113.97928,22.23306],[113.97935,22.23325],[113.97953,22.23338],[113.97966,22.23385],[113.97984,22.234],[113.98,22.234],[113.97994,22.23418],[113.98008,22.23432],[113.98059,22.23449],[113.98062,22.23465],[113.98072,22.23477],[113.98087,22.23478],[113.98087,22.23488],[113.9814,22.23518],[113.9819,22.23529],[113.98237,22.23574],[113.98214,22.23579],[113.98187,22.23606],[113.9818,22.23654],[113.98159,22.23692],[113.98166,22.23707],[113.98189,22.23724],[113.98208,22.23794],[113.9823,22.23816],[113.98228,22.23835],[113.98244,22.23856],[113.98241,22.23874],[113.98223,22.2389],[113.9819,22.23881],[113.98144,22.23889],[113.98094,22.23923],[113.98071,22.23984],[113.98016,22.24058],[113.9805,22.24147],[113.98025,22.24182],[113.98021,22.24121],[113.97988,22.24057],[113.98001,22.23973],[113.97981,22.23962],[113.97968,22.23923],[113.97943,22.2392],[113.97939,22.23902],[113.97973,22.23895],[113.97975,22.2388],[113.98014,22.23886],[113.98061,22.23839],[113.98092,22.23828],[113.98131,22.23786],[113.98154,22.23781],[113.98161,22.23745],[113.9815,22.2374],[113.98081,22.23756],[113.98024,22.23801],[113.97914,22.23869],[113.97757,22.23945],[113.97507,22.2402],[113.97335,22.24063],[113.97303,22.24064],[113.97257,22.24016],[113.97224,22.24005],[113.97224,22.23992],[113.97201,22.23967],[113.97191,22.23969],[113.97187,22.23957],[113.97161,22.23952],[113.97157,22.23967],[113.9715,22.2397],[113.97148,22.23958],[113.97138,22.2397],[113.97078,22.23963],[113.97039,22.23942],[113.97018,22.23912],[113.96949,22.23869],[113.96893,22.23821],[113.96856,22.23766],[113.96844,22.23766],[113.96834,22.23783],[113.96827,22.23781],[113.96831,22.23759],[113.96818,22.23745],[113.96809,22.23742],[113.96784,22.23756],[113.96796,22.23739],[113.96706,22.23675],[113.96558,22.23667],[113.96537,22.23659],[113.96527,22.23663],[113.9652,22.23651],[113.96513,22.23655],[113.96482,22.23635],[113.96414,22.23609],[113.96384,22.23582],[113.9632,22.23585],[113.96279,22.2357],[113.96265,22.23547],[113.96268,22.23511],[113.9628,22.23504],[113.96267,22.235],[113.96256,22.23474],[113.96274,22.23424],[113.96262,22.23415],[113.96271,22.23366],[113.9626,22.23338],[113.96262,22.23316],[113.96245,22.23297],[113.96196,22.23312],[113.96173,22.23333],[113.96139,22.23334],[113.96115,22.23314],[113.96074,22.23331],[113.96053,22.23331],[113.96017,22.23321],[113.95985,22.23292],[113.95958,22.23292],[113.95942,22.23279],[113.95931,22.23283],[113.95927,22.23264],[113.95892,22.23259],[113.95869,22.23233],[113.95876,22.23218],[113.95869,22.23203],[113.95816,22.2317],[113.958,22.23193],[113.95779,22.23201],[113.95766,22.23196],[113.95758,22.23179],[113.95747,22.23177],[113.95745,22.23184],[113.95741,22.23169],[113.95726,22.23171],[113.95733,22.23188],[113.95717,22.23239],[113.95698,22.23238],[113.95709,22.2325],[113.95753,22.23268],[113.95776,22.23316],[113.95752,22.23306],[113.95693,22.23353],[113.95637,22.23381],[113.95466,22.23417],[113.95362,22.23416],[113.9534,22.23406],[113.95333,22.23392],[113.95301,22.23383],[113.95271,22.23391],[113.95239,22.23419],[113.95173,22.23414],[113.9488,22.23349],[113.94829,22.23329],[113.9483,22.23322],[113.94819,22.23316],[113.94529,22.23227],[113.94206,22.23069],[113.94061,22.22986],[113.94042,22.22962],[113.93998,22.22935],[113.94004,22.22926],[113.94,22.22883],[113.93985,22.22881],[113.93979,22.22894],[113.93986,22.22909],[113.9394,22.22897],[113.93944,22.22885],[113.93918,22.22872],[113.93875,22.22892],[113.93799,22.22884],[113.93748,22.22891],[113.93703,22.22886],[113.93613,22.22848],[113.93502,22.22775],[113.93453,22.22756],[113.93421,22.22731],[113.93411,22.22733],[113.93404,22.22685],[113.93421,22.22653],[113.93423,22.22626],[113.9344,22.22616],[113.93422,22.22605],[113.93431,22.22589],[113.93428,22.22576],[113.93415,22.2258],[113.93394,22.22573],[113.93394,22.22579],[113.93384,22.22574],[113.93382,22.22584],[113.93373,22.22584],[113.93321,22.22537],[113.93278,22.2252],[113.93198,22.22531],[113.93088,22.22515],[113.93044,22.22501],[113.93031,22.2249],[113.93039,22.22487],[113.93034,22.2248],[113.93006,22.22463],[113.93004,22.22469],[113.92955,22.22463],[113.92933,22.22447],[113.92887,22.22437],[113.92879,22.22426],[113.9286,22.22431],[113.92835,22.2242],[113.92838,22.22414],[113.92811,22.22408],[113.92806,22.22415],[113.92767,22.22404],[113.92772,22.22427],[113.92767,22.22441],[113.92795,22.22446],[113.92795,22.2246],[113.92741,22.2246],[113.92731,22.2247],[113.92719,22.22462],[113.92695,22.22489],[113.92678,22.22497],[113.92655,22.22542],[113.92607,22.22586],[113.92606,22.22613],[113.92587,22.22626],[113.92548,22.22626],[113.92533,22.22634],[113.92526,22.22648],[113.92493,22.22649],[113.92463,22.22635],[113.9244,22.22634],[113.92424,22.22617],[113.9239,22.22612],[113.92374,22.22602],[113.92358,22.22608],[113.92326,22.22573],[113.92305,22.22535],[113.92272,22.22466],[113.92274,22.22435],[113.92248,22.22394],[113.92244,22.22365],[113.92198,22.22276],[113.92169,22.22246],[113.92147,22.22158],[113.92083,22.22176],[113.92059,22.22167],[113.92009,22.22164],[113.9198,22.22172],[113.91968,22.22146],[113.91947,22.22134],[113.91907,22.22133],[113.91901,22.22141],[113.91851,22.2213],[113.91845,22.22135],[113.91851,22.22149],[113.91845,22.22149],[113.91815,22.22134],[113.91822,22.22121],[113.91838,22.22122],[113.91854,22.22112],[113.91872,22.22129],[113.91881,22.22122],[113.91863,22.22],[113.91869,22.21958],[113.91886,22.21938],[113.91881,22.21908],[113.91912,22.21845],[113.91969,22.2184],[113.91931,22.2183],[113.91927,22.21794],[113.92043,22.21782],[113.92159,22.21732],[113.92198,22.21751],[113.92211,22.21722],[113.9223,22.21705],[113.92246,22.21702],[113.92302,22.21731],[113.9234,22.21717],[113.92367,22.21717],[113.92383,22.21742],[113.92402,22.21741],[113.92413,22.21727],[113.92424,22.21727],[113.92437,22.21754],[113.92457,22.21753],[113.92457,22.21785],[113.92466,22.21792],[113.92484,22.21783],[113.92507,22.21785],[113.92551,22.21833],[113.92566,22.21835],[113.92571,22.21849],[113.92583,22.21847],[113.92595,22.21884],[113.92626,22.21888],[113.92634,22.21881],[113.92746,22.21863],[113.92827,22.21837],[113.92897,22.21761],[113.92964,22.2175],[113.93001,22.21718],[113.93009,22.21699],[113.93056,22.21677],[113.93062,22.21653],[113.93098,22.21599],[113.93094,22.21591],[113.93116,22.21575],[113.93112,22.21549],[113.93118,22.21543],[113.93102,22.2153],[113.93118,22.21512],[113.93105,22.21503],[113.93108,22.21479],[113.93099,22.21476],[113.93116,22.21442],[113.93101,22.21436],[113.93105,22.21426],[113.93093,22.21412],[113.93095,22.21399],[113.93074,22.2139],[113.93078,22.21369],[113.93053,22.21361],[113.9305,22.21346],[113.93039,22.21342],[113.93047,22.21327],[113.93045,22.21317],[113.93036,22.21316],[113.93032,22.21297],[113.93036,22.21244],[113.93056,22.21169],[113.93065,22.2116],[113.93051,22.2109],[113.93079,22.21035],[113.93063,22.21029],[113.93056,22.20999],[113.93032,22.20993],[113.93036,22.20981],[113.93023,22.20982],[113.93001,22.2097],[113.9299,22.20979],[113.9298,22.20969],[113.92948,22.20981],[113.9289,22.20964],[113.92865,22.20973],[113.92811,22.20965],[113.92807,22.20959],[113.92799,22.20964],[113.92781,22.20956],[113.92788,22.20941],[113.92774,22.20928],[113.92748,22.20937],[113.92731,22.20968],[113.92734,22.20946],[113.92713,22.20924],[113.92696,22.20926],[113.92685,22.20945],[113.92675,22.20917],[113.92636,22.20913],[113.92627,22.20921],[113.92585,22.20905],[113.92532,22.20901],[113.92512,22.20891],[113.92507,22.20871],[113.92493,22.2088],[113.92488,22.2086],[113.92473,22.20858],[113.92478,22.20864],[113.92469,22.20867],[113.92419,22.20845],[113.92388,22.20842],[113.92341,22.20816],[113.92332,22.20804],[113.92327,22.20767],[113.92336,22.20752],[113.92315,22.20734],[113.92319,22.20723],[113.92313,22.20713],[113.92287,22.20721],[113.92272,22.2074],[113.92281,22.20751],[113.92258,22.20774],[113.92182,22.20796],[113.92153,22.20794],[113.92089,22.20756],[113.92036,22.20757],[113.92031,22.20774],[113.9202,22.20777],[113.92,22.20803],[113.91993,22.20825],[113.92012,22.20892],[113.92001,22.20922],[113.91959,22.20939],[113.9194,22.20935],[113.91939,22.20923],[113.91913,22.20898],[113.91919,22.20888],[113.91915,22.20878],[113.91896,22.20882],[113.91886,22.20898],[113.91895,22.20899],[113.91895,22.20909],[113.91877,22.2092],[113.91888,22.20935],[113.91879,22.2094],[113.91884,22.20975],[113.91866,22.21025],[113.91781,22.21088],[113.91748,22.21089],[113.91746,22.21116],[113.9173,22.21134],[113.91679,22.21143],[113.91669,22.21136],[113.91657,22.21143],[113.91635,22.21131],[113.91637,22.21125],[113.91613,22.21121],[113.91601,22.2115],[113.91593,22.21154],[113.91499,22.21133],[113.91441,22.21106],[113.91418,22.21083],[113.91419,22.21066],[113.91444,22.2102],[113.91424,22.20985],[113.91432,22.20923],[113.91428,22.20888],[113.91378,22.20848],[113.91359,22.20823],[113.91334,22.20759],[113.91325,22.20757],[113.91327,22.20748],[113.91317,22.20757],[113.91305,22.20755],[113.91254,22.20724],[113.91255,22.20695],[113.91267,22.20678],[113.91246,22.20635],[113.91219,22.20646],[113.91212,22.2064],[113.91191,22.20646],[113.91167,22.2066],[113.91169,22.20653],[113.91154,22.20651],[113.91114,22.20671],[113.91111,22.20684],[113.9109,22.20695],[113.91043,22.20693],[113.91034,22.20706],[113.9101,22.20712],[113.90995,22.20734],[113.90978,22.20726],[113.90973,22.20741],[113.90947,22.20741],[113.90944,22.20755],[113.90932,22.2076],[113.90894,22.20767],[113.90883,22.20762],[113.90881,22.20744],[113.90866,22.20747],[113.90847,22.20767],[113.90827,22.20816],[113.9081,22.20824],[113.90811,22.20834],[113.90797,22.20826],[113.9078,22.20851],[113.90761,22.20858],[113.90756,22.20851],[113.9074,22.20854],[113.907,22.20887],[113.90704,22.20899],[113.90689,22.20911],[113.90686,22.20953],[113.90675,22.20968],[113.90682,22.20971],[113.9064,22.21008],[113.90629,22.21032],[113.90635,22.21039],[113.90603,22.21066],[113.90537,22.21079],[113.90528,22.21099],[113.90503,22.21113],[113.90499,22.21129],[113.90471,22.21145],[113.90439,22.21147],[113.90424,22.21126],[113.90357,22.21098],[113.90334,22.21127],[113.90295,22.21158],[113.90293,22.21173],[113.90308,22.21176],[113.90314,22.21189],[113.90336,22.21193],[113.90335,22.21213],[113.90319,22.2124],[113.90267,22.21269],[113.90217,22.21277],[113.90208,22.21288],[113.90218,22.21304],[113.90206,22.21319],[113.90188,22.21331],[113.90168,22.21331],[113.90162,22.21337],[113.90166,22.21351],[113.90144,22.21344],[113.90139,22.21366],[113.90145,22.21379],[113.90102,22.21395],[113.90067,22.2139],[113.90061,22.21381],[113.90056,22.21387],[113.90042,22.21379],[113.90014,22.21346],[113.90005,22.21357],[113.90002,22.21397],[113.89991,22.21388],[113.89981,22.21393],[113.89956,22.21441],[113.89878,22.21445],[113.89873,22.21459],[113.8988,22.21484],[113.89865,22.21484],[113.89876,22.21486],[113.89856,22.21508],[113.89859,22.21518],[113.89849,22.21519],[113.89839,22.2154],[113.89815,22.21541],[113.89833,22.21582],[113.89815,22.21587],[113.89805,22.21604],[113.89842,22.21625],[113.89833,22.21644],[113.89834,22.21674],[113.89787,22.2172],[113.8977,22.21759],[113.89729,22.21787],[113.89709,22.21789],[113.89714,22.21795],[113.8969,22.2183],[113.89715,22.219],[113.8983,22.21996],[113.89864,22.22002],[113.89869,22.2201],[113.8986,22.22061],[113.89838,22.22112],[113.89817,22.22212],[113.89798,22.22205],[113.8969,22.22234],[113.89652,22.22223],[113.89653,22.22212],[113.89634,22.22208],[113.89623,22.2222],[113.8958,22.22223],[113.89564,22.22202],[113.89508,22.22212],[113.89408,22.22192],[113.89401,22.22246],[113.89413,22.22254],[113.89414,22.22287],[113.89358,22.22315],[113.89281,22.22321],[113.89183,22.22299],[113.89112,22.2225],[113.89104,22.22237],[113.89105,22.22217],[113.89142,22.22188],[113.89146,22.2217],[113.89135,22.22162],[113.89152,22.22149],[113.89165,22.22121],[113.89164,22.22106],[113.89146,22.22095],[113.89155,22.22083],[113.89139,22.22086],[113.89146,22.22075],[113.89126,22.22056],[113.89114,22.22058],[113.89116,22.22064],[113.89106,22.22066],[113.8911,22.22074],[113.89099,22.22073],[113.89087,22.22086],[113.89083,22.22079],[113.89061,22.2208],[113.89039,22.22066],[113.89046,22.2205],[113.89028,22.22045],[113.89022,22.22035],[113.89005,22.22035],[113.88999,22.2202],[113.8901,22.22007],[113.88997,22.22005],[113.89002,22.21998],[113.8899,22.22003],[113.88987,22.21988],[113.88974,22.21983],[113.88977,22.21978],[113.88949,22.2198],[113.88948,22.21986],[113.88923,22.21976],[113.88912,22.21986],[113.88886,22.21989],[113.88875,22.22021],[113.88862,22.22028],[113.88856,22.22021],[113.88846,22.22024],[113.88855,22.22033],[113.88841,22.22046],[113.88854,22.22058],[113.88855,22.22074],[113.88844,22.22091],[113.88802,22.22119],[113.88743,22.22123],[113.88667,22.2211],[113.88594,22.22088],[113.88447,22.22012],[113.88425,22.21982],[113.88402,22.21979],[113.88377,22.21986],[113.8833,22.21965],[113.88321,22.21948],[113.88311,22.21953],[113.88298,22.21947],[113.88304,22.21907],[113.883,22.21918],[113.88288,22.2192],[113.88277,22.21898],[113.88262,22.21887],[113.88227,22.21887],[113.88229,22.21876],[113.88207,22.2187],[113.8819,22.21852],[113.88198,22.2185],[113.88181,22.21842],[113.88179,22.21826],[113.88186,22.21823],[113.8817,22.21809],[113.88184,22.2178],[113.88171,22.21779],[113.88173,22.21769],[113.8815,22.21766],[113.88168,22.21757],[113.88162,22.21736],[113.88139,22.21732],[113.88152,22.21728],[113.88128,22.21714],[113.88121,22.21694],[113.88113,22.21699],[113.88119,22.21689],[113.88106,22.21674],[113.88078,22.21666],[113.88095,22.2166],[113.8807,22.21634],[113.88079,22.2162],[113.88075,22.21595],[113.8806,22.21594],[113.8806,22.21579],[113.88038,22.21555],[113.88001,22.21558],[113.88015,22.21541],[113.87977,22.21521],[113.87953,22.21532],[113.87933,22.21514],[113.87937,22.21505],[113.87922,22.21495],[113.87932,22.21494],[113.87914,22.21483],[113.87911,22.21468],[113.87877,22.21464],[113.87834,22.21475],[113.87809,22.2144],[113.878,22.21386],[113.87809,22.21366],[113.87834,22.21344],[113.87846,22.21311],[113.87834,22.21268],[113.87843,22.21242],[113.87898,22.21216],[113.87907,22.21225],[113.87922,22.21222],[113.87935,22.21207],[113.87942,22.21208],[113.87945,22.21191],[113.87958,22.2118],[113.87947,22.21171],[113.8797,22.21158],[113.87971,22.21146],[113.87958,22.21148],[113.87966,22.2114],[113.87954,22.21129],[113.87964,22.21118],[113.87941,22.21116],[113.87951,22.21107],[113.87938,22.21102],[113.87944,22.2109],[113.8792,22.21093],[113.87927,22.2108],[113.87912,22.21075],[113.87884,22.21076],[113.87873,22.21087],[113.87824,22.21084],[113.87821,22.21072],[113.87789,22.21077],[113.87772,22.21097],[113.87782,22.21119],[113.87764,22.21122],[113.87731,22.21146],[113.87704,22.21145],[113.87686,22.21155],[113.87691,22.21164],[113.87678,22.21169],[113.87688,22.21173],[113.87676,22.21173],[113.87674,22.2118],[113.87661,22.21174],[113.87654,22.21178],[113.87624,22.21158],[113.8761,22.21162],[113.87591,22.21145],[113.87546,22.21126],[113.87526,22.21127],[113.87513,22.21143],[113.87481,22.2114],[113.87472,22.21147],[113.87463,22.21144],[113.87459,22.2113],[113.87423,22.21125],[113.87424,22.21116],[113.87404,22.21123],[113.87376,22.21106],[113.87371,22.21079],[113.87404,22.21072],[113.87395,22.21063],[113.87382,22.21067],[113.87382,22.21051],[113.8735,22.21066],[113.87348,22.21054],[113.87336,22.21054],[113.87332,22.21036],[113.87294,22.21044],[113.87275,22.21039],[113.8729,22.21036],[113.87283,22.21026],[113.87294,22.21023],[113.8729,22.21014],[113.87274,22.21012],[113.87284,22.20998],[113.8726,22.21002],[113.87263,22.2099],[113.87231,22.20997],[113.87235,22.20981],[113.87226,22.20973],[113.87204,22.20977],[113.87214,22.20968],[113.87195,22.2095],[113.87157,22.20941],[113.87158,22.20946],[113.87129,22.20951],[113.87115,22.20929],[113.87131,22.20918],[113.87142,22.20895],[113.8711,22.20868],[113.8709,22.20832],[113.87082,22.20833],[113.87073,22.20849],[113.87078,22.20825],[113.87069,22.20808],[113.87043,22.20782],[113.87029,22.20784],[113.87016,22.20769],[113.87024,22.2076],[113.86994,22.20748],[113.86995,22.20732],[113.86971,22.20672],[113.86979,22.20656],[113.86973,22.20645],[113.86909,22.20611],[113.86873,22.20583],[113.86847,22.20548],[113.86842,22.20522],[113.86868,22.20451],[113.8679,22.20377],[113.86797,22.20348],[113.86773,22.20343],[113.86768,22.20332],[113.86789,22.20305],[113.86762,22.20283],[113.86766,22.20277],[113.86731,22.20262],[113.86726,22.20263],[113.86738,22.20274],[113.86682,22.20264],[113.86622,22.20282],[113.86531,22.20269],[113.86478,22.20231],[113.86477,22.20205],[113.86469,22.20194],[113.86432,22.20189],[113.86431,22.20196],[113.86416,22.20199],[113.86415,22.20209],[113.86407,22.20207],[113.86405,22.2022],[113.86426,22.20244],[113.86426,22.20283],[113.86445,22.20333],[113.8636,22.20404],[113.86301,22.20425],[113.8629,22.20419],[113.86284,22.20426],[113.8623,22.20432],[113.86228,22.20439],[113.86111,22.20436],[113.86051,22.20407],[113.8604,22.20388],[113.85995,22.20381],[113.8599,22.20372],[113.85999,22.20354],[113.85988,22.20346],[113.86004,22.2032],[113.85991,22.20311],[113.85888,22.20363],[113.85879,22.20361],[113.85887,22.20355],[113.85877,22.2035],[113.85833,22.20366],[113.85838,22.20352],[113.85818,22.20344],[113.85784,22.20351],[113.85729,22.20347],[113.85705,22.20329],[113.85681,22.20323],[113.85681,22.20314],[113.85662,22.20311],[113.85665,22.20304],[113.85645,22.20307],[113.85631,22.20283],[113.85576,22.20279],[113.85422,22.20206],[113.85347,22.20146],[113.85316,22.201],[113.85281,22.20013],[113.85273,22.19958],[113.85279,22.1991],[113.85285,22.19889],[113.85302,22.19871],[113.85342,22.19854],[113.85372,22.19864],[113.85404,22.19837],[113.85418,22.19802],[113.85441,22.19792],[113.85408,22.19745],[113.85404,22.19711],[113.85394,22.19721],[113.85391,22.19744],[113.85358,22.19775],[113.85312,22.19767],[113.85283,22.19735],[113.85285,22.19725],[113.85277,22.19723],[113.85261,22.19677],[113.85225,22.19663],[113.85221,22.19646],[113.85205,22.19646],[113.85146,22.1966],[113.85113,22.19681],[113.85088,22.19683],[113.85085,22.19673],[113.85072,22.19671],[113.85073,22.19688],[113.85046,22.19707],[113.85011,22.19714],[113.84962,22.19755],[113.84924,22.19749],[113.8492,22.19733],[113.84901,22.19728],[113.849,22.19719],[113.84883,22.19728],[113.84882,22.19738],[113.84835,22.19727],[113.84803,22.19739],[113.84776,22.19717],[113.84759,22.1966],[113.84762,22.19622],[113.84788,22.19614],[113.84814,22.19586],[113.84815,22.19565],[113.84807,22.19554],[113.84791,22.19552],[113.84794,22.19558],[113.84778,22.19562],[113.84744,22.19597],[113.84694,22.1959],[113.84657,22.19555],[113.84651,22.19558],[113.84639,22.19543],[113.84626,22.19541],[113.84562,22.19561],[113.84558,22.19576],[113.84551,22.19565],[113.84534,22.19561],[113.84504,22.19571],[113.84502,22.19611],[113.84511,22.19636],[113.84496,22.19639],[113.84483,22.19658],[113.84493,22.19664],[113.84491,22.19683],[113.84519,22.19687],[113.84537,22.19714],[113.84564,22.19717],[113.84611,22.19747],[113.84635,22.19775],[113.84642,22.19815],[113.84683,22.19845],[113.84714,22.19897],[113.84711,22.19957],[113.84699,22.19976],[113.84698,22.19997],[113.84681,22.20005],[113.84693,22.20025],[113.84671,22.20062],[113.84677,22.20072],[113.84692,22.20066],[113.84712,22.20088],[113.84701,22.20161],[113.84755,22.20178],[113.84803,22.20148],[113.84845,22.20166],[113.84888,22.20241],[113.84905,22.20313],[113.84911,22.20409],[113.8492,22.20421],[113.84889,22.20465],[113.84815,22.20502],[113.84763,22.20512],[113.84769,22.20517],[113.84765,22.20522],[113.84686,22.20491],[113.84669,22.20494],[113.84648,22.20485],[113.84634,22.20491],[113.8463,22.20484],[113.84602,22.20505],[113.84608,22.20526],[113.84595,22.20527],[113.84584,22.20541],[113.84572,22.2054],[113.84562,22.20555],[113.84554,22.20549],[113.84544,22.20554],[113.8454,22.20563],[113.84574,22.206],[113.84634,22.20621],[113.84656,22.20648],[113.84651,22.20694],[113.84615,22.20797],[113.84619,22.2082],[113.8463,22.20836],[113.84677,22.20846],[113.84759,22.20831],[113.84799,22.20796],[113.84842,22.20735],[113.8486,22.20723],[113.84932,22.20699],[113.8501,22.20687],[113.85034,22.20689],[113.8513,22.20732],[113.85206,22.20789],[113.85229,22.20799],[113.85234,22.20785],[113.85205,22.20735],[113.85197,22.20683],[113.85167,22.20638],[113.85165,22.20605],[113.85178,22.20575],[113.85212,22.20547],[113.85281,22.20513],[113.85321,22.20513],[113.85389,22.20527],[113.85457,22.20484],[113.85487,22.20444],[113.85567,22.20458],[113.85619,22.20447],[113.85808,22.2044],[113.85819,22.20453],[113.85812,22.20505],[113.85819,22.20509],[113.8593,22.20497],[113.85971,22.20522],[113.85967,22.20581],[113.8598,22.20603],[113.85944,22.20702],[113.85976,22.20767],[113.85988,22.20774],[113.86031,22.20769],[113.86042,22.20799],[113.85973,22.20866],[113.85954,22.20895],[113.85948,22.20921],[113.86086,22.20923],[113.86114,22.20945],[113.8613,22.20976],[113.8613,22.21046],[113.86122,22.21125],[113.86105,22.2115],[113.86113,22.21181],[113.86147,22.21216],[113.86157,22.21211],[113.86181,22.2116],[113.86227,22.21137],[113.86257,22.21107],[113.86303,22.21086],[113.86349,22.21042],[113.86359,22.21022],[113.86396,22.21003],[113.86459,22.20949],[113.86464,22.20894],[113.86498,22.20847],[113.86622,22.20796],[113.8671,22.20731],[113.86745,22.20732],[113.86851,22.20832],[113.86862,22.20875],[113.8686,22.20914],[113.86969,22.21],[113.86975,22.21044],[113.87002,22.21065],[113.87018,22.21093],[113.87075,22.21129],[113.87143,22.21119],[113.87165,22.21098],[113.87213,22.21115],[113.87224,22.2113],[113.8722,22.21154],[113.8724,22.21181],[113.87229,22.21224],[113.87244,22.21229],[113.87281,22.21222],[113.87308,22.21231],[113.87323,22.21252],[113.87332,22.21292],[113.87362,22.21339],[113.87369,22.21367],[113.87419,22.21382],[113.87443,22.21381],[113.87459,22.21391],[113.8747,22.21422],[113.87442,22.21449],[113.87399,22.21464],[113.87392,22.21476],[113.87435,22.2152],[113.87554,22.21544],[113.87588,22.21569],[113.87628,22.21571],[113.8767,22.21562],[113.87784,22.21611],[113.87795,22.21625],[113.87783,22.21668],[113.87815,22.21676],[113.87843,22.2167],[113.87872,22.21682],[113.879,22.21709],[113.87917,22.2175],[113.87936,22.21759],[113.87985,22.21808],[113.88054,22.21846],[113.88065,22.21884],[113.88095,22.21913],[113.88102,22.21951],[113.88144,22.2199],[113.88152,22.22016],[113.88134,22.22043],[113.8804,22.22048],[113.88028,22.22052],[113.88019,22.22067],[113.88043,22.22107],[113.88006,22.2216],[113.88,22.22253],[113.88011,22.22274],[113.88035,22.22295],[113.88025,22.22337],[113.8805,22.2239],[113.88072,22.22403],[113.88128,22.22389],[113.8821,22.22408],[113.88269,22.22395],[113.88365,22.22415],[113.88383,22.22413],[113.88405,22.22395],[113.88451,22.22406],[113.88509,22.2239],[113.88596,22.22435],[113.88677,22.2243],[113.88696,22.22446],[113.88722,22.22452],[113.88823,22.22554],[113.88859,22.2253],[113.88914,22.22515],[113.8892,22.22504],[113.88912,22.22475],[113.88916,22.22462],[113.88933,22.22451],[113.88961,22.22448],[113.88996,22.22505],[113.89041,22.22535],[113.8906,22.22565],[113.89092,22.22577],[113.89138,22.22634],[113.89135,22.22697],[113.89107,22.22738],[113.89113,22.22777],[113.89101,22.22808],[113.89102,22.2283],[113.89123,22.22821],[113.89184,22.22833],[113.89239,22.22826],[113.89428,22.2278],[113.89594,22.22714],[113.89777,22.22608],[113.89811,22.22597],[113.89875,22.22596],[113.89961,22.22625],[113.90021,22.22617],[113.90031,22.22622],[113.90079,22.22587],[113.90132,22.22573],[113.90232,22.22595],[113.90335,22.22633],[113.90448,22.22636],[113.9058,22.22621],[113.90745,22.22713],[113.9094,22.22738],[113.90985,22.22769],[113.91024,22.22771],[113.91043,22.22786],[113.91085,22.22794],[113.91112,22.22812],[113.91124,22.22808],[113.91142,22.22782],[113.91184,22.22771],[113.9119,22.22727],[113.91199,22.22714],[113.91264,22.22683],[113.91304,22.22689],[113.91341,22.22668],[113.9136,22.22666],[113.91409,22.22708],[113.91451,22.22709],[113.91465,22.22695],[113.91461,22.22662],[113.91469,22.22633],[113.91483,22.22621],[113.91502,22.22618],[113.91623,22.22672],[113.91666,22.22738],[113.91687,22.22742],[113.91725,22.22718],[113.91746,22.22722],[113.91767,22.22762],[113.91792,22.22786],[113.91823,22.22784],[113.9184,22.22758],[113.91868,22.22747],[113.92007,22.22733],[113.92025,22.22745],[113.9204,22.22786],[113.92051,22.22794],[113.92133,22.22822],[113.92164,22.22816],[113.92257,22.22827],[113.92301,22.22864],[113.92311,22.22895],[113.9238,22.22932],[113.9247,22.22895],[113.92504,22.2292],[113.92565,22.22933],[113.92577,22.22951],[113.92583,22.23021],[113.92527,22.23076],[113.92562,22.2311],[113.92559,22.23139],[113.92578,22.23167],[113.92567,22.23197],[113.92592,22.23226],[113.92598,22.23291],[113.92651,22.23309],[113.92671,22.23359],[113.92732,22.23364],[113.92757,22.23406],[113.92797,22.23413],[113.92825,22.23399],[113.92852,22.23404],[113.92879,22.23448],[113.92888,22.2348],[113.92914,22.23505],[113.92929,22.23502],[113.92943,22.23485],[113.92959,22.23429],[113.92992,22.23403],[113.93003,22.23375],[113.93033,22.2336],[113.93043,22.23316],[113.93072,22.23295],[113.93075,22.23279],[113.9305,22.23243],[113.93049,22.23227],[113.93058,22.23212],[113.93098,22.23185],[113.93122,22.23182],[113.93235,22.23221],[113.93264,22.23196],[113.93333,22.23172],[113.93384,22.2318],[113.93409,22.23159],[113.93444,22.23149],[113.93464,22.23132],[113.93543,22.23107],[113.93654,22.23155],[113.93689,22.23157],[113.93725,22.2319],[113.93726,22.23221],[113.93734,22.23229],[113.93786,22.23216],[113.93847,22.23261],[113.93928,22.23226],[113.93942,22.23239],[113.93945,22.23262],[113.9396,22.23273],[113.94097,22.23302],[113.94109,22.23316],[113.94106,22.23354],[113.94165,22.23402],[113.942,22.23405],[113.94267,22.23385],[113.94298,22.23416],[113.94343,22.23425],[113.94357,22.23484],[113.94341,22.23521],[113.94337,22.23568],[113.94346,22.2358],[113.9438,22.23587],[113.94392,22.23601],[113.94378,22.23689],[113.94385,22.23699],[113.94415,22.23705],[113.94428,22.23716],[113.94429,22.23732],[113.9441,22.23766],[113.94418,22.23787],[113.94466,22.23798],[113.94511,22.2384],[113.94579,22.23886],[113.94602,22.23891],[113.94639,22.23883],[113.94693,22.23905],[113.94727,22.23945],[113.94765,22.23946],[113.94829,22.23913],[113.94878,22.23925],[113.94949,22.23916],[113.94993,22.23862],[113.95029,22.23846],[113.95054,22.23819],[113.95072,22.23813],[113.95157,22.23849],[113.95237,22.23833],[113.95264,22.23837],[113.9534,22.23881],[113.95373,22.23884],[113.95407,22.23901],[113.95447,22.23901],[113.95494,22.23934],[113.9553,22.23913],[113.95552,22.23913],[113.95593,22.23931],[113.95597,22.23975],[113.95612,22.23992],[113.95625,22.23992],[113.95672,22.23968],[113.95729,22.2398],[113.95786,22.2405],[113.95837,22.24012],[113.95877,22.24026],[113.95914,22.24019],[113.95942,22.24],[113.95959,22.23998],[113.95986,22.2402],[113.96035,22.24114],[113.96073,22.24129],[113.96091,22.24177],[113.96129,22.24241],[113.96159,22.24251],[113.96205,22.24245],[113.96241,22.24292],[113.96295,22.24326],[113.96354,22.24312],[113.96394,22.24336],[113.9642,22.2434],[113.96449,22.2433],[113.96468,22.24301],[113.96539,22.24288],[113.96602,22.24317],[113.96621,22.24315],[113.96633,22.24382],[113.96656,22.24409],[113.96728,22.2444],[113.96794,22.24485],[113.97029,22.24686],[113.97079,22.2469],[113.97146,22.24664],[113.97173,22.24671],[113.97213,22.24701],[113.97239,22.24707],[113.97295,22.24704],[113.97396,22.24674],[113.97461,22.24673],[113.9753,22.24685],[113.97635,22.24732],[113.97671,22.24739],[113.97704,22.2473],[113.97759,22.24691],[113.97891,22.24718],[113.97927,22.24681],[113.97949,22.24711],[113.98065,22.24715],[113.98142,22.24786],[113.98211,22.2478],[113.98325,22.24853],[113.98358,22.24899],[113.98362,22.24921],[113.9835,22.24964],[113.98382,22.25007],[113.98364,22.25072],[113.98369,22.25119],[113.98412,22.25144],[113.98478,22.25201],[113.98517,22.25214],[113.98536,22.25237],[113.9854,22.25254],[113.98534,22.25269],[113.98476,22.25288],[113.98461,22.25304],[113.98454,22.25326],[113.98469,22.25348],[113.98515,22.25359],[113.98533,22.25375],[113.98581,22.25567],[113.9861,22.25577],[113.98651,22.25558],[113.98673,22.25558],[113.98803,22.25625],[113.98874,22.25607],[113.98914,22.25613],[113.98938,22.25633],[113.9898,22.257],[113.99,22.25719],[113.9904,22.25734],[113.99126,22.25746],[113.99171,22.25775],[113.99201,22.25809],[113.99234,22.25882],[113.99269,22.2591],[113.99346,22.25923],[113.99412,22.25922],[113.99459,22.25945],[113.99496,22.25928],[113.99569,22.25924],[113.99612,22.25895],[113.99638,22.25831],[113.99689,22.25785],[113.99703,22.25759],[113.99754,22.2572],[113.998,22.25665],[113.99845,22.25649],[113.99895,22.25671],[113.99916,22.25703],[113.99967,22.25703],[114.00033,22.25757],[114.00039,22.25776],[114.00031,22.25795],[113.9996,22.25847],[113.99961,22.25857],[113.99991,22.25875],[114.00011,22.25897],[114.00144,22.25886],[114.00201,22.25904],[114.00263,22.25884],[114.00297,22.25902],[114.00317,22.25961],[114.0032,22.26177],[114.004,22.26143],[114.00478,22.26091],[114.00554,22.26075],[114.0063,22.2603],[114.00631,22.2603]]],[[[113.9818,22.23793],[113.98143,22.23867],[113.98197,22.23863],[113.98208,22.23853],[113.98206,22.23828],[113.9818,22.23793],[113.9818,22.23793]]]]}},{"type":"Feature","id":"OZP-S-SK-TA-2","properties":{"id":"OZP-S-SK-TA-2","micro_district":"法定规划区 (S/SK-TA/2)","micro_district_en":"Statutory Scheme (S/SK-TA/2)","main_area":"新界其他","color":"#3b82f6"},"geometry":{"type":"MultiPolygon","coordinates":[[[[114.35162,22.35617],[114.35169,22.3553],[114.35182,22.35507],[114.35165,22.35498],[114.35163,22.3548],[114.3515,22.35494],[114.35118,22.35487],[114.35127,22.35472],[114.35119,22.35429],[114.35131,22.35387],[114.35109,22.35409],[114.35093,22.35444],[114.35092,22.35433],[114.35084,22.3544],[114.35033,22.35431],[114.35029,22.35413],[114.35,22.35419],[114.34966,22.35408],[114.34943,22.35379],[114.34938,22.3535],[114.34956,22.35336],[114.34939,22.35336],[114.34924,22.35299],[114.34934,22.35286],[114.34971,22.35282],[114.34969,22.35267],[114.34965,22.35278],[114.34933,22.35281],[114.34932,22.35228],[114.3494,22.35217],[114.34941,22.35184],[114.34901,22.35148],[114.34882,22.35142],[114.34887,22.35104],[114.34882,22.35108],[114.3488,22.35098],[114.34866,22.35096],[114.34869,22.35086],[114.34857,22.35085],[114.34848,22.35066],[114.34855,22.35069],[114.34853,22.35042],[114.34869,22.35016],[114.34869,22.34999],[114.34877,22.35003],[114.34883,22.34995],[114.34867,22.34983],[114.34857,22.34997],[114.34859,22.34978],[114.34847,22.34949],[114.34825,22.34939],[114.34819,22.34952],[114.34826,22.34962],[114.34823,22.34999],[114.34839,22.35041],[114.34791,22.35017],[114.34761,22.35019],[114.34774,22.35031],[114.34776,22.35049],[114.34761,22.35034],[114.34746,22.35035],[114.3474,22.35041],[114.34746,22.3506],[114.34718,22.35059],[114.34705,22.35101],[114.34719,22.35106],[114.34773,22.35159],[114.34779,22.35184],[114.34807,22.35221],[114.34808,22.35266],[114.34943,22.35503],[114.34963,22.35589],[114.34993,22.35598],[114.35017,22.35572],[114.3504,22.35579],[114.35059,22.35572],[114.35092,22.35588],[114.35095,22.35583],[114.35109,22.35614],[114.35125,22.35617],[114.35135,22.35667],[114.35143,22.35676],[114.35165,22.35648],[114.35158,22.35631],[114.35162,22.35619],[114.35162,22.35617]]],[[[114.35248,22.35271],[114.35273,22.35228],[114.35307,22.35236],[114.35337,22.35125],[114.35351,22.35106],[114.35408,22.35075],[114.35452,22.35064],[114.35459,22.35051],[114.35488,22.35043],[114.35543,22.35007],[114.35465,22.34969],[114.35447,22.3492],[114.35451,22.3489],[114.3546,22.34876],[114.35501,22.34876],[114.3555,22.34859],[114.3568,22.34744],[114.3569,22.3473],[114.35684,22.34723],[114.35644,22.34707],[114.35601,22.34707],[114.35586,22.34698],[114.35586,22.34688],[114.35559,22.34683],[114.35544,22.34701],[114.3548,22.34702],[114.35461,22.3471],[114.35455,22.34723],[114.35401,22.34733],[114.35324,22.34734],[114.35251,22.3472],[114.35217,22.34729],[114.35214,22.34707],[114.35192,22.34696],[114.3517,22.34708],[114.35173,22.34713],[114.35164,22.34709],[114.35137,22.34719],[114.35132,22.34736],[114.3515,22.34735],[114.35134,22.34745],[114.35142,22.34757],[114.35128,22.34754],[114.35123,22.34778],[114.35105,22.34785],[114.35119,22.34806],[114.35159,22.34797],[114.35186,22.34803],[114.35205,22.34776],[114.35222,22.34778],[114.35222,22.34784],[114.35223,22.34778],[114.35246,22.34782],[114.35246,22.34795],[114.35248,22.34782],[114.35273,22.34782],[114.35277,22.34805],[114.35271,22.34827],[114.35263,22.34831],[114.35282,22.34834],[114.35276,22.34828],[114.35279,22.3481],[114.35321,22.34824],[114.35399,22.34797],[114.35484,22.3478],[114.35498,22.3481],[114.35483,22.3483],[114.35459,22.34837],[114.35431,22.34859],[114.35393,22.34902],[114.35386,22.34898],[114.35393,22.34915],[114.35374,22.34936],[114.35373,22.34951],[114.35363,22.34954],[114.35368,22.34963],[114.35376,22.34957],[114.35382,22.34974],[114.35351,22.34983],[114.35351,22.34991],[114.35362,22.34985],[114.35362,22.35029],[114.35348,22.35035],[114.35339,22.35027],[114.35319,22.35043],[114.353,22.35039],[114.35291,22.35047],[114.35316,22.35045],[114.35317,22.35052],[114.35292,22.35072],[114.35291,22.35087],[114.35316,22.35118],[114.35275,22.35169],[114.35268,22.35192],[114.35275,22.35214],[114.35247,22.35271],[114.35248,22.35271]]],[[[114.35058,22.354],[114.35087,22.35337],[114.35104,22.35326],[114.35099,22.35322],[114.35132,22.35307],[114.35135,22.3529],[114.35124,22.35277],[114.35048,22.35296],[114.35034,22.35341],[114.35029,22.35334],[114.35025,22.35345],[114.35013,22.35341],[114.35009,22.35359],[114.35017,22.35364],[114.35023,22.35394],[114.35049,22.35405],[114.35058,22.35401],[114.35058,22.354]]]]}},{"type":"Feature","id":"OZP-S-SK-HC-11","properties":{"id":"OZP-S-SK-HC-11","micro_district":"法定规划区 (S/SK-HC/11)","micro_district_en":"Statutory Scheme (S/SK-HC/11)","main_area":"新界其他","color":"#3b82f6"},"geometry":{"type":"Polygon","coordinates":[[[114.25222,22.36733],[114.25287,22.36717],[114.25346,22.36661],[114.25431,22.36561],[114.25469,22.36534],[114.25494,22.36495],[114.25547,22.36459],[114.25581,22.36452],[114.25577,22.36413],[114.25539,22.3629],[114.25553,22.36266],[114.2556,22.36231],[114.25534,22.36146],[114.25577,22.36003],[114.25502,22.36011],[114.25413,22.36041],[114.2536,22.36046],[114.25364,22.36004],[114.25321,22.35998],[114.25282,22.35954],[114.25256,22.35965],[114.25245,22.35942],[114.25166,22.35552],[114.25147,22.35517],[114.25081,22.35447],[114.25047,22.35397],[114.2503,22.35354],[114.25117,22.3523],[114.25134,22.35224],[114.25169,22.35252],[114.25224,22.35224],[114.25211,22.35189],[114.25316,22.35148],[114.25354,22.3511],[114.25409,22.35018],[114.25478,22.34817],[114.25568,22.3468],[114.25605,22.34571],[114.2556,22.34575],[114.25533,22.34658],[114.25517,22.34683],[114.25496,22.34694],[114.25479,22.3475],[114.25463,22.3476],[114.2544,22.34748],[114.25429,22.34703],[114.25417,22.3469],[114.25394,22.34694],[114.25352,22.3472],[114.25316,22.34719],[114.25296,22.34709],[114.25271,22.34717],[114.25216,22.3471],[114.2519,22.34737],[114.25161,22.3473],[114.25137,22.3471],[114.25157,22.34669],[114.25153,22.34625],[114.25142,22.34615],[114.25088,22.34634],[114.25025,22.34599],[114.24946,22.34586],[114.24902,22.34615],[114.24858,22.34623],[114.24801,22.34599],[114.2478,22.34547],[114.24757,22.34558],[114.24724,22.34591],[114.24666,22.34591],[114.24634,22.34573],[114.24683,22.34709],[114.2468,22.34775],[114.24756,22.34824],[114.24802,22.3484],[114.24824,22.34865],[114.2482,22.34913],[114.24807,22.34928],[114.24781,22.34923],[114.24757,22.34935],[114.24698,22.34928],[114.2468,22.34903],[114.24637,22.3488],[114.24609,22.34847],[114.24592,22.34847],[114.24576,22.34892],[114.24579,22.34913],[114.24543,22.34961],[114.24509,22.34933],[114.24498,22.34891],[114.2448,22.34871],[114.24444,22.34887],[114.24388,22.34892],[114.24373,22.34885],[114.24361,22.34897],[114.24336,22.349],[114.24291,22.3489],[114.2423,22.34891],[114.24159,22.3491],[114.24142,22.34888],[114.24099,22.34892],[114.24062,22.3488],[114.24027,22.34898],[114.23995,22.349],[114.23976,22.34893],[114.23953,22.34835],[114.23866,22.34907],[114.2384,22.34959],[114.23821,22.34971],[114.23762,22.34943],[114.23792,22.34939],[114.2381,22.34921],[114.23809,22.34905],[114.23746,22.34843],[114.23711,22.34794],[114.23671,22.34781],[114.23637,22.34784],[114.23614,22.34775],[114.23602,22.34761],[114.23556,22.34748],[114.23518,22.34747],[114.23442,22.34717],[114.23465,22.34801],[114.23438,22.34857],[114.2344,22.34918],[114.23415,22.34954],[114.23406,22.34983],[114.23429,22.35077],[114.23351,22.35117],[114.23268,22.3512],[114.23248,22.35137],[114.23517,22.35237],[114.23521,22.35271],[114.23506,22.3532],[114.23508,22.35363],[114.2348,22.35406],[114.23474,22.35444],[114.23489,22.35527],[114.2347,22.35606],[114.23483,22.35707],[114.2347,22.3576],[114.23466,22.35835],[114.23488,22.35864],[114.23477,22.35875],[114.23467,22.35913],[114.23412,22.35964],[114.23396,22.36005],[114.23439,22.36014],[114.23464,22.36003],[114.23483,22.35969],[114.23551,22.35913],[114.23579,22.35935],[114.23645,22.35961],[114.23713,22.35945],[114.23787,22.35978],[114.23819,22.35978],[114.23845,22.36],[114.23866,22.36004],[114.23913,22.35983],[114.23905,22.35935],[114.2395,22.3591],[114.23989,22.3591],[114.2403,22.35871],[114.24089,22.35888],[114.2412,22.35873],[114.24126,22.35839],[114.24163,22.35833],[114.24202,22.35848],[114.2425,22.3585],[114.24273,22.35863],[114.24304,22.3586],[114.24325,22.35791],[114.2436,22.35787],[114.24391,22.35828],[114.24381,22.35865],[114.24393,22.35871],[114.24399,22.35906],[114.24429,22.35908],[114.24447,22.35891],[114.2449,22.35937],[114.24526,22.35921],[114.2457,22.35926],[114.24605,22.35974],[114.2459,22.3602],[114.2459,22.36046],[114.24629,22.36052],[114.24671,22.36039],[114.24687,22.36053],[114.24698,22.36078],[114.24728,22.36086],[114.24756,22.36113],[114.24796,22.36128],[114.24801,22.36175],[114.2481,22.36184],[114.24825,22.36189],[114.24862,22.36178],[114.24889,22.36193],[114.24887,22.36216],[114.24847,22.36281],[114.24869,22.36309],[114.24889,22.36373],[114.24888,22.36421],[114.24876,22.3645],[114.24885,22.36468],[114.249,22.36467],[114.24896,22.36493],[114.24918,22.36518],[114.24904,22.3656],[114.24922,22.36578],[114.24922,22.36622],[114.24944,22.36661],[114.24923,22.36698],[114.24884,22.36722],[114.24873,22.3674],[114.24862,22.36773],[114.24849,22.36857],[114.24853,22.3688],[114.24838,22.3694],[114.24964,22.36896],[114.25071,22.36846],[114.25136,22.36802],[114.25176,22.36749],[114.25221,22.36734],[114.25222,22.36733]]]}},{"type":"Feature","id":"OZP-S-NE-YSO-2","properties":{"id":"OZP-S-NE-YSO-2","micro_district":"法定规划区 (S/NE-YSO/2)","micro_district_en":"Statutory Scheme (S/NE-YSO/2)","main_area":"新界其他","color":"#3b82f6"},"geometry":{"type":"Polygon","coordinates":[[[114.28644,22.43004],[114.28791,22.42956],[114.28998,22.42931],[114.29056,22.42886],[114.29103,22.42913],[114.29203,22.42917],[114.29234,22.42952],[114.29246,22.42985],[114.29263,22.4297],[114.2928,22.42922],[114.29293,22.42914],[114.29345,22.42928],[114.29383,22.42972],[114.29408,22.42967],[114.29417,22.42951],[114.29415,22.4291],[114.29422,22.42889],[114.29461,22.4286],[114.29509,22.42837],[114.29524,22.42811],[114.295,22.42678],[114.29485,22.42642],[114.29482,22.42582],[114.29425,22.42505],[114.29412,22.42455],[114.29386,22.42439],[114.29337,22.42451],[114.29305,22.42437],[114.29297,22.42445],[114.29297,22.42485],[114.29276,22.42493],[114.29224,22.42462],[114.29148,22.42445],[114.2908,22.42493],[114.29036,22.42498],[114.29001,22.4253],[114.28975,22.42536],[114.28895,22.42527],[114.28854,22.42503],[114.28791,22.42486],[114.2872,22.4248],[114.28685,22.42489],[114.28675,22.42503],[114.28676,22.42523],[114.28747,22.42527],[114.28774,22.42551],[114.28758,22.42555],[114.2875,22.42569],[114.28753,22.42623],[114.28785,22.42643],[114.28805,22.42638],[114.28847,22.42659],[114.2887,22.42732],[114.28851,22.42761],[114.28859,22.42785],[114.28892,22.4279],[114.28954,22.42848],[114.28977,22.42838],[114.28987,22.42841],[114.28961,22.42871],[114.28921,22.42881],[114.28879,22.42908],[114.28859,22.42935],[114.28837,22.4294],[114.2879,22.4293],[114.28747,22.42931],[114.28686,22.42946],[114.28658,22.42963],[114.28594,22.42948],[114.28562,22.42977],[114.28593,22.42996],[114.28642,22.43004],[114.28644,22.43004]]]}},{"type":"Feature","id":"OZP-S-NE-TT-2","properties":{"id":"OZP-S-NE-TT-2","micro_district":"法定规划区 (S/NE-TT/2)","micro_district_en":"Statutory Scheme (S/NE-TT/2)","main_area":"新界其他","color":"#3b82f6"},"geometry":{"type":"MultiPolygon","coordinates":[[[[114.33481,22.4422],[114.33523,22.44229],[114.33547,22.44219],[114.33555,22.44112],[114.33516,22.44082],[114.33497,22.44094],[114.33499,22.44119],[114.33477,22.44141],[114.33468,22.44121],[114.33453,22.44136],[114.33401,22.44093],[114.33379,22.44035],[114.33361,22.44015],[114.33323,22.44002],[114.333,22.44013],[114.3329,22.44008],[114.33282,22.43994],[114.33291,22.43984],[114.33304,22.43988],[114.33292,22.43982],[114.33277,22.43954],[114.33267,22.4395],[114.33267,22.4394],[114.33302,22.43948],[114.33322,22.43944],[114.33324,22.43934],[114.333,22.43938],[114.33297,22.43932],[114.33317,22.43906],[114.33316,22.43883],[114.33325,22.43884],[114.33329,22.43876],[114.33258,22.43852],[114.33263,22.43844],[114.33327,22.43852],[114.33356,22.4388],[114.33373,22.43924],[114.33397,22.43915],[114.3341,22.43897],[114.33404,22.43858],[114.33414,22.43804],[114.33447,22.43747],[114.33495,22.4373],[114.33553,22.43695],[114.33635,22.43615],[114.3368,22.43548],[114.33729,22.43573],[114.33744,22.43547],[114.33736,22.43543],[114.33725,22.43561],[114.33674,22.43539],[114.33651,22.43576],[114.33542,22.4367],[114.33473,22.43695],[114.33431,22.43693],[114.33342,22.43651],[114.33314,22.43656],[114.33244,22.4369],[114.33214,22.4369],[114.33182,22.43679],[114.33114,22.43621],[114.33063,22.43557],[114.32979,22.43489],[114.32938,22.43437],[114.32913,22.4339],[114.32826,22.4332],[114.32818,22.43303],[114.32813,22.43228],[114.32741,22.43167],[114.32741,22.4306],[114.32783,22.42958],[114.32831,22.42911],[114.32845,22.42847],[114.32864,22.42814],[114.32896,22.42783],[114.32936,22.42765],[114.32928,22.42738],[114.32853,22.42732],[114.32841,22.42753],[114.32795,22.42751],[114.32756,22.42773],[114.32721,22.42776],[114.32686,22.42747],[114.32632,22.42744],[114.32595,22.42761],[114.32568,22.42763],[114.32545,22.42793],[114.32514,22.42802],[114.32481,22.42801],[114.32464,22.42811],[114.32464,22.42841],[114.32416,22.42849],[114.32409,22.42874],[114.32413,22.42892],[114.32441,22.42903],[114.3245,22.42919],[114.32427,22.42946],[114.3243,22.42973],[114.32408,22.43011],[114.32408,22.43032],[114.3243,22.4306],[114.32436,22.43082],[114.32394,22.43194],[114.32397,22.43212],[114.32609,22.43347],[114.32625,22.43368],[114.3265,22.43449],[114.32716,22.43426],[114.32734,22.43429],[114.32811,22.43474],[114.32836,22.43475],[114.32864,22.43461],[114.32895,22.43468],[114.32914,22.43497],[114.32911,22.43532],[114.3292,22.43547],[114.32962,22.43568],[114.33028,22.43647],[114.33111,22.43702],[114.33138,22.43738],[114.33136,22.43775],[114.33165,22.43839],[114.33155,22.43886],[114.33133,22.43937],[114.33133,22.43983],[114.33142,22.44013],[114.33201,22.44054],[114.33224,22.44098],[114.33256,22.44127],[114.33392,22.44169],[114.33405,22.442],[114.33375,22.44226],[114.33393,22.44254],[114.33433,22.44255],[114.33481,22.4422],[114.33481,22.4422]]],[[[114.33334,22.43645],[114.33389,22.43664],[114.33442,22.43615],[114.33455,22.43589],[114.3345,22.4353],[114.3342,22.435],[114.33388,22.4349],[114.33344,22.43499],[114.33258,22.43539],[114.33215,22.43536],[114.33162,22.43516],[114.33137,22.43482],[114.33134,22.43441],[114.33174,22.43412],[114.33212,22.43404],[114.3321,22.4339],[114.33193,22.43364],[114.33123,22.43344],[114.33108,22.43348],[114.33101,22.43322],[114.33107,22.43268],[114.33151,22.43223],[114.33168,22.43188],[114.332,22.43173],[114.3325,22.43178],[114.33289,22.43132],[114.33257,22.43107],[114.33232,22.43067],[114.33139,22.43043],[114.33133,22.43091],[114.3312,22.43103],[114.33086,22.43101],[114.33064,22.43059],[114.33042,22.43052],[114.32987,22.4306],[114.32953,22.43107],[114.32939,22.43106],[114.32917,22.43091],[114.32884,22.43038],[114.32876,22.4297],[114.32905,22.42914],[114.32959,22.42868],[114.32963,22.42842],[114.32957,22.42808],[114.32935,22.42771],[114.32915,22.4278],[114.32887,22.42798],[114.3286,22.42831],[114.32837,22.42911],[114.32795,22.4295],[114.32754,22.4304],[114.32745,22.43078],[114.32752,22.43167],[114.3282,22.43226],[114.32825,22.43299],[114.32837,22.43321],[114.3292,22.43387],[114.32946,22.43437],[114.32983,22.43483],[114.33064,22.43546],[114.33122,22.43618],[114.33174,22.43666],[114.33203,22.43681],[114.33238,22.43684],[114.33331,22.43645],[114.33334,22.43645]]],[[[114.33702,22.43414],[114.33728,22.43414],[114.33742,22.43375],[114.33754,22.43379],[114.33758,22.43371],[114.33746,22.43366],[114.33743,22.43356],[114.33745,22.43345],[114.33757,22.43343],[114.33754,22.43321],[114.3373,22.43319],[114.33721,22.43302],[114.33721,22.43321],[114.33706,22.43311],[114.33706,22.43355],[114.33681,22.43412],[114.33696,22.43414],[114.33702,22.43414]]]]}},{"type":"Feature","id":"OZP-S-NE-TKP-2","properties":{"id":"OZP-S-NE-TKP-2","micro_district":"法定规划区 (S/NE-TKP/2)","micro_district_en":"Statutory Scheme (S/NE-TKP/2)","main_area":"新界其他","color":"#3b82f6"},"geometry":{"type":"MultiPolygon","coordinates":[[[[114.33416,22.42112],[114.3345,22.42118],[114.33478,22.4211],[114.33555,22.42053],[114.33546,22.42025],[114.33525,22.42025],[114.33513,22.42016],[114.33521,22.41972],[114.33502,22.41957],[114.33483,22.41954],[114.33478,22.41941],[114.33448,22.41937],[114.33438,22.41917],[114.33449,22.41876],[114.33471,22.41863],[114.33487,22.41824],[114.33502,22.41813],[114.33506,22.41756],[114.335,22.41701],[114.33483,22.41685],[114.33449,22.41684],[114.33413,22.41698],[114.3336,22.41702],[114.33324,22.41718],[114.33296,22.41684],[114.33284,22.41682],[114.33274,22.41697],[114.33257,22.41782],[114.33226,22.41822],[114.33202,22.4183],[114.33122,22.41826],[114.33093,22.41839],[114.33079,22.41859],[114.33111,22.4194],[114.3322,22.42112],[114.33248,22.42109],[114.33309,22.42085],[114.33345,22.42125],[114.33414,22.42112],[114.33416,22.42112]]],[[[114.3366,22.42815],[114.33682,22.42815],[114.33751,22.42852],[114.33776,22.42853],[114.33858,22.4282],[114.33869,22.42795],[114.33882,22.42787],[114.33906,22.42806],[114.33918,22.42802],[114.33978,22.42777],[114.3398,22.4277],[114.33948,22.42732],[114.33993,22.42694],[114.33965,22.42674],[114.33931,22.42668],[114.338,22.427],[114.33681,22.42665],[114.33591,22.42609],[114.33533,22.42618],[114.33459,22.42601],[114.3342,22.42611],[114.33413,22.42629],[114.33423,22.42794],[114.3345,22.42778],[114.33501,22.42786],[114.33534,22.42768],[114.33589,22.42779],[114.33656,22.42816],[114.33656,22.42858],[114.33659,22.42816],[114.3366,22.42815]]]]}},{"type":"Feature","id":"OZP-S-NE-SSH-11","properties":{"id":"OZP-S-NE-SSH-11","micro_district":"法定规划区 (S/NE-SSH/11)","micro_district_en":"Statutory Scheme (S/NE-SSH/11)","main_area":"新界其他","color":"#3b82f6"},"geometry":{"type":"MultiPolygon","coordinates":[[[[114.26822,22.43396],[114.2684,22.43386],[114.26868,22.43347],[114.26867,22.43316],[114.26896,22.43243],[114.26891,22.43218],[114.26897,22.43202],[114.26941,22.43172],[114.26975,22.43203],[114.26984,22.43194],[114.2699,22.43187],[114.26984,22.43181],[114.2697,22.43194],[114.26947,22.43173],[114.26953,22.43146],[114.26989,22.43121],[114.27022,22.43061],[114.27046,22.4305],[114.27075,22.43011],[114.27056,22.4291],[114.27101,22.42917],[114.27107,22.42911],[114.27039,22.42902],[114.27039,22.42883],[114.27043,22.42866],[114.27061,22.42854],[114.27061,22.42841],[114.27073,22.42832],[114.27114,22.4284],[114.27073,22.42831],[114.27074,22.42821],[114.27063,22.42821],[114.27059,22.4281],[114.27078,22.42798],[114.27068,22.42757],[114.27097,22.42714],[114.27088,22.4267],[114.27331,22.42668],[114.27346,22.42663],[114.27353,22.42651],[114.27366,22.4255],[114.27358,22.42516],[114.27306,22.42455],[114.27286,22.42454],[114.27263,22.42475],[114.27272,22.4155],[114.27394,22.4154],[114.27503,22.41516],[114.27506,22.41481],[114.27529,22.41428],[114.27566,22.41391],[114.27573,22.4136],[114.27597,22.41324],[114.27602,22.41285],[114.27577,22.41223],[114.27574,22.41199],[114.2758,22.41174],[114.27595,22.41159],[114.27587,22.41133],[114.27604,22.41103],[114.27639,22.40964],[114.27678,22.4097],[114.2772,22.40842],[114.27801,22.40734],[114.27815,22.40698],[114.27811,22.4069],[114.2784,22.40655],[114.27904,22.40518],[114.27861,22.40543],[114.27811,22.40554],[114.27774,22.40574],[114.2769,22.40549],[114.27652,22.40557],[114.27587,22.40596],[114.27516,22.40658],[114.27484,22.40711],[114.27482,22.40761],[114.27461,22.40795],[114.2744,22.40805],[114.27413,22.40851],[114.27354,22.40969],[114.27356,22.40994],[114.27346,22.41013],[114.27327,22.41024],[114.27275,22.41019],[114.27216,22.41045],[114.27185,22.41064],[114.27168,22.41086],[114.27165,22.41118],[114.27207,22.41159],[114.27221,22.41213],[114.27209,22.41227],[114.27204,22.41339],[114.27189,22.41367],[114.27137,22.41418],[114.27106,22.41435],[114.27054,22.41445],[114.26905,22.41457],[114.26882,22.41486],[114.26773,22.4152],[114.26713,22.41514],[114.26644,22.41523],[114.26622,22.41542],[114.26584,22.41553],[114.26575,22.41577],[114.26577,22.41599],[114.26627,22.41704],[114.26611,22.41977],[114.26619,22.42087],[114.26636,22.42123],[114.26618,22.42206],[114.26588,22.42265],[114.26565,22.42288],[114.26426,22.42339],[114.26376,22.4237],[114.26352,22.424],[114.26325,22.42459],[114.26294,22.42439],[114.26271,22.42403],[114.26264,22.42375],[114.26284,22.42305],[114.26308,22.42117],[114.26353,22.42034],[114.26352,22.42009],[114.26335,22.41983],[114.26337,22.41964],[114.26307,22.41913],[114.26305,22.4188],[114.26275,22.41869],[114.26239,22.41876],[114.26214,22.41859],[114.2618,22.41768],[114.2619,22.41726],[114.26165,22.41739],[114.26154,22.41693],[114.26116,22.41655],[114.26115,22.41561],[114.26099,22.41552],[114.26084,22.41556],[114.26062,22.4158],[114.26037,22.41542],[114.26034,22.41527],[114.26051,22.41505],[114.26048,22.41479],[114.26004,22.41512],[114.25947,22.41603],[114.25942,22.4163],[114.25952,22.4165],[114.26035,22.41709],[114.26055,22.4179],[114.26045,22.41809],[114.26016,22.41819],[114.25992,22.41815],[114.25944,22.41792],[114.2593,22.41839],[114.25931,22.4187],[114.26094,22.41991],[114.26153,22.42134],[114.26154,22.42195],[114.26141,22.42239],[114.261,22.42246],[114.26052,22.42272],[114.26039,22.42305],[114.2604,22.4233],[114.26063,22.4239],[114.26036,22.42412],[114.26005,22.4242],[114.25979,22.42458],[114.26016,22.42537],[114.26071,22.42537],[114.26076,22.4282],[114.26054,22.42847],[114.26062,22.42874],[114.26008,22.42918],[114.25952,22.42943],[114.25898,22.43023],[114.25781,22.43055],[114.25836,22.43076],[114.25808,22.43147],[114.25774,22.43197],[114.25744,22.43218],[114.25752,22.43223],[114.25746,22.43226],[114.25795,22.43249],[114.25839,22.43245],[114.25864,22.43221],[114.2589,22.43237],[114.2587,22.43234],[114.25901,22.43259],[114.25934,22.43267],[114.25964,22.43259],[114.25976,22.43247],[114.25977,22.43235],[114.25996,22.43253],[114.26001,22.4325],[114.25996,22.43243],[114.2605,22.43232],[114.26089,22.43252],[114.26091,22.43267],[114.26123,22.43229],[114.26114,22.43268],[114.26139,22.43286],[114.26168,22.43275],[114.26207,22.4329],[114.26227,22.43307],[114.26288,22.43313],[114.26311,22.43339],[114.26317,22.43362],[114.26339,22.4337],[114.26374,22.43374],[114.26383,22.43344],[114.26406,22.43385],[114.26445,22.43395],[114.26485,22.43386],[114.26503,22.43367],[114.26524,22.43359],[114.2653,22.43342],[114.26546,22.43365],[114.26592,22.43341],[114.26577,22.43365],[114.26587,22.43375],[114.26602,22.43361],[114.26615,22.43381],[114.26628,22.43365],[114.26639,22.43369],[114.26641,22.43346],[114.26654,22.43343],[114.26659,22.43358],[114.26693,22.4334],[114.26691,22.4333],[114.26718,22.43353],[114.26723,22.43345],[114.26717,22.43329],[114.2677,22.4336],[114.26789,22.43406],[114.26787,22.43441],[114.2677,22.43485],[114.2678,22.43487],[114.26803,22.43407],[114.2682,22.43396],[114.26822,22.43396]]],[[[114.26916,22.40981],[114.26919,22.40963],[114.26959,22.40944],[114.27004,22.40889],[114.27011,22.40871],[114.27003,22.40848],[114.27035,22.40786],[114.27036,22.40768],[114.26947,22.40722],[114.26906,22.40686],[114.26895,22.40647],[114.26835,22.40537],[114.2685,22.40503],[114.26844,22.40485],[114.26866,22.40453],[114.26854,22.40429],[114.26842,22.4043],[114.26833,22.40448],[114.26813,22.40441],[114.26808,22.40454],[114.26789,22.40452],[114.26811,22.40507],[114.26796,22.40559],[114.26781,22.40558],[114.2676,22.4054],[114.26745,22.40519],[114.26738,22.4049],[114.26684,22.40435],[114.26679,22.40406],[114.267,22.40346],[114.26667,22.40316],[114.26655,22.40289],[114.26688,22.4028],[114.26715,22.40254],[114.26758,22.40246],[114.26849,22.40152],[114.26811,22.40164],[114.26776,22.40163],[114.26703,22.40121],[114.26616,22.40102],[114.26542,22.40045],[114.26498,22.40031],[114.26476,22.39998],[114.26452,22.39984],[114.26445,22.39947],[114.26422,22.3992],[114.26426,22.39875],[114.26405,22.39878],[114.2639,22.39891],[114.26363,22.39941],[114.26368,22.39967],[114.26354,22.40001],[114.2636,22.40028],[114.26329,22.40048],[114.26346,22.40087],[114.26356,22.4018],[114.26416,22.40239],[114.26433,22.40271],[114.26354,22.4025],[114.26308,22.40228],[114.26285,22.40237],[114.26572,22.40637],[114.26622,22.40665],[114.26627,22.40712],[114.267,22.40724],[114.2674,22.40704],[114.26779,22.40698],[114.26785,22.40704],[114.2676,22.40732],[114.26751,22.40763],[114.26739,22.40769],[114.26705,22.40767],[114.26694,22.40807],[114.26741,22.4092],[114.26733,22.4094],[114.26754,22.40961],[114.26762,22.40987],[114.26798,22.40979],[114.26853,22.41024],[114.26908,22.4105],[114.26921,22.41045],[114.26903,22.41015],[114.26916,22.40982],[114.26916,22.40981]]],[[[114.28093,22.40415],[114.28126,22.4041],[114.28172,22.40386],[114.28209,22.40334],[114.28196,22.40299],[114.28048,22.40172],[114.27982,22.40201],[114.27988,22.40291],[114.27982,22.4039],[114.2797,22.40429],[114.27929,22.40483],[114.27989,22.40441],[114.28087,22.4042],[114.28093,22.40415]]]]}},{"type":"Feature","id":"OZP-S-NE-SC-3","properties":{"id":"OZP-S-NE-SC-3","micro_district":"法定规划区 (S/NE-SC/3)","micro_district_en":"Statutory Scheme (S/NE-SC/3)","main_area":"新界其他","color":"#3b82f6"},"geometry":{"type":"Polygon","coordinates":[[[114.28371,22.44361],[114.28486,22.44393],[114.28627,22.44376],[114.28753,22.44447],[114.28894,22.44449],[114.2892,22.44464],[114.28951,22.44519],[114.28977,22.44536],[114.28996,22.44522],[114.29005,22.4449],[114.29021,22.44482],[114.29055,22.44474],[114.29111,22.44478],[114.29143,22.44473],[114.2916,22.44451],[114.29166,22.44427],[114.2919,22.44406],[114.29178,22.44393],[114.29102,22.44363],[114.29049,22.44295],[114.29031,22.44291],[114.28999,22.44257],[114.28999,22.44237],[114.29016,22.44218],[114.29031,22.44181],[114.29004,22.44162],[114.28951,22.44191],[114.28935,22.44185],[114.28955,22.44163],[114.28952,22.44135],[114.28978,22.44107],[114.28957,22.44097],[114.28907,22.44112],[114.2889,22.44106],[114.28887,22.44086],[114.28929,22.44036],[114.28839,22.43986],[114.28813,22.43939],[114.28797,22.43928],[114.28743,22.43931],[114.28658,22.43903],[114.28599,22.43894],[114.28539,22.43919],[114.28493,22.43959],[114.2846,22.44013],[114.28466,22.44062],[114.28496,22.44103],[114.28487,22.44148],[114.28448,22.44187],[114.28423,22.44193],[114.28391,22.44189],[114.28371,22.44361]]]}},{"type":"Feature","id":"OZP-S-NE-PSO-2","properties":{"id":"OZP-S-NE-PSO-2","micro_district":"法定规划区 (S/NE-PSO/2)","micro_district_en":"Statutory Scheme (S/NE-PSO/2)","main_area":"新界其他","color":"#3b82f6"},"geometry":{"type":"Polygon","coordinates":[[[114.32484,22.45558],[114.32521,22.45525],[114.32473,22.45479],[114.32454,22.4543],[114.32479,22.45411],[114.32503,22.4537],[114.32546,22.45351],[114.32615,22.45244],[114.32614,22.45227],[114.32593,22.45218],[114.32544,22.45238],[114.32527,22.45235],[114.32512,22.45157],[114.32466,22.45116],[114.32413,22.45119],[114.32356,22.45163],[114.32336,22.45162],[114.32264,22.45037],[114.32258,22.44957],[114.32228,22.44883],[114.32181,22.44849],[114.3209,22.44845],[114.32065,22.44834],[114.32039,22.44799],[114.32011,22.44705],[114.31929,22.44694],[114.31854,22.4464],[114.3182,22.44637],[114.31807,22.44656],[114.31818,22.44688],[114.31817,22.44728],[114.31829,22.44754],[114.31791,22.44817],[114.31753,22.4483],[114.31688,22.44822],[114.3165,22.44849],[114.31621,22.44842],[114.31611,22.44851],[114.31597,22.44846],[114.31587,22.44855],[114.3159,22.44873],[114.31572,22.44887],[114.31574,22.44979],[114.31599,22.44998],[114.3163,22.44989],[114.31665,22.44994],[114.3167,22.45002],[114.31664,22.45017],[114.31678,22.45019],[114.31683,22.4503],[114.31727,22.45048],[114.31754,22.45054],[114.31777,22.45033],[114.31841,22.45007],[114.31963,22.44993],[114.31995,22.44998],[114.32044,22.45033],[114.3207,22.45076],[114.32073,22.45145],[114.32087,22.45176],[114.3213,22.45202],[114.32203,22.45222],[114.32234,22.4525],[114.32242,22.45282],[114.32227,22.45313],[114.32226,22.45335],[114.32237,22.45369],[114.32302,22.4539],[114.3238,22.4554],[114.32478,22.45562],[114.32484,22.45558]]]}},{"type":"Feature","id":"OZP-S-NE-KLW-2","properties":{"id":"OZP-S-NE-KLW-2","micro_district":"法定规划区 (S/NE-KLW/2)","micro_district_en":"Statutory Scheme (S/NE-KLW/2)","main_area":"新界其他","color":"#3b82f6"},"geometry":{"type":"Polygon","coordinates":[[[114.36211,22.46039],[114.36408,22.45952],[114.36563,22.45911],[114.36587,22.45897],[114.36598,22.45902],[114.36616,22.45888],[114.36543,22.45793],[114.36402,22.45783],[114.36362,22.458],[114.36349,22.45821],[114.36299,22.45852],[114.36262,22.45904],[114.36247,22.45907],[114.36182,22.45828],[114.36148,22.45736],[114.36143,22.45684],[114.3618,22.45566],[114.36345,22.4533],[114.3637,22.45242],[114.36402,22.45217],[114.36416,22.45193],[114.36361,22.44991],[114.36375,22.4494],[114.36412,22.44897],[114.36386,22.44871],[114.36362,22.4486],[114.36342,22.44864],[114.36313,22.44887],[114.36279,22.4492],[114.36254,22.44959],[114.36221,22.4497],[114.36186,22.44967],[114.36078,22.44938],[114.35994,22.44934],[114.35954,22.44925],[114.35891,22.44927],[114.3585,22.4491],[114.35784,22.44979],[114.35797,22.45018],[114.35761,22.45064],[114.35761,22.45147],[114.35802,22.45178],[114.35837,22.45221],[114.35831,22.45232],[114.35849,22.45251],[114.35962,22.45216],[114.35974,22.45205],[114.35999,22.45204],[114.36065,22.45154],[114.36086,22.45148],[114.36152,22.45177],[114.36205,22.45226],[114.36214,22.4521],[114.36187,22.45186],[114.36186,22.45172],[114.36216,22.45144],[114.36222,22.45146],[114.36196,22.45178],[114.36223,22.45213],[114.36217,22.45217],[114.36226,22.45256],[114.36186,22.45318],[114.36176,22.45369],[114.36162,22.45371],[114.36171,22.45374],[114.36168,22.45395],[114.36122,22.45433],[114.36082,22.45531],[114.36081,22.45563],[114.36056,22.45641],[114.36064,22.45663],[114.36051,22.45698],[114.36065,22.45726],[114.36064,22.45758],[114.36077,22.45789],[114.36093,22.45801],[114.36104,22.45842],[114.3606,22.45858],[114.36052,22.45839],[114.36043,22.45842],[114.36052,22.45866],[114.36102,22.45847],[114.36114,22.45897],[114.36156,22.45944],[114.36154,22.45953],[114.36162,22.45951],[114.36169,22.45984],[114.36146,22.45974],[114.36165,22.45991],[114.36145,22.46008],[114.36151,22.46015],[114.36146,22.46018],[114.36128,22.46026],[114.3612,22.4601],[114.36121,22.46021],[114.36092,22.46039],[114.36084,22.46025],[114.36077,22.46029],[114.36085,22.46042],[114.36071,22.46056],[114.36075,22.46069],[114.3611,22.46087],[114.36208,22.4604],[114.36211,22.46039]]]}},{"type":"Feature","id":"OZP-S-NE-HH-4","properties":{"id":"OZP-S-NE-HH-4","micro_district":"法定规划区 (S/NE-HH/4)","micro_district_en":"Statutory Scheme (S/NE-HH/4)","main_area":"新界其他","color":"#3b82f6"},"geometry":{"type":"Polygon","coordinates":[[[114.33063,22.46139],[114.3306,22.46127],[114.33035,22.46109],[114.33041,22.4608],[114.33029,22.46014],[114.32979,22.45977],[114.32946,22.45978],[114.32901,22.45962],[114.32877,22.45935],[114.3287,22.459],[114.32853,22.45898],[114.3284,22.45911],[114.32838,22.45961],[114.32823,22.45969],[114.32788,22.45951],[114.32642,22.45912],[114.32572,22.45875],[114.32547,22.45847],[114.32539,22.4585],[114.32549,22.45927],[114.32633,22.45981],[114.32642,22.46015],[114.32674,22.46062],[114.32721,22.46078],[114.32731,22.46063],[114.32756,22.46076],[114.32758,22.46106],[114.3278,22.46138],[114.32823,22.46147],[114.32871,22.46127],[114.32957,22.46131],[114.3301,22.46172],[114.33019,22.46198],[114.33057,22.4617],[114.33064,22.46142],[114.33063,22.46139]]]}},{"type":"Feature","id":"OZP-S-NE-CS-2","properties":{"id":"OZP-S-NE-CS-2","micro_district":"法定规划区 (S/NE-CS/2)","micro_district_en":"Statutory Scheme (S/NE-CS/2)","main_area":"新界其他","color":"#3b82f6"},"geometry":{"type":"Polygon","coordinates":[[[114.30797,22.43058],[114.30901,22.43011],[114.30981,22.43011],[114.3104,22.43039],[114.3112,22.43017],[114.31166,22.42981],[114.31229,22.42982],[114.31224,22.42968],[114.31237,22.4293],[114.31268,22.42897],[114.31228,22.42851],[114.31124,22.42863],[114.31092,22.42853],[114.31069,22.42868],[114.31031,22.42865],[114.30998,22.42873],[114.30973,22.42861],[114.30893,22.42863],[114.30822,22.4284],[114.30792,22.42845],[114.30768,22.4284],[114.3073,22.4282],[114.30707,22.42798],[114.30695,22.42713],[114.30678,22.42686],[114.30662,22.42677],[114.30639,22.42686],[114.30618,22.42725],[114.30586,22.4275],[114.30564,22.42785],[114.30444,22.42811],[114.30431,22.42819],[114.30459,22.4298],[114.30457,22.43018],[114.30467,22.43026],[114.30469,22.43044],[114.30488,22.43061],[114.30537,22.43035],[114.30551,22.43002],[114.30574,22.42986],[114.30603,22.42986],[114.30622,22.43003],[114.30646,22.43008],[114.30655,22.42976],[114.30671,22.42961],[114.30718,22.42988],[114.30734,22.43016],[114.30706,22.43067],[114.30673,22.43098],[114.30718,22.43114],[114.3076,22.43073],[114.30795,22.43059],[114.30797,22.43058]]]}},{"type":"Feature","id":"OZP-S-SK-PL-4","properties":{"id":"OZP-S-SK-PL-4","micro_district":"法定规划区 (S/SK-PL/4)","micro_district_en":"Statutory Scheme (S/SK-PL/4)","main_area":"新界其他","color":"#3b82f6"},"geometry":{"type":"Polygon","coordinates":[[[114.35971,22.35636],[114.35998,22.35638],[114.36006,22.35615],[114.35991,22.35549],[114.36025,22.35553],[114.36037,22.35539],[114.36055,22.35535],[114.36066,22.35518],[114.36065,22.35501],[114.36089,22.35465],[114.36117,22.35462],[114.36131,22.35446],[114.36163,22.3545],[114.36189,22.35443],[114.36186,22.35413],[114.36166,22.35403],[114.36156,22.35383],[114.36163,22.35329],[114.36177,22.35327],[114.3621,22.35349],[114.36231,22.35351],[114.36248,22.35338],[114.36268,22.35305],[114.36266,22.35299],[114.36234,22.35293],[114.36201,22.35305],[114.36167,22.35298],[114.36158,22.35286],[114.36172,22.35238],[114.36165,22.35225],[114.3615,22.35228],[114.36104,22.35279],[114.36054,22.35241],[114.35999,22.35237],[114.35981,22.35197],[114.35914,22.35229],[114.35934,22.35263],[114.35985,22.35292],[114.36,22.35318],[114.35976,22.35388],[114.35986,22.35422],[114.3596,22.35495],[114.35962,22.35524],[114.35944,22.3562],[114.35963,22.3564],[114.3597,22.35637],[114.35971,22.35636]]]}},{"type":"Feature","id":"OZP-S-NE-CK-2","properties":{"id":"OZP-S-NE-CK-2","micro_district":"法定规划区 (S/NE-CK/2)","micro_district_en":"Statutory Scheme (S/NE-CK/2)","main_area":"新界其他","color":"#3b82f6"},"geometry":{"type":"Polygon","coordinates":[[[114.34413,22.42512],[114.34438,22.42519],[114.34492,22.42488],[114.34527,22.42511],[114.34539,22.42511],[114.34594,22.42428],[114.34639,22.42409],[114.34687,22.42454],[114.34714,22.42462],[114.34726,22.42439],[114.34713,22.42385],[114.34694,22.42348],[114.34667,22.42347],[114.34677,22.42324],[114.34698,22.42308],[114.3473,22.42303],[114.34738,22.42276],[114.34753,22.4228],[114.34749,22.42288],[114.34762,22.42312],[114.34788,22.42305],[114.34793,22.42322],[114.34804,22.42323],[114.34843,22.42282],[114.34851,22.42279],[114.34853,22.4229],[114.3486,22.42286],[114.34868,22.42252],[114.34862,22.42235],[114.34886,22.4222],[114.34894,22.42203],[114.34922,22.42178],[114.34947,22.42168],[114.34952,22.42174],[114.34967,22.4217],[114.34972,22.42186],[114.34966,22.42163],[114.34975,22.42159],[114.34994,22.42158],[114.34995,22.42169],[114.35011,22.4217],[114.35012,22.42176],[114.35026,22.42156],[114.35061,22.42165],[114.35075,22.42224],[114.35041,22.42234],[114.3507,22.42225],[114.3509,22.42229],[114.35114,22.42259],[114.35168,22.42258],[114.35221,22.42211],[114.35237,22.42249],[114.35262,22.42206],[114.35276,22.42207],[114.35273,22.42271],[114.353,22.42208],[114.3531,22.42213],[114.35321,22.42243],[114.35332,22.42248],[114.35381,22.42201],[114.35385,22.42104],[114.35403,22.42045],[114.35423,22.42016],[114.35487,22.41978],[114.3561,22.41882],[114.35705,22.41833],[114.35733,22.41829],[114.35792,22.41791],[114.35701,22.4179],[114.35675,22.41778],[114.35632,22.41792],[114.35615,22.41777],[114.35591,22.41785],[114.35566,22.4178],[114.35523,22.41745],[114.3548,22.41748],[114.35421,22.41786],[114.35392,22.41841],[114.35326,22.4188],[114.35287,22.41949],[114.35196,22.42003],[114.35189,22.42031],[114.35081,22.42063],[114.34895,22.42057],[114.34876,22.42039],[114.34865,22.41973],[114.34843,22.41944],[114.34811,22.41933],[114.34737,22.4194],[114.34715,22.41917],[114.34661,22.419],[114.34659,22.41913],[114.34596,22.41968],[114.34597,22.4199],[114.34558,22.42058],[114.34591,22.42101],[114.34647,22.42131],[114.34649,22.42146],[114.34632,22.42177],[114.34692,22.42212],[114.34687,22.42248],[114.34654,22.42289],[114.34627,22.42302],[114.34567,22.42309],[114.34532,22.42322],[114.34517,22.42313],[114.34485,22.42312],[114.34461,22.42344],[114.34418,22.42338],[114.34411,22.42347],[114.34391,22.42351],[114.34379,22.42369],[114.34332,22.4238],[114.34328,22.42405],[114.34312,22.42421],[114.34317,22.42448],[114.34365,22.42483],[114.34385,22.4252],[114.34397,22.42523],[114.3441,22.42514],[114.34413,22.42512]]]}},{"type":"Feature","id":"OZP-S-TY-31","properties":{"id":"OZP-S-TY-31","micro_district":"法定规划区 (S/TY/31)","micro_district_en":"Statutory Scheme (S/TY/31)","main_area":"新界其他","color":"#3b82f6"},"geometry":{"type":"Polygon","coordinates":[[[114.10806,22.36164],[114.10868,22.3608],[114.10907,22.35969],[114.10912,22.35905],[114.10904,22.35651],[114.10915,22.35535],[114.10926,22.35488],[114.10932,22.3547],[114.10945,22.35472],[114.1097,22.35399],[114.10956,22.35393],[114.10985,22.35307],[114.10992,22.35291],[114.11009,22.35297],[114.11019,22.35203],[114.11061,22.35118],[114.11072,22.35122],[114.11224,22.3483],[114.1121,22.34761],[114.11773,22.33101],[114.11739,22.33091],[114.11745,22.33067],[114.11456,22.32751],[114.11266,22.3274],[114.11255,22.32879],[114.11041,22.32865],[114.11049,22.32726],[114.11023,22.32725],[114.11025,22.32676],[114.11167,22.32685],[114.11169,22.32672],[114.11009,22.32663],[114.11005,22.32727],[114.10621,22.32702],[114.10418,22.3283],[114.10392,22.32999],[114.1036,22.33014],[114.10388,22.32832],[114.09661,22.32737],[114.09602,22.32713],[114.09544,22.32707],[114.09522,22.32728],[114.09511,22.32635],[114.09497,22.32619],[114.09193,22.32607],[114.09041,22.32903],[114.08915,22.33085],[114.09087,22.3354],[114.0928,22.33833],[114.09146,22.33919],[114.09125,22.33901],[114.0909,22.33931],[114.09073,22.33912],[114.09028,22.33893],[114.08978,22.33977],[114.08982,22.34072],[114.09144,22.34188],[114.09015,22.34371],[114.08334,22.34462],[114.08337,22.34474],[114.08431,22.34462],[114.08491,22.34845],[114.08337,22.34878],[114.08368,22.35111],[114.08147,22.35103],[114.08143,22.35184],[114.08109,22.35196],[114.08095,22.35192],[114.08073,22.35207],[114.08046,22.352],[114.08035,22.35205],[114.08039,22.35229],[114.08009,22.3525],[114.07991,22.35309],[114.07997,22.35329],[114.08022,22.35359],[114.08016,22.35371],[114.0803,22.35392],[114.07998,22.35475],[114.08007,22.35498],[114.08043,22.35509],[114.08034,22.35659],[114.08003,22.35669],[114.07982,22.3569],[114.07888,22.35828],[114.07889,22.35846],[114.07922,22.35864],[114.08019,22.35971],[114.08054,22.35985],[114.08072,22.35983],[114.08077,22.35997],[114.08167,22.36004],[114.08266,22.3603],[114.08529,22.36167],[114.08527,22.36177],[114.08535,22.36184],[114.08785,22.36221],[114.08785,22.36235],[114.08988,22.3624],[114.0899,22.36141],[114.09373,22.36142],[114.09397,22.36158],[114.0942,22.36152],[114.09527,22.36164],[114.09597,22.36162],[114.09639,22.36176],[114.09703,22.36226],[114.10001,22.36385],[114.10332,22.36379],[114.10491,22.36322],[114.10737,22.36315],[114.10781,22.36195],[114.10806,22.36164]]]}},{"type":"Feature","id":"OZP-S-TKO-28","properties":{"id":"OZP-S-TKO-28","micro_district":"将军澳及日出康城","micro_district_en":"Statutory Scheme (S/TKO/28)","main_area":"新界将军澳及西贡","color":"#2563eb"},"geometry":{"type":"Polygon","coordinates":[[[114.25255,22.33878],[114.2561,22.33693],[114.25706,22.33662],[114.25736,22.33617],[114.25771,22.3347],[114.25792,22.33442],[114.25814,22.33435],[114.25836,22.33438],[114.25976,22.33501],[114.26004,22.33454],[114.25964,22.33436],[114.25985,22.33391],[114.26031,22.33408],[114.26175,22.33121],[114.26263,22.33028],[114.26228,22.32997],[114.26373,22.32854],[114.26381,22.32805],[114.26399,22.32772],[114.26358,22.32747],[114.26375,22.3271],[114.26404,22.32694],[114.26442,22.32693],[114.26519,22.32724],[114.26554,22.32662],[114.26602,22.32626],[114.26629,22.32587],[114.26678,22.32549],[114.26722,22.32499],[114.26789,22.32466],[114.26878,22.32364],[114.26923,22.3226],[114.26904,22.32252],[114.26914,22.32191],[114.26907,22.3212],[114.26916,22.32091],[114.26955,22.32076],[114.27042,22.32064],[114.27105,22.31976],[114.27163,22.31949],[114.27233,22.31899],[114.2738,22.31741],[114.27458,22.31724],[114.2745,22.31686],[114.27418,22.31646],[114.27431,22.31626],[114.27389,22.31574],[114.27359,22.31556],[114.27352,22.31539],[114.2736,22.31527],[114.2736,22.31504],[114.27392,22.31482],[114.27427,22.3141],[114.27457,22.31378],[114.27448,22.3134],[114.27433,22.31327],[114.27443,22.31316],[114.27442,22.31263],[114.27416,22.31233],[114.2743,22.3122],[114.27445,22.31124],[114.27473,22.31136],[114.2751,22.31066],[114.27497,22.31063],[114.275,22.31052],[114.27542,22.31053],[114.2755,22.31064],[114.27616,22.30999],[114.27614,22.30982],[114.2763,22.30972],[114.27685,22.31026],[114.27659,22.31047],[114.2766,22.31054],[114.27749,22.3108],[114.27774,22.31095],[114.27802,22.31127],[114.27808,22.31165],[114.2783,22.31184],[114.2783,22.31218],[114.27848,22.31235],[114.27864,22.31243],[114.27892,22.31231],[114.27892,22.31211],[114.27901,22.31205],[114.27922,22.3123],[114.27999,22.31224],[114.2802,22.31244],[114.27997,22.31272],[114.28008,22.31298],[114.28049,22.31303],[114.28069,22.31288],[114.28052,22.31249],[114.27916,22.31125],[114.27823,22.30917],[114.27834,22.30887],[114.27827,22.30855],[114.27846,22.3082],[114.2792,22.30772],[114.27926,22.30684],[114.27919,22.30672],[114.27923,22.30648],[114.27908,22.30627],[114.2792,22.30604],[114.27903,22.30559],[114.27898,22.30512],[114.27915,22.30468],[114.27898,22.30397],[114.27938,22.30358],[114.27943,22.30323],[114.27925,22.30297],[114.27953,22.3024],[114.27942,22.30189],[114.27956,22.30163],[114.27954,22.30135],[114.27972,22.30066],[114.27987,22.30046],[114.27971,22.30028],[114.27984,22.2999],[114.2796,22.2994],[114.27978,22.29834],[114.27996,22.29825],[114.28018,22.29838],[114.28075,22.29727],[114.28104,22.29723],[114.28125,22.29687],[114.28161,22.29669],[114.28175,22.29647],[114.28163,22.29628],[114.2816,22.29605],[114.28125,22.29548],[114.28153,22.29487],[114.28171,22.29472],[114.28175,22.29447],[114.2821,22.29417],[114.2827,22.29409],[114.28283,22.29397],[114.28255,22.29345],[114.28216,22.29298],[114.28183,22.29276],[114.28149,22.29265],[114.28183,22.29226],[114.28164,22.29127],[114.28071,22.28966],[114.28233,22.2854],[114.28298,22.2829],[114.28339,22.28086],[114.28016,22.27785],[114.27984,22.27617],[114.27661,22.27566],[114.27634,22.2751],[114.27618,22.2744],[114.27651,22.27392],[114.27662,22.27336],[114.27703,22.27287],[114.27731,22.27171],[114.27733,22.27099],[114.27702,22.27044],[114.27688,22.26969],[114.27725,22.26841],[114.27716,22.26809],[114.27731,22.2679],[114.27732,22.2676],[114.27736,22.26746],[114.2775,22.26738],[114.27756,22.26705],[114.27778,22.26687],[114.27803,22.26642],[114.27902,22.26611],[114.27921,22.26602],[114.27926,22.26588],[114.27699,22.26416],[114.27631,22.26391],[114.27509,22.26379],[114.27475,22.26352],[114.27466,22.26331],[114.27385,22.26287],[114.26908,22.27065],[114.26842,22.27034],[114.26744,22.27188],[114.27012,22.27291],[114.26924,22.27493],[114.26688,22.27405],[114.26665,22.27451],[114.26627,22.27442],[114.26658,22.27421],[114.26608,22.27416],[114.26618,22.27365],[114.2661,22.27355],[114.26595,22.27353],[114.26557,22.27404],[114.2656,22.27427],[114.26578,22.27441],[114.26538,22.27458],[114.26514,22.27516],[114.26516,22.27535],[114.26502,22.27514],[114.26491,22.27523],[114.26496,22.27544],[114.26513,22.27557],[114.26485,22.27568],[114.26466,22.27551],[114.26445,22.27565],[114.26466,22.27577],[114.26453,22.27586],[114.26456,22.27599],[114.26482,22.27609],[114.26463,22.27634],[114.26471,22.27737],[114.2646,22.27764],[114.26471,22.27772],[114.26485,22.27766],[114.2648,22.27782],[114.26486,22.27799],[114.26502,22.2782],[114.26518,22.27823],[114.26553,22.27885],[114.26583,22.27903],[114.26595,22.27924],[114.26622,22.27946],[114.26654,22.27951],[114.26692,22.27969],[114.26721,22.28008],[114.26736,22.28061],[114.26721,22.28103],[114.26709,22.28104],[114.26705,22.28119],[114.26725,22.2812],[114.26726,22.28133],[114.26747,22.28156],[114.26753,22.2818],[114.26634,22.28247],[114.27095,22.28977],[114.27094,22.29105],[114.27102,22.29115],[114.27102,22.29193],[114.26557,22.29193],[114.26452,22.29204],[114.26355,22.29225],[114.26259,22.29256],[114.25735,22.29468],[114.25567,22.29509],[114.25538,22.29527],[114.25517,22.29557],[114.25337,22.29649],[114.25307,22.29675],[114.25297,22.29656],[114.25288,22.29654],[114.25289,22.29646],[114.25278,22.29645],[114.25275,22.29622],[114.25238,22.29584],[114.25226,22.29585],[114.25223,22.29597],[114.25154,22.29567],[114.2517,22.29509],[114.25154,22.2947],[114.25111,22.29435],[114.25071,22.29458],[114.25068,22.29437],[114.25063,22.2944],[114.25059,22.29431],[114.25048,22.29429],[114.25038,22.29407],[114.25068,22.29391],[114.25073,22.29378],[114.25012,22.29326],[114.24977,22.29275],[114.24966,22.29275],[114.24949,22.29259],[114.24932,22.29259],[114.24942,22.29256],[114.24928,22.29248],[114.24907,22.29254],[114.24909,22.29258],[114.24864,22.29253],[114.24815,22.29197],[114.24816,22.29167],[114.24826,22.29154],[114.24804,22.29123],[114.24774,22.29102],[114.24702,22.29094],[114.2469,22.29016],[114.24701,22.29014],[114.2469,22.28986],[114.24634,22.28994],[114.24588,22.28928],[114.24538,22.28912],[114.24506,22.28913],[114.24488,22.28836],[114.24502,22.28789],[114.24497,22.2877],[114.24382,22.28653],[114.24367,22.28619],[114.24315,22.28653],[114.24282,22.2865],[114.24266,22.28637],[114.24247,22.28648],[114.24223,22.28634],[114.24202,22.28634],[114.24199,22.28692],[114.24232,22.28721],[114.24236,22.28744],[114.24227,22.2877],[114.24209,22.28765],[114.24157,22.28828],[114.24117,22.28909],[114.2412,22.28952],[114.24158,22.29023],[114.2413,22.29063],[114.24138,22.2911],[114.24108,22.2914],[114.24122,22.29178],[114.24105,22.29208],[114.24113,22.29219],[114.24153,22.29228],[114.24147,22.29264],[114.24156,22.29283],[114.24195,22.29283],[114.24208,22.29305],[114.24227,22.29352],[114.24215,22.29419],[114.24228,22.29425],[114.24267,22.29418],[114.24269,22.29429],[114.24294,22.29444],[114.24297,22.29455],[114.24426,22.29508],[114.24479,22.29506],[114.24424,22.2948],[114.24466,22.29482],[114.24525,22.29468],[114.24543,22.29491],[114.24543,22.29529],[114.24519,22.29546],[114.24514,22.2957],[114.24485,22.2959],[114.24496,22.29614],[114.24511,22.29625],[114.24538,22.29629],[114.2455,22.29651],[114.2454,22.29718],[114.24512,22.29794],[114.24477,22.29803],[114.24481,22.29837],[114.24445,22.29891],[114.24435,22.2993],[114.24443,22.29963],[114.24371,22.30016],[114.2437,22.30036],[114.24358,22.30055],[114.24359,22.30068],[114.24411,22.3012],[114.24411,22.3014],[114.24391,22.30165],[114.2439,22.30191],[114.24376,22.302],[114.24371,22.30223],[114.24353,22.30238],[114.24315,22.30252],[114.24297,22.30248],[114.24271,22.30268],[114.24217,22.30287],[114.24221,22.30326],[114.242,22.30329],[114.24178,22.30351],[114.24167,22.3038],[114.24136,22.30389],[114.24149,22.30428],[114.24146,22.30442],[114.24104,22.30463],[114.24095,22.30478],[114.24071,22.30468],[114.24062,22.30501],[114.24041,22.30492],[114.24014,22.30501],[114.24011,22.30515],[114.23992,22.3053],[114.2402,22.30553],[114.23986,22.3059],[114.24013,22.30626],[114.23993,22.30645],[114.23994,22.30656],[114.24016,22.30699],[114.24038,22.30708],[114.24044,22.30719],[114.2405,22.30764],[114.24038,22.30795],[114.24059,22.30819],[114.24044,22.3086],[114.24106,22.30911],[114.24144,22.30908],[114.24186,22.30924],[114.24188,22.30966],[114.24178,22.30991],[114.24187,22.31019],[114.24186,22.31061],[114.24203,22.31062],[114.24214,22.31045],[114.24232,22.31038],[114.24251,22.31075],[114.24263,22.31082],[114.24277,22.31082],[114.24301,22.31062],[114.24349,22.31078],[114.2435,22.311],[114.24362,22.31116],[114.24354,22.31142],[114.24393,22.31155],[114.24406,22.31192],[114.24379,22.31227],[114.2438,22.31253],[114.24406,22.31281],[114.2443,22.31281],[114.24447,22.31291],[114.24442,22.31318],[114.24463,22.31332],[114.24472,22.31352],[114.24506,22.31359],[114.24529,22.31347],[114.24556,22.3136],[114.24553,22.31395],[114.24528,22.31453],[114.24509,22.31472],[114.24498,22.31518],[114.2447,22.31555],[114.24487,22.31595],[114.24507,22.31608],[114.24544,22.31608],[114.24596,22.3158],[114.2461,22.31599],[114.24621,22.31647],[114.24617,22.31677],[114.24595,22.31708],[114.24607,22.31813],[114.24589,22.31874],[114.24566,22.31912],[114.24451,22.3202],[114.24408,22.32094],[114.24473,22.32103],[114.2448,22.32115],[114.24474,22.32149],[114.24455,22.32185],[114.24462,22.32214],[114.24486,22.32222],[114.245,22.32246],[114.2448,22.32262],[114.24425,22.32242],[114.24392,22.32192],[114.24379,22.32186],[114.24362,22.3219],[114.24335,22.32227],[114.24292,22.32367],[114.24246,22.32428],[114.24235,22.32465],[114.24203,22.3249],[114.24211,22.32511],[114.24206,22.32568],[114.24221,22.32612],[114.24219,22.32633],[114.24201,22.3265],[114.24172,22.32706],[114.24164,22.32765],[114.24178,22.328],[114.24201,22.3281],[114.2425,22.32808],[114.24353,22.32777],[114.24411,22.32781],[114.24438,22.3279],[114.24476,22.32824],[114.24511,22.32885],[114.24528,22.32896],[114.24563,22.32886],[114.24633,22.32837],[114.2466,22.32833],[114.24698,22.32845],[114.24702,22.32868],[114.24655,22.32923],[114.24633,22.32928],[114.24611,22.32921],[114.24562,22.32981],[114.24558,22.3301],[114.24572,22.33048],[114.24566,22.33064],[114.24535,22.33126],[114.24497,22.33122],[114.2448,22.33134],[114.24472,22.33161],[114.2448,22.33199],[114.24509,22.33224],[114.24542,22.33212],[114.24594,22.33256],[114.24633,22.33246],[114.24685,22.33258],[114.24715,22.33274],[114.2474,22.33309],[114.2476,22.3331],[114.24776,22.33321],[114.24832,22.3332],[114.24851,22.33333],[114.24862,22.33353],[114.24891,22.33352],[114.24911,22.33342],[114.24931,22.33308],[114.24949,22.33302],[114.24989,22.33311],[114.25015,22.33299],[114.25034,22.33309],[114.25059,22.3329],[114.25078,22.33297],[114.25038,22.33365],[114.2503,22.33403],[114.24967,22.33482],[114.25022,22.33536],[114.25037,22.3354],[114.25109,22.3353],[114.25141,22.33555],[114.25184,22.33692],[114.25194,22.33813],[114.2522,22.33857],[114.25253,22.33878],[114.25255,22.33878]],[[114.26467,22.30908],[114.2644,22.30863],[114.26442,22.30834],[114.26431,22.30809],[114.26522,22.30579],[114.26531,22.30535],[114.26526,22.3051],[114.26627,22.30457],[114.26647,22.30492],[114.26643,22.305],[114.26649,22.30496],[114.2669,22.3057],[114.26628,22.30584],[114.26611,22.30601],[114.26604,22.30628],[114.26624,22.30705],[114.26618,22.30734],[114.26582,22.30781],[114.26588,22.30788],[114.26574,22.30817],[114.26554,22.30822],[114.26549,22.30833],[114.26543,22.3083],[114.2651,22.30871],[114.26485,22.30918],[114.26475,22.30917],[114.26467,22.30908]],[[114.26523,22.30501],[114.26511,22.30466],[114.26354,22.30183],[114.26317,22.30148],[114.26396,22.30102],[114.26425,22.30092],[114.26622,22.30449],[114.26523,22.30501]],[[114.26311,22.30145],[114.26251,22.30131],[114.26135,22.30131],[114.26135,22.30119],[114.26096,22.30119],[114.26096,22.30131],[114.26065,22.30131],[114.26065,22.30097],[114.26055,22.3009],[114.26049,22.30096],[114.26048,22.30131],[114.26041,22.30131],[114.26035,22.30167],[114.2602,22.3018],[114.25997,22.30184],[114.25966,22.30163],[114.25949,22.3009],[114.25938,22.30095],[114.25938,22.3013],[114.25717,22.30129],[114.25675,22.30088],[114.25619,22.30088],[114.2561,22.30072],[114.25605,22.29815],[114.25613,22.29738],[114.25607,22.29725],[114.25614,22.29705],[114.25708,22.2955],[114.25737,22.2952],[114.25774,22.29497],[114.26334,22.29263],[114.26494,22.2923],[114.2667,22.29223],[114.26667,22.29581],[114.26651,22.29595],[114.26516,22.29651],[114.26448,22.29711],[114.26417,22.29769],[114.26405,22.29765],[114.26392,22.29809],[114.26405,22.29812],[114.26383,22.2997],[114.26395,22.30045],[114.2642,22.30086],[114.26314,22.30142],[114.26311,22.30145]],[[114.25711,22.29484],[114.25649,22.29513],[114.25626,22.29506],[114.25595,22.29512],[114.2553,22.29549],[114.25551,22.29527],[114.25584,22.2951],[114.25711,22.29484],[114.25711,22.29484]],[[114.25623,22.29516],[114.25638,22.29519],[114.25523,22.29562],[114.25574,22.29529],[114.25623,22.29516],[114.25623,22.29516]],[[114.25654,22.2953],[114.25662,22.29549],[114.25657,22.29571],[114.256,22.29655],[114.25576,22.29717],[114.25548,22.29714],[114.2552,22.29633],[114.25517,22.29584],[114.25653,22.29531],[114.25654,22.2953]],[[114.25489,22.29587],[114.25321,22.29688],[114.25339,22.29666],[114.25384,22.29636],[114.25511,22.29576],[114.2549,22.29587],[114.25489,22.29587]],[[114.25347,22.29689],[114.25445,22.29633],[114.25479,22.29635],[114.25506,22.29655],[114.25533,22.29716],[114.25523,22.29734],[114.25538,22.29805],[114.25539,22.29927],[114.25469,22.29903],[114.25475,22.2989],[114.25464,22.29883],[114.25462,22.29853],[114.25481,22.29858],[114.25483,22.2982],[114.25473,22.29806],[114.25464,22.29747],[114.25442,22.29712],[114.25425,22.29707],[114.2542,22.29721],[114.25409,22.29722],[114.254,22.29745],[114.25392,22.29745],[114.25318,22.29713],[114.25347,22.29689],[114.25347,22.29689]],[[114.25582,22.29717],[114.25607,22.29655],[114.25668,22.29568],[114.25671,22.29547],[114.25663,22.29526],[114.25759,22.29485],[114.25692,22.29543],[114.2562,22.29653],[114.2559,22.29718],[114.25582,22.29717],[114.25582,22.29717]],[[114.25491,22.29632],[114.25458,22.29625],[114.25425,22.29632],[114.25509,22.29587],[114.25512,22.29634],[114.25541,22.29714],[114.25518,22.29659],[114.25495,22.29635],[114.25491,22.29632]]]}},{"type":"Feature","id":"OZP-S-SK-TLS-9","properties":{"id":"OZP-S-SK-TLS-9","micro_district":"法定规划区 (S/SK-TLS/9)","micro_district_en":"Statutory Scheme (S/SK-TLS/9)","main_area":"新界其他","color":"#3b82f6"},"geometry":{"type":"Polygon","coordinates":[[[114.25499,22.34691],[114.25517,22.34683],[114.25533,22.34658],[114.2556,22.34575],[114.25605,22.34571],[114.25714,22.34265],[114.25767,22.3423],[114.25785,22.34203],[114.25794,22.34106],[114.25771,22.34086],[114.25621,22.34195],[114.25589,22.3416],[114.25622,22.34023],[114.25635,22.34019],[114.25724,22.33934],[114.25773,22.33784],[114.25779,22.33736],[114.25757,22.33727],[114.25736,22.33681],[114.25703,22.33664],[114.2561,22.33693],[114.25276,22.3387],[114.25243,22.33876],[114.2521,22.33845],[114.25194,22.33813],[114.25184,22.33692],[114.25141,22.33555],[114.25109,22.3353],[114.25037,22.3354],[114.25022,22.33536],[114.24967,22.33482],[114.2503,22.33403],[114.25038,22.33365],[114.25078,22.33297],[114.25059,22.3329],[114.25034,22.33309],[114.25015,22.33299],[114.24989,22.33311],[114.24949,22.33302],[114.24931,22.33308],[114.24911,22.33342],[114.24891,22.33352],[114.24862,22.33353],[114.24851,22.33333],[114.24832,22.3332],[114.24776,22.33321],[114.2476,22.3331],[114.2474,22.33309],[114.24715,22.33274],[114.24685,22.33258],[114.24633,22.33246],[114.24594,22.33256],[114.24542,22.33212],[114.24509,22.33224],[114.2448,22.33199],[114.24472,22.33161],[114.2448,22.33134],[114.24497,22.33122],[114.24535,22.33126],[114.24566,22.33064],[114.24572,22.33048],[114.24558,22.3301],[114.24562,22.32981],[114.24611,22.32921],[114.24633,22.32928],[114.24655,22.32923],[114.24702,22.32868],[114.24698,22.32845],[114.2466,22.32833],[114.24633,22.32837],[114.24563,22.32886],[114.24528,22.32896],[114.24511,22.32885],[114.24472,22.3282],[114.24438,22.3279],[114.24411,22.32781],[114.24353,22.32777],[114.24238,22.32809],[114.24201,22.3281],[114.24178,22.328],[114.24164,22.32765],[114.24164,22.32737],[114.24201,22.3265],[114.24217,22.32636],[114.24221,22.32613],[114.24206,22.32568],[114.24211,22.32511],[114.24203,22.3249],[114.24235,22.32465],[114.24246,22.32427],[114.24294,22.32364],[114.24317,22.32302],[114.24332,22.32232],[114.24362,22.3219],[114.24377,22.32186],[114.24392,22.32192],[114.24425,22.32242],[114.2448,22.32262],[114.245,22.32246],[114.24486,22.32222],[114.24462,22.32214],[114.24455,22.32185],[114.24474,22.32149],[114.2448,22.32115],[114.24473,22.32103],[114.24408,22.32094],[114.24451,22.3202],[114.24566,22.31912],[114.24589,22.31874],[114.24607,22.31813],[114.24595,22.31708],[114.24617,22.31677],[114.24621,22.3166],[114.24612,22.31605],[114.24596,22.3158],[114.24528,22.31612],[114.24507,22.31608],[114.24484,22.31591],[114.2447,22.3155],[114.24498,22.31518],[114.24512,22.31467],[114.24476,22.31475],[114.24432,22.31533],[114.244,22.31532],[114.24335,22.31512],[114.24248,22.31529],[114.24205,22.31549],[114.24202,22.31587],[114.24178,22.31633],[114.24281,22.31714],[114.24225,22.3179],[114.24242,22.31822],[114.24239,22.31853],[114.24262,22.31923],[114.24312,22.32027],[114.24308,22.32075],[114.24316,22.32104],[114.24341,22.32104],[114.24342,22.32133],[114.24319,22.32137],[114.2429,22.32166],[114.24261,22.32335],[114.24235,22.32384],[114.24196,22.3243],[114.24076,22.32533],[114.23907,22.32654],[114.23623,22.32915],[114.23467,22.33038],[114.23366,22.33099],[114.23259,22.33134],[114.23176,22.33129],[114.23063,22.33073],[114.22963,22.33006],[114.22921,22.33049],[114.22939,22.33165],[114.22936,22.33192],[114.22915,22.33221],[114.22861,22.33267],[114.22844,22.33296],[114.2286,22.33333],[114.2286,22.33356],[114.22885,22.33388],[114.22866,22.33415],[114.22864,22.33434],[114.22687,22.33431],[114.22507,22.33409],[114.22474,22.33412],[114.22432,22.33434],[114.22439,22.33444],[114.22449,22.33437],[114.22494,22.33489],[114.22496,22.33538],[114.22592,22.33545],[114.22671,22.33606],[114.22705,22.33895],[114.22783,22.33896],[114.22775,22.33958],[114.22917,22.33989],[114.22899,22.34037],[114.22869,22.34085],[114.22815,22.34114],[114.22795,22.34135],[114.22792,22.3418],[114.22777,22.34219],[114.22799,22.34249],[114.22868,22.34208],[114.2294,22.34211],[114.2301,22.34196],[114.23086,22.34212],[114.23189,22.34197],[114.23183,22.34176],[114.23131,22.34113],[114.23124,22.34049],[114.23128,22.34019],[114.23179,22.33986],[114.23201,22.3395],[114.23214,22.33949],[114.23241,22.33968],[114.23322,22.33963],[114.23374,22.33974],[114.23416,22.33974],[114.23448,22.33986],[114.23476,22.33969],[114.23497,22.33987],[114.23522,22.33975],[114.23534,22.33957],[114.23696,22.33986],[114.23743,22.34059],[114.23833,22.34068],[114.23874,22.34092],[114.23901,22.34061],[114.23916,22.34066],[114.23953,22.34085],[114.2401,22.34147],[114.24027,22.34149],[114.24074,22.34365],[114.24064,22.34389],[114.24071,22.34432],[114.24301,22.34359],[114.24446,22.34427],[114.24511,22.34483],[114.24577,22.34491],[114.24608,22.34551],[114.24664,22.3459],[114.24728,22.3459],[114.24752,22.34561],[114.2478,22.34547],[114.24801,22.34599],[114.24858,22.34623],[114.24902,22.34615],[114.24931,22.3459],[114.2495,22.34585],[114.25025,22.34599],[114.25088,22.34634],[114.25144,22.34616],[114.25154,22.34629],[114.25157,22.34669],[114.25137,22.3471],[114.25165,22.34732],[114.2519,22.34737],[114.25216,22.3471],[114.25271,22.34717],[114.25296,22.34709],[114.25316,22.34719],[114.25352,22.3472],[114.25394,22.34694],[114.25417,22.3469],[114.25429,22.34703],[114.25441,22.34749],[114.25466,22.3476],[114.25479,22.3475],[114.25496,22.34694],[114.25499,22.34691]]]}},{"type":"Feature","id":"OZP-S-SK-CWBS-2","properties":{"id":"OZP-S-SK-CWBS-2","micro_district":"法定规划区 (S/SK-CWBS/2)","micro_district_en":"Statutory Scheme (S/SK-CWBS/2)","main_area":"新界其他","color":"#3b82f6"},"geometry":{"type":"Polygon","coordinates":[[[114.2829,22.30384],[114.28278,22.30398],[114.28305,22.30429],[114.28466,22.30428],[114.28506,22.30413],[114.28502,22.30453],[114.28528,22.30505],[114.28533,22.30542],[114.28724,22.30535],[114.28791,22.30551],[114.28809,22.30529],[114.28865,22.30568],[114.28861,22.30578],[114.28882,22.30665],[114.28904,22.30724],[114.28924,22.30701],[114.28965,22.30689],[114.29015,22.30736],[114.2904,22.30747],[114.29067,22.30712],[114.29112,22.3069],[114.29168,22.30702],[114.29192,22.30692],[114.29201,22.30675],[114.29233,22.30672],[114.29243,22.30691],[114.29264,22.30688],[114.29285,22.30704],[114.29295,22.30698],[114.29297,22.30686],[114.29287,22.30665],[114.29295,22.30641],[114.29267,22.30604],[114.29258,22.30576],[114.29233,22.30557],[114.29249,22.30523],[114.29227,22.30506],[114.29213,22.30462],[114.29255,22.3041],[114.29303,22.3041],[114.29336,22.30427],[114.29412,22.30403],[114.29437,22.30413],[114.29439,22.3043],[114.29442,22.30422],[114.29599,22.30449],[114.29584,22.3049],[114.29585,22.30512],[114.29573,22.30531],[114.29583,22.3058],[114.29577,22.30608],[114.29667,22.3064],[114.29685,22.30654],[114.29738,22.30667],[114.29771,22.30699],[114.29777,22.30717],[114.29786,22.30718],[114.29801,22.30567],[114.29771,22.30484],[114.29808,22.30477],[114.29846,22.30434],[114.29986,22.30317],[114.30034,22.30243],[114.29959,22.30104],[114.29963,22.30068],[114.29972,22.30053],[114.30041,22.29993],[114.30044,22.29979],[114.30015,22.29908],[114.29984,22.29883],[114.29953,22.29888],[114.29974,22.29947],[114.29952,22.30013],[114.29735,22.30122],[114.29735,22.30129],[114.29513,22.29995],[114.29531,22.29906],[114.29445,22.29703],[114.29312,22.29528],[114.29347,22.29493],[114.29373,22.29447],[114.29421,22.29411],[114.29455,22.29399],[114.29594,22.29401],[114.29712,22.29369],[114.29735,22.29376],[114.29775,22.29402],[114.29887,22.29441],[114.29921,22.29443],[114.29955,22.29432],[114.29996,22.29451],[114.30015,22.29431],[114.29989,22.29406],[114.30004,22.29375],[114.30008,22.29321],[114.29993,22.29327],[114.29976,22.29319],[114.29941,22.29323],[114.29879,22.29255],[114.29865,22.29249],[114.29831,22.2925],[114.2983,22.2922],[114.29811,22.29189],[114.29885,22.292],[114.29938,22.29181],[114.30014,22.29175],[114.30025,22.29161],[114.30019,22.2914],[114.29992,22.29109],[114.29982,22.29071],[114.29937,22.2905],[114.29916,22.29051],[114.2976,22.29107],[114.29784,22.29036],[114.29761,22.2898],[114.29751,22.28904],[114.29771,22.28889],[114.29797,22.28847],[114.29825,22.28868],[114.29856,22.28836],[114.29857,22.28819],[114.29838,22.28812],[114.29849,22.28793],[114.29812,22.28773],[114.29814,22.28782],[114.29803,22.28784],[114.29802,22.28799],[114.29789,22.288],[114.29791,22.28814],[114.29735,22.28825],[114.29731,22.28797],[114.29719,22.2878],[114.29685,22.2878],[114.29547,22.28811],[114.2954,22.28823],[114.29506,22.28838],[114.29489,22.2883],[114.29458,22.2883],[114.2941,22.2887],[114.29394,22.28911],[114.29402,22.28954],[114.29456,22.29002],[114.29412,22.29086],[114.29365,22.29094],[114.29313,22.29084],[114.29268,22.29088],[114.29245,22.29101],[114.29231,22.29098],[114.29216,22.29115],[114.29184,22.29116],[114.29162,22.29131],[114.29096,22.29102],[114.29068,22.29098],[114.29063,22.29066],[114.29053,22.29073],[114.29031,22.29057],[114.29031,22.29025],[114.29014,22.29004],[114.28984,22.28988],[114.28962,22.28956],[114.28925,22.28947],[114.2892,22.28952],[114.28919,22.28935],[114.28898,22.28909],[114.28849,22.28892],[114.28813,22.28865],[114.28812,22.28845],[114.2879,22.28809],[114.28784,22.28769],[114.2879,22.2868],[114.28811,22.28632],[114.28839,22.28625],[114.28842,22.28609],[114.2887,22.28585],[114.28884,22.28583],[114.28896,22.28594],[114.28911,22.28576],[114.28945,22.28564],[114.28995,22.28577],[114.29007,22.28566],[114.29021,22.28565],[114.29047,22.28535],[114.29031,22.28498],[114.29017,22.28495],[114.29017,22.28482],[114.28999,22.28477],[114.29,22.28468],[114.28987,22.28473],[114.2897,22.28463],[114.28938,22.28472],[114.28908,22.28439],[114.28891,22.28442],[114.28883,22.28452],[114.28858,22.28436],[114.28859,22.28404],[114.28842,22.28384],[114.28817,22.28373],[114.28814,22.28346],[114.28793,22.28331],[114.28787,22.28289],[114.28801,22.28266],[114.28789,22.28251],[114.28785,22.28134],[114.28799,22.28095],[114.28837,22.28041],[114.2887,22.2801],[114.28907,22.28001],[114.28948,22.27971],[114.28978,22.27977],[114.29028,22.27952],[114.29199,22.27928],[114.29225,22.2792],[114.29263,22.27889],[114.29309,22.27875],[114.29337,22.27904],[114.29367,22.27914],[114.29366,22.27934],[114.2938,22.27943],[114.29411,22.27936],[114.29439,22.27919],[114.29489,22.27924],[114.29483,22.27914],[114.29551,22.27908],[114.2957,22.27923],[114.296,22.27923],[114.29601,22.27906],[114.29612,22.27902],[114.29611,22.27892],[114.29635,22.27882],[114.29618,22.27855],[114.29593,22.27854],[114.29574,22.27836],[114.29587,22.27809],[114.29568,22.27773],[114.29533,22.27766],[114.29524,22.27749],[114.29449,22.27693],[114.29417,22.27701],[114.29414,22.27712],[114.29399,22.2772],[114.29382,22.27716],[114.29358,22.2769],[114.29358,22.27655],[114.29336,22.2764],[114.2933,22.27621],[114.2929,22.27595],[114.29279,22.27597],[114.29284,22.2758],[114.29274,22.27545],[114.2928,22.27498],[114.29259,22.27454],[114.2926,22.27405],[114.2928,22.27365],[114.29347,22.2732],[114.29399,22.27314],[114.29459,22.27295],[114.29512,22.27297],[114.29538,22.27359],[114.29532,22.27409],[114.29549,22.27446],[114.29539,22.27453],[114.29538,22.27479],[114.29528,22.27481],[114.2953,22.27491],[114.29542,22.27494],[114.2953,22.275],[114.29541,22.27498],[114.29549,22.27528],[114.29539,22.2753],[114.29542,22.27537],[114.29553,22.27534],[114.29564,22.2755],[114.2955,22.2757],[114.29551,22.27607],[114.29522,22.27607],[114.29563,22.2761],[114.29584,22.27633],[114.29543,22.2766],[114.29554,22.27671],[114.29585,22.27639],[114.2968,22.27702],[114.29742,22.27721],[114.29763,22.27749],[114.29762,22.27766],[114.29794,22.27838],[114.29826,22.27887],[114.29884,22.27962],[114.29911,22.2797],[114.29928,22.27995],[114.29946,22.28006],[114.29952,22.28027],[114.29974,22.28027],[114.29985,22.2804],[114.30041,22.28058],[114.30096,22.28059],[114.30114,22.28049],[114.30152,22.28055],[114.30189,22.28039],[114.3021,22.28017],[114.30269,22.27986],[114.30285,22.27956],[114.30303,22.27954],[114.30313,22.27944],[114.3031,22.2793],[114.30274,22.27928],[114.30264,22.27913],[114.30231,22.27909],[114.30235,22.27898],[114.30201,22.27904],[114.30194,22.27887],[114.3015,22.27901],[114.30106,22.2789],[114.30078,22.27897],[114.30079,22.27882],[114.30065,22.27876],[114.30055,22.27889],[114.3005,22.27879],[114.30031,22.27901],[114.30049,22.2783],[114.30036,22.27745],[114.30023,22.27732],[114.30036,22.27664],[114.30031,22.27654],[114.30038,22.27649],[114.3003,22.27631],[114.30044,22.27588],[114.30035,22.27565],[114.30051,22.27561],[114.30062,22.27517],[114.30102,22.27455],[114.30101,22.27431],[114.30115,22.27412],[114.30108,22.27395],[114.30123,22.27386],[114.30119,22.27378],[114.30153,22.2736],[114.3016,22.27346],[114.30166,22.27351],[114.30157,22.27335],[114.30142,22.27332],[114.30161,22.27323],[114.30163,22.27299],[114.30149,22.27307],[114.30139,22.27288],[114.30149,22.27261],[114.30179,22.27239],[114.30197,22.27188],[114.30439,22.26997],[114.30585,22.26981],[114.30648,22.26919],[114.30658,22.2689],[114.30685,22.26864],[114.30686,22.26831],[114.30708,22.26776],[114.30672,22.26753],[114.30662,22.26755],[114.30659,22.26743],[114.30671,22.26724],[114.30658,22.26725],[114.30636,22.26712],[114.30651,22.2668],[114.30627,22.26668],[114.30647,22.26634],[114.30643,22.26627],[114.30655,22.26593],[114.30648,22.26583],[114.30626,22.26589],[114.30623,22.26568],[114.30595,22.26548],[114.30563,22.26563],[114.30577,22.26538],[114.30557,22.26532],[114.30511,22.26541],[114.3047,22.26578],[114.30473,22.2656],[114.30463,22.26564],[114.3045,22.26555],[114.30448,22.26537],[114.30457,22.26522],[114.30491,22.26508],[114.30527,22.26475],[114.3053,22.2646],[114.30511,22.26452],[114.30495,22.26463],[114.30449,22.26463],[114.30432,22.26473],[114.30423,22.26467],[114.30357,22.26499],[114.30341,22.26514],[114.30318,22.26518],[114.30317,22.26531],[114.30304,22.26552],[114.30296,22.26552],[114.3029,22.26587],[114.30263,22.26572],[114.30223,22.2658],[114.30196,22.26613],[114.30193,22.26647],[114.30172,22.26641],[114.30165,22.26658],[114.30153,22.2666],[114.30146,22.26685],[114.30141,22.26679],[114.30147,22.26655],[114.30117,22.26686],[114.301,22.26682],[114.30082,22.26654],[114.30065,22.26654],[114.30063,22.2667],[114.30042,22.26658],[114.30034,22.26648],[114.30037,22.26634],[114.30022,22.26626],[114.30029,22.26613],[114.30023,22.26609],[114.30028,22.26594],[114.30015,22.26578],[114.30021,22.26573],[114.3002,22.26559],[114.30011,22.26547],[114.30001,22.26559],[114.2997,22.26538],[114.30001,22.26506],[114.30003,22.2649],[114.29987,22.26488],[114.29975,22.265],[114.29955,22.265],[114.29991,22.26477],[114.30022,22.26444],[114.3003,22.26423],[114.30031,22.26376],[114.30047,22.26393],[114.30069,22.26361],[114.30067,22.26336],[114.30053,22.26351],[114.30047,22.26346],[114.30065,22.26278],[114.30041,22.26249],[114.30061,22.26236],[114.30059,22.26227],[114.30067,22.26221],[114.3006,22.26202],[114.30037,22.2621],[114.30053,22.26185],[114.30045,22.26152],[114.30016,22.26124],[114.29991,22.26078],[114.29979,22.26083],[114.29963,22.26052],[114.29944,22.26041],[114.29899,22.26058],[114.29889,22.2608],[114.29892,22.26099],[114.29875,22.26085],[114.29864,22.26101],[114.29853,22.261],[114.29854,22.26109],[114.29803,22.2611],[114.2976,22.26126],[114.29691,22.26171],[114.29726,22.26174],[114.29735,22.26186],[114.29732,22.26196],[114.2974,22.26191],[114.29745,22.26197],[114.29748,22.26225],[114.29721,22.26219],[114.29718,22.2621],[114.29707,22.2623],[114.29713,22.26233],[114.29717,22.26226],[114.29738,22.26237],[114.29738,22.26251],[114.29687,22.26319],[114.29686,22.2634],[114.29652,22.26362],[114.29645,22.26386],[114.29632,22.26385],[114.29634,22.26396],[114.29623,22.2639],[114.29619,22.26414],[114.29584,22.26473],[114.29583,22.26492],[114.2959,22.26496],[114.29567,22.26524],[114.29486,22.26584],[114.29421,22.26597],[114.29389,22.2662],[114.29316,22.26628],[114.29296,22.26644],[114.29244,22.26656],[114.29219,22.2667],[114.29212,22.26685],[114.29194,22.26691],[114.29101,22.26701],[114.29099,22.26711],[114.29083,22.26714],[114.29088,22.26725],[114.29077,22.26731],[114.29083,22.26739],[114.29072,22.26739],[114.29072,22.26747],[114.29045,22.26765],[114.29035,22.26794],[114.29028,22.26843],[114.29036,22.26853],[114.29018,22.26898],[114.29038,22.26934],[114.29027,22.26973],[114.28996,22.26966],[114.29,22.26975],[114.28948,22.27021],[114.28939,22.27026],[114.28933,22.27021],[114.28923,22.27031],[114.28861,22.26972],[114.28855,22.26978],[114.28923,22.27036],[114.2891,22.27066],[114.28874,22.2705],[114.28858,22.27059],[114.28843,22.27037],[114.28821,22.27026],[114.28768,22.2705],[114.2879,22.271],[114.28827,22.27113],[114.28877,22.27146],[114.28923,22.27135],[114.28964,22.27142],[114.2906,22.27079],[114.29079,22.27121],[114.29121,22.27165],[114.29122,22.27193],[114.29132,22.27195],[114.29108,22.27316],[114.29128,22.27358],[114.29135,22.27426],[114.29129,22.27705],[114.29077,22.27766],[114.28991,22.27785],[114.28954,22.27819],[114.28775,22.27892],[114.28718,22.27888],[114.28699,22.27913],[114.28695,22.27938],[114.2868,22.27959],[114.28513,22.2796],[114.28519,22.28177],[114.28676,22.28176],[114.28688,22.28224],[114.28688,22.28281],[114.287,22.28307],[114.28692,22.28334],[114.28696,22.28465],[114.28664,22.28503],[114.28672,22.28536],[114.28657,22.28565],[114.28685,22.28618],[114.28682,22.2867],[114.28688,22.28674],[114.28632,22.2872],[114.2863,22.28737],[114.28611,22.28762],[114.28607,22.28793],[114.28599,22.28795],[114.2861,22.28827],[114.28604,22.28856],[114.28576,22.28897],[114.28538,22.28929],[114.28511,22.28965],[114.28536,22.28983],[114.28557,22.29022],[114.28584,22.29019],[114.2871,22.29077],[114.28771,22.29132],[114.28799,22.29198],[114.28799,22.29226],[114.28792,22.29226],[114.28781,22.2925],[114.28791,22.29255],[114.28803,22.29305],[114.28818,22.29326],[114.2882,22.29357],[114.28874,22.29429],[114.28875,22.29464],[114.2889,22.29519],[114.28569,22.29877],[114.28563,22.29908],[114.28591,22.29947],[114.28605,22.29954],[114.2843,22.30365],[114.28309,22.30366],[114.2829,22.30384]]]}},{"type":"Feature","id":"OZP-S-SK-CWBN-6","properties":{"id":"OZP-S-SK-CWBN-6","micro_district":"法定规划区 (S/SK-CWBN/6)","micro_district_en":"Statutory Scheme (S/SK-CWBN/6)","main_area":"新界其他","color":"#3b82f6"},"geometry":{"type":"Polygon","coordinates":[[[114.26603,22.34612],[114.26598,22.34577],[114.26612,22.34559],[114.2662,22.34528],[114.26611,22.34522],[114.26622,22.34492],[114.26608,22.34472],[114.26582,22.34476],[114.26582,22.34446],[114.2656,22.3443],[114.26547,22.34405],[114.26565,22.34391],[114.26555,22.34383],[114.26576,22.34354],[114.2656,22.34341],[114.26574,22.3433],[114.26567,22.34325],[114.26583,22.34305],[114.26574,22.34301],[114.26574,22.34288],[114.26596,22.34277],[114.266,22.3426],[114.2662,22.34256],[114.26603,22.34249],[114.26614,22.34215],[114.26602,22.34203],[114.26616,22.34202],[114.26618,22.34187],[114.26595,22.342],[114.26566,22.34195],[114.26559,22.34186],[114.26541,22.34194],[114.26533,22.34189],[114.26556,22.34173],[114.26587,22.34185],[114.26592,22.3418],[114.2658,22.34068],[114.26598,22.34041],[114.26585,22.34039],[114.26608,22.34018],[114.26606,22.34009],[114.26616,22.34009],[114.26611,22.33991],[114.26636,22.33995],[114.2665,22.33959],[114.26702,22.33976],[114.26666,22.33961],[114.26715,22.33829],[114.26739,22.33839],[114.26757,22.33818],[114.26788,22.33843],[114.26797,22.33826],[114.26772,22.33812],[114.26904,22.33775],[114.26909,22.33792],[114.26918,22.33789],[114.26936,22.33849],[114.26766,22.34006],[114.26781,22.34019],[114.26954,22.33853],[114.26933,22.33786],[114.26956,22.33786],[114.26942,22.33724],[114.26994,22.33711],[114.26969,22.33623],[114.26988,22.33605],[114.26982,22.33593],[114.2699,22.33556],[114.27004,22.3353],[114.26996,22.3352],[114.27023,22.33508],[114.27015,22.33473],[114.27081,22.33388],[114.27065,22.33344],[114.27039,22.33334],[114.27031,22.33246],[114.27043,22.33241],[114.27043,22.33227],[114.27057,22.33212],[114.2705,22.33188],[114.27057,22.33159],[114.27075,22.33129],[114.27083,22.33094],[114.27098,22.33077],[114.27118,22.33072],[114.27119,22.33078],[114.27127,22.33063],[114.27165,22.33052],[114.27184,22.3299],[114.27195,22.32977],[114.27197,22.32952],[114.27205,22.32954],[114.27203,22.32966],[114.27236,22.32923],[114.27225,22.32924],[114.27232,22.32895],[114.27243,22.32891],[114.27209,22.32868],[114.27216,22.32813],[114.27195,22.32779],[114.272,22.32758],[114.27192,22.3274],[114.27188,22.32681],[114.27198,22.32654],[114.27172,22.32645],[114.27168,22.32634],[114.27188,22.32566],[114.27214,22.32554],[114.27218,22.32526],[114.27211,22.3252],[114.27226,22.32498],[114.27227,22.32457],[114.27211,22.32427],[114.27218,22.32417],[114.27214,22.32404],[114.27186,22.32371],[114.27187,22.32354],[114.27167,22.32311],[114.27222,22.3224],[114.27247,22.32234],[114.27268,22.32241],[114.27298,22.32227],[114.27345,22.32223],[114.2737,22.32232],[114.27479,22.32202],[114.27564,22.32197],[114.27568,22.32188],[114.27576,22.32197],[114.27578,22.32188],[114.27602,22.32178],[114.27616,22.32185],[114.27616,22.32178],[114.27627,22.32177],[114.27649,22.32156],[114.27673,22.32155],[114.27703,22.32121],[114.27719,22.32091],[114.27711,22.32082],[114.27717,22.32081],[114.27717,22.3206],[114.27747,22.3202],[114.27752,22.32026],[114.27762,22.3202],[114.27751,22.32022],[114.27745,22.32014],[114.27754,22.31993],[114.27753,22.31961],[114.27779,22.3194],[114.27839,22.31926],[114.27851,22.31949],[114.2788,22.31956],[114.27901,22.31975],[114.27941,22.31985],[114.27968,22.31983],[114.2808,22.32044],[114.28175,22.32071],[114.28247,22.32137],[114.28338,22.32114],[114.28431,22.32133],[114.28445,22.3214],[114.28446,22.32148],[114.28463,22.3214],[114.28487,22.32156],[114.28496,22.32149],[114.2849,22.32142],[114.28508,22.32147],[114.28512,22.32135],[114.2855,22.32135],[114.28532,22.3213],[114.28538,22.32125],[114.2853,22.32114],[114.28532,22.3209],[114.28528,22.32073],[114.28518,22.32064],[114.28569,22.32016],[114.28612,22.31996],[114.28706,22.32003],[114.28739,22.31987],[114.28808,22.31997],[114.28852,22.32014],[114.28863,22.32039],[114.28856,22.32082],[114.28842,22.32092],[114.28858,22.32095],[114.28882,22.32121],[114.28899,22.32116],[114.28895,22.32129],[114.28916,22.3213],[114.28918,22.32124],[114.28906,22.32119],[114.28939,22.32104],[114.28965,22.32101],[114.28959,22.32071],[114.28923,22.32079],[114.28965,22.32061],[114.28947,22.32058],[114.28966,22.32046],[114.28965,22.32034],[114.28955,22.32027],[114.28973,22.32022],[114.2898,22.32006],[114.28963,22.31986],[114.28947,22.31981],[114.28958,22.31961],[114.28947,22.31956],[114.28913,22.31973],[114.2887,22.31979],[114.28848,22.31957],[114.28845,22.31929],[114.28882,22.31918],[114.28913,22.31891],[114.28911,22.31875],[114.28919,22.3187],[114.28897,22.31864],[114.28936,22.31858],[114.28941,22.31849],[114.28934,22.31835],[114.28946,22.31818],[114.28969,22.31807],[114.29005,22.31732],[114.29009,22.31702],[114.28996,22.317],[114.28975,22.31709],[114.2901,22.31676],[114.29003,22.3166],[114.29008,22.31631],[114.29015,22.31637],[114.29023,22.31631],[114.29014,22.31623],[114.29024,22.31624],[114.29034,22.316],[114.29028,22.31579],[114.29018,22.31577],[114.29023,22.31573],[114.29003,22.31565],[114.28996,22.31573],[114.28987,22.31565],[114.28984,22.31535],[114.28996,22.31531],[114.28993,22.31521],[114.28979,22.31517],[114.28992,22.31513],[114.28981,22.31505],[114.29,22.31418],[114.29009,22.31407],[114.29035,22.31403],[114.2907,22.31367],[114.2909,22.31376],[114.29113,22.31374],[114.29139,22.31356],[114.2914,22.31348],[114.29165,22.31347],[114.29177,22.31334],[114.2919,22.31335],[114.29185,22.31331],[114.29203,22.31326],[114.29218,22.31328],[114.2924,22.31306],[114.29226,22.31285],[114.29246,22.31279],[114.29246,22.31259],[114.29234,22.31237],[114.29242,22.31234],[114.29218,22.31217],[114.29213,22.31223],[114.29199,22.31212],[114.29193,22.31216],[114.29157,22.31165],[114.29173,22.31135],[114.29238,22.31104],[114.29257,22.31054],[114.29241,22.31014],[114.2922,22.31015],[114.29228,22.31007],[114.29227,22.30993],[114.29195,22.30955],[114.29181,22.3092],[114.29139,22.30874],[114.29111,22.30857],[114.29076,22.30806],[114.29046,22.30783],[114.2904,22.30747],[114.29015,22.30736],[114.28965,22.30689],[114.28924,22.30701],[114.28904,22.30724],[114.28882,22.30665],[114.28861,22.30578],[114.28865,22.30568],[114.28809,22.30529],[114.28791,22.30551],[114.28724,22.30535],[114.28533,22.30542],[114.28528,22.30505],[114.28502,22.30453],[114.28506,22.30413],[114.28466,22.30428],[114.28305,22.30429],[114.28278,22.30398],[114.28288,22.30382],[114.27982,22.30432],[114.27915,22.30468],[114.27898,22.30512],[114.27903,22.30559],[114.2792,22.30604],[114.27908,22.30627],[114.27923,22.30648],[114.27919,22.30672],[114.27926,22.30684],[114.2792,22.30772],[114.27846,22.3082],[114.27827,22.30855],[114.27834,22.30887],[114.27823,22.30917],[114.27916,22.31125],[114.28054,22.31251],[114.28069,22.31277],[114.28066,22.31295],[114.28021,22.31304],[114.28003,22.31293],[114.27997,22.3127],[114.2802,22.31245],[114.28014,22.31232],[114.28,22.31224],[114.27922,22.3123],[114.27903,22.31205],[114.27892,22.3121],[114.27892,22.31231],[114.27868,22.31242],[114.27844,22.31232],[114.2783,22.31218],[114.27831,22.31186],[114.27808,22.31165],[114.27802,22.31127],[114.27774,22.31095],[114.27749,22.3108],[114.2766,22.31054],[114.27659,22.31047],[114.27685,22.31026],[114.2763,22.30972],[114.27614,22.30982],[114.27616,22.30999],[114.2755,22.31064],[114.27542,22.31053],[114.275,22.31052],[114.27497,22.31063],[114.2751,22.31066],[114.27473,22.31136],[114.27445,22.31124],[114.2743,22.3122],[114.27416,22.31233],[114.27442,22.31263],[114.27443,22.31316],[114.27433,22.31327],[114.27448,22.3134],[114.27457,22.31378],[114.27427,22.3141],[114.27392,22.31482],[114.2736,22.31504],[114.2736,22.31527],[114.27352,22.31539],[114.27359,22.31556],[114.27389,22.31574],[114.27431,22.31626],[114.27418,22.31646],[114.2745,22.31686],[114.27458,22.31724],[114.2738,22.31741],[114.27233,22.31899],[114.27163,22.31949],[114.27105,22.31976],[114.27042,22.32064],[114.26955,22.32076],[114.26916,22.32091],[114.26907,22.3212],[114.26914,22.32191],[114.26904,22.32252],[114.26923,22.3226],[114.26878,22.32364],[114.26789,22.32466],[114.26722,22.32499],[114.26678,22.32549],[114.26629,22.32587],[114.26602,22.32626],[114.26554,22.32662],[114.26519,22.32724],[114.26442,22.32693],[114.26404,22.32694],[114.26375,22.3271],[114.26358,22.32747],[114.26399,22.32772],[114.26381,22.32805],[114.26373,22.32854],[114.26228,22.32997],[114.26263,22.33028],[114.26175,22.33121],[114.26031,22.33408],[114.25985,22.33391],[114.25964,22.33436],[114.26004,22.33454],[114.25976,22.33501],[114.25831,22.33437],[114.25796,22.33441],[114.25775,22.3346],[114.25736,22.33617],[114.25703,22.33664],[114.25736,22.33681],[114.25757,22.33727],[114.25778,22.33736],[114.25773,22.33784],[114.25724,22.33934],[114.25635,22.34019],[114.25622,22.34023],[114.25589,22.3416],[114.25621,22.34195],[114.25771,22.34086],[114.25794,22.34106],[114.25785,22.34203],[114.25767,22.3423],[114.25712,22.34269],[114.25793,22.34268],[114.25842,22.34332],[114.25864,22.34348],[114.26019,22.34412],[114.26083,22.34486],[114.26138,22.34463],[114.26214,22.34449],[114.26261,22.3445],[114.26272,22.34436],[114.26344,22.34471],[114.26401,22.34511],[114.26425,22.34533],[114.26447,22.34568],[114.26555,22.34606],[114.26602,22.34611],[114.26603,22.34612]]]}},{"type":"Feature","id":"OZP-S-KC-30","properties":{"id":"OZP-S-KC-30","micro_district":"九龙城市区","micro_district_en":"Kowloon City","main_area":"九龙中（九龙城/何文田）","color":"#3b82f6"},"geometry":{"type":"Polygon","coordinates":[[[114.13977,22.382],[114.13939,22.38171],[114.13926,22.38088],[114.13907,22.38085],[114.1385,22.38112],[114.13818,22.38104],[114.13805,22.38093],[114.13845,22.38057],[114.13911,22.3802],[114.13933,22.3798],[114.13928,22.37973],[114.13889,22.37975],[114.13877,22.37956],[114.13847,22.37937],[114.13845,22.37917],[114.13906,22.37918],[114.13972,22.3793],[114.13969,22.37937],[114.13981,22.37956],[114.13978,22.38039],[114.13983,22.38052],[114.14021,22.38093],[114.1404,22.38065],[114.14086,22.38096],[114.14143,22.38116],[114.14137,22.38091],[114.14172,22.38078],[114.14175,22.38039],[114.14186,22.38026],[114.1424,22.38017],[114.14253,22.37984],[114.14295,22.37934],[114.14289,22.37898],[114.14277,22.37879],[114.14226,22.37868],[114.14228,22.37844],[114.14201,22.37844],[114.14192,22.37815],[114.1423,22.37794],[114.14281,22.37797],[114.1429,22.37786],[114.14348,22.3782],[114.14407,22.37787],[114.14431,22.37762],[114.14432,22.37751],[114.14425,22.37743],[114.14397,22.37739],[114.14383,22.3771],[114.14388,22.37687],[114.14356,22.37654],[114.14353,22.3764],[114.14411,22.37616],[114.1448,22.3761],[114.14506,22.37588],[114.14585,22.3757],[114.14589,22.37533],[114.14552,22.37509],[114.14556,22.37486],[114.14537,22.37469],[114.14538,22.37446],[114.14516,22.37444],[114.14498,22.37426],[114.14504,22.374],[114.14495,22.37358],[114.1451,22.37334],[114.14531,22.37329],[114.14556,22.37301],[114.14552,22.37269],[114.1456,22.37252],[114.14554,22.37221],[114.14589,22.37209],[114.14612,22.37188],[114.14623,22.37153],[114.14654,22.3713],[114.14682,22.37084],[114.14719,22.37082],[114.14604,22.36969],[114.14568,22.36961],[114.14539,22.36939],[114.145,22.36927],[114.14497,22.36914],[114.14518,22.36897],[114.14532,22.36849],[114.14481,22.36827],[114.14473,22.36813],[114.1452,22.3677],[114.14538,22.36739],[114.14528,22.36729],[114.14462,22.36734],[114.14446,22.36723],[114.14446,22.36694],[114.14471,22.36637],[114.14471,22.36613],[114.14518,22.36578],[114.14526,22.36564],[114.14524,22.36532],[114.1457,22.36507],[114.14602,22.3646],[114.146,22.36413],[114.14576,22.36377],[114.14568,22.3634],[114.1455,22.36315],[114.1453,22.36315],[114.14526,22.36307],[114.14526,22.36283],[114.14537,22.36274],[114.14539,22.3625],[114.14551,22.36235],[114.14518,22.362],[114.1449,22.36201],[114.1446,22.36187],[114.14416,22.36141],[114.14402,22.36114],[114.14318,22.36053],[114.14293,22.35973],[114.14279,22.35964],[114.1424,22.35966],[114.14208,22.35945],[114.14175,22.35908],[114.14158,22.35872],[114.14136,22.35729],[114.14146,22.35671],[114.14128,22.3557],[114.14157,22.35313],[114.14182,22.35256],[114.14174,22.35204],[114.14226,22.35119],[114.14202,22.35051],[114.14207,22.34958],[114.1422,22.34923],[114.14245,22.34906],[114.14326,22.34916],[114.14465,22.34891],[114.14491,22.34894],[114.14477,22.34855],[114.14459,22.34836],[114.14468,22.34797],[114.14512,22.34774],[114.14512,22.34728],[114.14537,22.34698],[114.14635,22.3464],[114.1466,22.34543],[114.14711,22.34443],[114.14694,22.34438],[114.14683,22.34419],[114.14691,22.34405],[114.14672,22.34368],[114.1469,22.34338],[114.14689,22.34292],[114.14676,22.34261],[114.14705,22.34208],[114.14694,22.34168],[114.14704,22.34144],[114.14843,22.34082],[114.14964,22.34077],[114.14684,22.33997],[114.14539,22.3399],[114.14478,22.34016],[114.14393,22.34105],[114.14332,22.34118],[114.14287,22.34112],[114.14167,22.34004],[114.14104,22.33987],[114.14013,22.34016],[114.13923,22.34078],[114.13853,22.34116],[114.13801,22.34133],[114.13755,22.34135],[114.13705,22.34122],[114.13662,22.34093],[114.13636,22.34056],[114.13616,22.33997],[114.13572,22.34011],[114.13547,22.33984],[114.13512,22.33963],[114.13474,22.33956],[114.13423,22.33966],[114.13393,22.33921],[114.13362,22.3391],[114.1335,22.33896],[114.13328,22.33816],[114.12962,22.33708],[114.12873,22.33971],[114.12339,22.33814],[114.11983,22.34865],[114.11545,22.3474],[114.11539,22.3476],[114.11552,22.34766],[114.115,22.34916],[114.11489,22.34913],[114.11366,22.35254],[114.11396,22.35289],[114.1144,22.35306],[114.1144,22.35258],[114.11452,22.35218],[114.11508,22.35147],[114.11591,22.35174],[114.11642,22.35472],[114.11556,22.35519],[114.11329,22.36017],[114.11252,22.35986],[114.11225,22.35932],[114.11208,22.35921],[114.1119,22.35939],[114.11164,22.36029],[114.11294,22.36052],[114.11371,22.36077],[114.11604,22.3623],[114.11771,22.36313],[114.11937,22.36369],[114.11979,22.36393],[114.12084,22.36524],[114.12107,22.36574],[114.12149,22.36717],[114.12307,22.3696],[114.12339,22.37037],[114.12968,22.37096],[114.1303,22.37088],[114.13077,22.37072],[114.13283,22.36968],[114.13421,22.37011],[114.13466,22.37108],[114.13509,22.37146],[114.13513,22.37141],[114.13608,22.37207],[114.13633,22.37249],[114.13645,22.3762],[114.13738,22.37878],[114.13748,22.37935],[114.1373,22.37991],[114.13702,22.3802],[114.13677,22.38033],[114.1362,22.38044],[114.13425,22.38028],[114.13391,22.38046],[114.13363,22.38093],[114.13453,22.38138],[114.13526,22.38158],[114.13712,22.38168],[114.13727,22.382],[114.13761,22.38221],[114.13796,22.38221],[114.13847,22.38201],[114.1388,22.38203],[114.14148,22.38364],[114.14337,22.38438],[114.14333,22.38424],[114.14286,22.38389],[114.14115,22.38282],[114.14054,22.3823],[114.13979,22.38201],[114.13977,22.382]]]}},{"type":"Feature","id":"OZP-S-K22-7","properties":{"id":"OZP-S-K22-7","micro_district":"启德城中心 (AIRSIDE/天玺) / 启德跑道区","micro_district_en":"Statutory Scheme (S/K22/7)","main_area":"九龙中（九龙城/何文田）","color":"#d97706"},"geometry":{"type":"MultiPolygon","coordinates":[[[[114.20521,22.33207],[114.20514,22.3296],[114.20534,22.32852],[114.20534,22.32805],[114.20523,22.32763],[114.20462,22.32634],[114.20473,22.32513],[114.20436,22.3251],[114.20434,22.32483],[114.2046,22.3226],[114.20487,22.32185],[114.20633,22.32043],[114.20831,22.31815],[114.20867,22.31783],[114.20933,22.31748],[114.20994,22.31727],[114.21172,22.31714],[114.21225,22.31702],[114.21307,22.3166],[114.21392,22.31589],[114.21823,22.31183],[114.22252,22.30637],[114.22237,22.30626],[114.22272,22.30587],[114.22222,22.30605],[114.22182,22.30635],[114.22128,22.3059],[114.22113,22.30605],[114.22165,22.30653],[114.22069,22.30793],[114.22021,22.30761],[114.22004,22.30783],[114.22051,22.30815],[114.2202,22.30855],[114.22003,22.30844],[114.21995,22.30854],[114.22012,22.30865],[114.21965,22.30925],[114.21947,22.30913],[114.21747,22.31151],[114.2143,22.31475],[114.21343,22.31552],[114.21098,22.31315],[114.2075,22.31627],[114.2061,22.31486],[114.20828,22.31291],[114.20842,22.31291],[114.20854,22.3128],[114.20861,22.31287],[114.2087,22.31268],[114.21187,22.30987],[114.21248,22.30949],[114.21285,22.30938],[114.21327,22.30978],[114.21317,22.30988],[114.21301,22.30973],[114.21297,22.30977],[114.21316,22.30996],[114.21339,22.30981],[114.2153,22.3081],[114.21546,22.3077],[114.21533,22.30681],[114.21731,22.30494],[114.21729,22.30461],[114.2164,22.30375],[114.21586,22.30324],[114.21556,22.30325],[114.20829,22.30976],[114.20797,22.30986],[114.20701,22.31073],[114.20669,22.31119],[114.20627,22.31157],[114.2062,22.31149],[114.2061,22.31158],[114.20625,22.31159],[114.19603,22.32075],[114.19527,22.32035],[114.19438,22.31855],[114.19446,22.31852],[114.19443,22.31845],[114.19416,22.3181],[114.19428,22.31796],[114.1947,22.31778],[114.19472,22.31768],[114.19463,22.31761],[114.19419,22.3178],[114.194,22.31779],[114.19383,22.31744],[114.19405,22.31734],[114.19396,22.31724],[114.1938,22.31737],[114.19269,22.31514],[114.19246,22.31483],[114.19259,22.31468],[114.19224,22.31452],[114.19226,22.31445],[114.19217,22.31442],[114.19211,22.31456],[114.19162,22.31437],[114.19032,22.31447],[114.19053,22.31486],[114.19338,22.3177],[114.19212,22.31873],[114.19368,22.32036],[114.19454,22.3221],[114.19042,22.32385],[114.18999,22.32413],[114.18975,22.32438],[114.18965,22.32483],[114.19052,22.32661],[114.19105,22.32721],[114.19078,22.32764],[114.1914,22.32793],[114.19198,22.32835],[114.19627,22.33246],[114.19669,22.33204],[114.19701,22.3323],[114.19755,22.33308],[114.19831,22.33372],[114.20232,22.33525],[114.20299,22.33537],[114.20365,22.33532],[114.20422,22.33516],[114.20507,22.33467],[114.20529,22.3337],[114.20521,22.33215],[114.20521,22.33207]]],[[[114.20031,22.32098],[114.20002,22.3203],[114.20573,22.31519],[114.20711,22.31646],[114.20713,22.3166],[114.20107,22.32204],[114.2009,22.3221],[114.20076,22.32204],[114.20047,22.32137],[114.20031,22.32098]]],[[[114.22495,22.30584],[114.22688,22.30358],[114.22706,22.30314],[114.22714,22.30233],[114.22772,22.3015],[114.22857,22.29994],[114.22893,22.2995],[114.22851,22.29929],[114.22735,22.30136],[114.22505,22.30256],[114.2226,22.30529],[114.22326,22.30581],[114.22284,22.30584],[114.22407,22.30679],[114.22492,22.30587],[114.22495,22.30584]]]]}},{"type":"Feature","id":"OZP-S-SK-TMT-4","properties":{"id":"OZP-S-SK-TMT-4","micro_district":"法定规划区 (S/SK-TMT/4)","micro_district_en":"Statutory Scheme (S/SK-TMT/4)","main_area":"新界其他","color":"#3b82f6"},"geometry":{"type":"MultiPolygon","coordinates":[[[[114.31896,22.40997],[114.31943,22.40991],[114.32031,22.40874],[114.32108,22.40815],[114.32115,22.40815],[114.32094,22.40891],[114.32059,22.40948],[114.32157,22.40992],[114.32229,22.40941],[114.32253,22.40949],[114.32503,22.40809],[114.32515,22.40815],[114.32554,22.40733],[114.32564,22.40696],[114.3257,22.40608],[114.32548,22.40571],[114.32588,22.40583],[114.32608,22.40582],[114.32651,22.40537],[114.32604,22.40489],[114.32577,22.40448],[114.32565,22.40339],[114.32551,22.40338],[114.32512,22.40362],[114.32436,22.40317],[114.32411,22.40315],[114.32386,22.40326],[114.32321,22.40263],[114.3247,22.40054],[114.32441,22.40035],[114.32384,22.4002],[114.32386,22.39996],[114.32354,22.39993],[114.32356,22.39974],[114.32343,22.39941],[114.32314,22.39915],[114.3231,22.39884],[114.32336,22.39794],[114.32288,22.39765],[114.32283,22.39753],[114.32288,22.39736],[114.32335,22.39685],[114.32328,22.39651],[114.32277,22.39608],[114.32208,22.39601],[114.32187,22.39582],[114.32169,22.3948],[114.32175,22.39432],[114.32163,22.39409],[114.32161,22.39374],[114.32143,22.39322],[114.32147,22.39257],[114.32125,22.39188],[114.32134,22.39145],[114.32115,22.39094],[114.32121,22.3904],[114.32154,22.38981],[114.32159,22.38906],[114.32175,22.38846],[114.32157,22.38804],[114.32187,22.38728],[114.32179,22.38713],[114.321,22.38744],[114.32063,22.38741],[114.32011,22.38723],[114.31995,22.38726],[114.31988,22.38737],[114.32006,22.38757],[114.3199,22.38808],[114.31998,22.38858],[114.31968,22.38862],[114.31945,22.38831],[114.3192,22.38826],[114.31879,22.38833],[114.31858,22.38851],[114.31786,22.38863],[114.31773,22.38886],[114.31777,22.38923],[114.31756,22.38987],[114.31767,22.39012],[114.31784,22.39014],[114.31785,22.39033],[114.3177,22.3905],[114.31745,22.39039],[114.31732,22.39077],[114.31733,22.39097],[114.31718,22.39122],[114.3172,22.3914],[114.3174,22.3917],[114.31783,22.39184],[114.31821,22.39216],[114.31846,22.39219],[114.31894,22.39243],[114.31915,22.39283],[114.31928,22.39275],[114.31943,22.39282],[114.31994,22.3927],[114.32048,22.39218],[114.32068,22.39157],[114.32077,22.39161],[114.32073,22.39173],[114.32092,22.3919],[114.32094,22.39222],[114.32118,22.39258],[114.32136,22.39376],[114.32002,22.39357],[114.31996,22.39368],[114.31966,22.39362],[114.31913,22.3938],[114.31844,22.39352],[114.31792,22.39366],[114.31758,22.39398],[114.31722,22.39407],[114.31705,22.39425],[114.31633,22.39363],[114.31587,22.39338],[114.31583,22.3932],[114.31528,22.39336],[114.31483,22.39303],[114.31388,22.39284],[114.31371,22.39287],[114.31358,22.39302],[114.31336,22.39312],[114.31237,22.39315],[114.31201,22.39287],[114.31134,22.39272],[114.31108,22.39248],[114.31077,22.3926],[114.31022,22.3926],[114.31003,22.3923],[114.30991,22.39227],[114.30979,22.39059],[114.31003,22.39032],[114.31009,22.38997],[114.30981,22.38978],[114.30937,22.38965],[114.30931,22.38925],[114.30882,22.38971],[114.30843,22.38988],[114.30831,22.38975],[114.30849,22.38931],[114.30845,22.3889],[114.30806,22.38841],[114.30815,22.38833],[114.30848,22.38841],[114.30871,22.38855],[114.3087,22.3887],[114.30885,22.38856],[114.30871,22.3881],[114.30873,22.38756],[114.30839,22.38731],[114.30843,22.38722],[114.30865,22.3872],[114.30859,22.38687],[114.30865,22.38676],[114.30874,22.38679],[114.30869,22.38671],[114.30884,22.38664],[114.30927,22.3867],[114.30965,22.38653],[114.30973,22.38661],[114.30984,22.38653],[114.30991,22.38626],[114.31042,22.38607],[114.31054,22.3855],[114.31016,22.38531],[114.31013,22.38488],[114.30989,22.38488],[114.30974,22.38497],[114.30971,22.3852],[114.30956,22.3853],[114.30878,22.38538],[114.30859,22.38525],[114.3084,22.38494],[114.30815,22.38481],[114.30804,22.38486],[114.30775,22.38526],[114.30752,22.38541],[114.30768,22.38575],[114.3071,22.38575],[114.3069,22.3856],[114.30685,22.38572],[114.30661,22.38572],[114.3064,22.38587],[114.30608,22.38562],[114.30603,22.38533],[114.30613,22.38476],[114.30596,22.38445],[114.30585,22.3845],[114.30546,22.38415],[114.30475,22.38401],[114.30446,22.38404],[114.30424,22.38432],[114.30429,22.38504],[114.3045,22.38556],[114.30448,22.38583],[114.30386,22.38601],[114.30318,22.3864],[114.30302,22.38661],[114.30287,22.38705],[114.30281,22.38701],[114.30284,22.38688],[114.30277,22.38687],[114.30274,22.38722],[114.30244,22.38744],[114.30242,22.38759],[114.3019,22.38834],[114.30154,22.38819],[114.30152,22.3881],[114.30177,22.3875],[114.30189,22.38668],[114.30248,22.38601],[114.30246,22.38553],[114.30235,22.38533],[114.30193,22.38511],[114.3012,22.38491],[114.29991,22.38494],[114.29953,22.38462],[114.29937,22.3842],[114.29877,22.3841],[114.29863,22.38454],[114.29908,22.3849],[114.2993,22.38547],[114.29971,22.38581],[114.2997,22.38634],[114.29949,22.38681],[114.29917,22.38721],[114.29808,22.38679],[114.29923,22.38725],[114.29919,22.38759],[114.29906,22.38761],[114.29912,22.38763],[114.29904,22.38782],[114.29871,22.38794],[114.29854,22.38818],[114.29836,22.38823],[114.29798,22.38826],[114.2977,22.38806],[114.29741,22.38811],[114.29723,22.38825],[114.29715,22.38814],[114.29693,22.38827],[114.29697,22.38842],[114.29671,22.38854],[114.29659,22.38875],[114.29665,22.389],[114.29658,22.38903],[114.29672,22.38912],[114.29678,22.38942],[114.29698,22.38965],[114.29694,22.39007],[114.29658,22.39047],[114.29665,22.39072],[114.29623,22.3908],[114.29587,22.39072],[114.29566,22.39056],[114.2956,22.39034],[114.29539,22.39047],[114.29529,22.38969],[114.29478,22.38867],[114.29458,22.38844],[114.29415,22.38822],[114.29368,22.38815],[114.29305,22.38819],[114.29227,22.38862],[114.29159,22.38912],[114.29107,22.38916],[114.29074,22.38945],[114.29068,22.38972],[114.29058,22.38979],[114.29044,22.38977],[114.29012,22.39059],[114.28978,22.39092],[114.2897,22.3912],[114.28942,22.39169],[114.28933,22.39228],[114.28919,22.39259],[114.28894,22.39249],[114.28851,22.39201],[114.28844,22.39206],[114.28891,22.39254],[114.28917,22.39264],[114.28897,22.39398],[114.28811,22.39432],[114.28785,22.39424],[114.28761,22.39438],[114.28742,22.39422],[114.28749,22.3944],[114.28734,22.39497],[114.28703,22.39518],[114.28689,22.39514],[114.28637,22.39561],[114.28634,22.39591],[114.28643,22.39606],[114.2864,22.39616],[114.28625,22.39616],[114.28599,22.39578],[114.28581,22.3957],[114.28558,22.39594],[114.2854,22.39629],[114.28542,22.39601],[114.28483,22.39572],[114.28423,22.39524],[114.28366,22.39525],[114.28316,22.39493],[114.28286,22.39502],[114.28252,22.39447],[114.282,22.39413],[114.2812,22.39514],[114.2806,22.39569],[114.27987,22.39625],[114.27913,22.39663],[114.27731,22.39715],[114.27232,22.39799],[114.27221,22.39818],[114.27236,22.39848],[114.27286,22.39857],[114.27313,22.39935],[114.27346,22.39967],[114.27358,22.40011],[114.27367,22.40102],[114.2747,22.40158],[114.27512,22.40162],[114.27538,22.40188],[114.27539,22.40198],[114.27545,22.40172],[114.2756,22.4016],[114.27577,22.40157],[114.2761,22.40122],[114.27671,22.40095],[114.27683,22.40138],[114.27754,22.40163],[114.27828,22.40242],[114.2789,22.40218],[114.27983,22.40201],[114.28048,22.40172],[114.28053,22.40177],[114.2812,22.40164],[114.28182,22.40129],[114.28212,22.40162],[114.28216,22.40088],[114.28302,22.39902],[114.28394,22.39979],[114.28494,22.40027],[114.28519,22.40028],[114.28589,22.39972],[114.28658,22.39897],[114.2876,22.39803],[114.28771,22.3977],[114.28778,22.39649],[114.28806,22.39612],[114.28847,22.39598],[114.29013,22.39609],[114.29043,22.39601],[114.29076,22.39581],[114.2916,22.39497],[114.29193,22.39477],[114.29291,22.39337],[114.29332,22.39332],[114.29484,22.39338],[114.29552,22.39368],[114.29639,22.39447],[114.29679,22.39523],[114.29786,22.39632],[114.29856,22.39729],[114.29936,22.39871],[114.30002,22.39897],[114.30029,22.39974],[114.30026,22.40002],[114.30004,22.40048],[114.2999,22.40129],[114.29957,22.40172],[114.29943,22.40215],[114.29877,22.40269],[114.29864,22.40296],[114.29786,22.40328],[114.29768,22.40367],[114.29743,22.40385],[114.29595,22.4038],[114.29607,22.40329],[114.29596,22.40279],[114.29561,22.40235],[114.29513,22.4021],[114.29462,22.40206],[114.29418,22.40217],[114.29382,22.40239],[114.29353,22.40278],[114.29342,22.40319],[114.29348,22.40366],[114.29573,22.40909],[114.29674,22.40873],[114.29599,22.40693],[114.29639,22.40718],[114.29695,22.40699],[114.29717,22.40717],[114.29736,22.40718],[114.29768,22.40691],[114.29804,22.40682],[114.29805,22.40645],[114.29815,22.40645],[114.29817,22.40615],[114.29811,22.40576],[114.29787,22.40516],[114.298,22.40449],[114.29868,22.40374],[114.29873,22.40295],[114.29882,22.40276],[114.29939,22.40234],[114.29955,22.40212],[114.30026,22.40388],[114.30183,22.40655],[114.3022,22.40778],[114.30325,22.40784],[114.30505,22.40775],[114.30497,22.40699],[114.30414,22.40515],[114.30379,22.40452],[114.30192,22.40191],[114.30245,22.40068],[114.3025,22.39909],[114.30306,22.39829],[114.30276,22.39761],[114.30216,22.39672],[114.30172,22.39551],[114.30172,22.39502],[114.30186,22.39459],[114.30162,22.39429],[114.30151,22.394],[114.30149,22.39303],[114.30158,22.39269],[114.3023,22.39121],[114.30235,22.39091],[114.30209,22.39014],[114.30142,22.38939],[114.30281,22.38813],[114.30311,22.38776],[114.30367,22.38679],[114.30446,22.38649],[114.30496,22.38646],[114.30666,22.38721],[114.30705,22.38753],[114.30732,22.38792],[114.30744,22.38839],[114.30749,22.38937],[114.30661,22.38965],[114.30653,22.39003],[114.30678,22.391],[114.30745,22.39273],[114.30804,22.39345],[114.30822,22.39396],[114.30839,22.39414],[114.30896,22.3944],[114.30995,22.39453],[114.31006,22.3944],[114.31016,22.39389],[114.31056,22.39365],[114.31082,22.39316],[114.31151,22.39334],[114.31251,22.39335],[114.3128,22.3937],[114.31377,22.39414],[114.31417,22.39421],[114.3145,22.3945],[114.31485,22.39465],[114.31592,22.39466],[114.31597,22.39479],[114.31635,22.39494],[114.31685,22.39506],[114.31719,22.39501],[114.31735,22.39513],[114.31815,22.39584],[114.31813,22.39664],[114.31834,22.3969],[114.31845,22.39833],[114.31889,22.39842],[114.3189,22.3979],[114.31901,22.39778],[114.31922,22.39784],[114.31949,22.39826],[114.31969,22.39828],[114.31975,22.39817],[114.31978,22.39754],[114.31987,22.39735],[114.32058,22.398],[114.32032,22.39834],[114.3203,22.39857],[114.32129,22.40048],[114.32135,22.40081],[114.32129,22.40128],[114.32136,22.40214],[114.32149,22.40256],[114.32166,22.40268],[114.32171,22.40284],[114.32144,22.4031],[114.32107,22.40328],[114.32109,22.40339],[114.321,22.40342],[114.32083,22.40373],[114.32054,22.40404],[114.32043,22.40457],[114.32026,22.40472],[114.32016,22.40504],[114.31991,22.40526],[114.31972,22.40619],[114.3195,22.40635],[114.31938,22.40676],[114.31896,22.40735],[114.31883,22.40789],[114.31833,22.40812],[114.31836,22.40849],[114.31829,22.40863],[114.3176,22.40853],[114.31705,22.40869],[114.3166,22.40908],[114.3164,22.40959],[114.31643,22.41004],[114.31663,22.41044],[114.31698,22.41075],[114.31743,22.41092],[114.31791,22.41092],[114.3184,22.41074],[114.31875,22.41043],[114.31895,22.41002],[114.31896,22.40997]]],[[[114.3181,22.388],[114.31847,22.3881],[114.31854,22.38804],[114.31845,22.38717],[114.31814,22.3866],[114.31788,22.38651],[114.31781,22.38639],[114.31787,22.38603],[114.31753,22.38571],[114.31737,22.38526],[114.31705,22.38504],[114.31698,22.38474],[114.31672,22.38441],[114.3163,22.38432],[114.31594,22.38436],[114.31581,22.38429],[114.31577,22.3841],[114.31545,22.38409],[114.31523,22.38484],[114.3152,22.3852],[114.31503,22.38557],[114.31554,22.38623],[114.31542,22.38672],[114.31551,22.38693],[114.31606,22.38765],[114.31629,22.38785],[114.31687,22.38797],[114.31697,22.38787],[114.31679,22.38773],[114.31687,22.3876],[114.31768,22.38783],[114.31801,22.38812],[114.31808,22.38813],[114.31809,22.388],[114.3181,22.388]]]]}},{"type":"Feature","id":"OZP-S-K18-21","properties":{"id":"OZP-S-K18-21","micro_district":"九龙塘低密度豪宅区 / 广播道及毕架山","micro_district_en":"Statutory Scheme (S/K18/21)","main_area":"九龙中（九龙城/何文田）","color":"#d97706"},"geometry":{"type":"Polygon","coordinates":[[[114.17691,22.34922],[114.17698,22.34889],[114.17719,22.34869],[114.17807,22.34902],[114.17817,22.34894],[114.1782,22.3488],[114.17839,22.34885],[114.17852,22.3486],[114.1788,22.34867],[114.1789,22.34908],[114.17942,22.34899],[114.18146,22.34642],[114.18146,22.34532],[114.18169,22.34413],[114.18257,22.34411],[114.1841,22.34323],[114.18393,22.34233],[114.18371,22.34172],[114.18295,22.34036],[114.18265,22.34003],[114.1833,22.33957],[114.18389,22.3396],[114.18434,22.33941],[114.1861,22.33796],[114.1861,22.33785],[114.18625,22.33773],[114.18613,22.3377],[114.18614,22.3373],[114.18602,22.33708],[114.18609,22.33632],[114.18587,22.33598],[114.18633,22.33593],[114.18628,22.33554],[114.18653,22.33537],[114.18652,22.33519],[114.18665,22.33508],[114.18671,22.33476],[114.18745,22.33472],[114.18738,22.33355],[114.18717,22.33256],[114.18711,22.33177],[114.18659,22.33178],[114.18639,22.32732],[114.17545,22.32685],[114.1746,22.32658],[114.17598,22.32922],[114.17646,22.33037],[114.17687,22.33211],[114.17694,22.3337],[114.1768,22.33472],[114.17621,22.33674],[114.17638,22.33728],[114.17582,22.33738],[114.17529,22.33845],[114.17485,22.33973],[114.17482,22.34051],[114.1746,22.34069],[114.17434,22.34073],[114.17346,22.34033],[114.1732,22.34041],[114.17307,22.3406],[114.1731,22.34087],[114.17346,22.34123],[114.17317,22.34293],[114.17403,22.34422],[114.17397,22.34433],[114.17361,22.34441],[114.17367,22.3448],[114.17268,22.3464],[114.17319,22.34685],[114.17313,22.34698],[114.17328,22.3469],[114.17341,22.347],[114.17319,22.3477],[114.17294,22.34793],[114.17332,22.34806],[114.17351,22.34839],[114.17388,22.34807],[114.17437,22.34798],[114.17454,22.34823],[114.17496,22.34844],[114.17506,22.34874],[114.17556,22.3491],[114.17584,22.34899],[114.17602,22.34913],[114.17625,22.34888],[114.17655,22.3492],[114.1769,22.3493],[114.17691,22.34924],[114.17691,22.34922]]]}},{"type":"Feature","id":"OZP-S-K16-16","properties":{"id":"OZP-S-K16-16","micro_district":"昂船洲及荔湾交汇处","micro_district_en":"Statutory Scheme (S/K16/16)","main_area":"九龙西北（深水埗区）","color":"#0d9488"},"geometry":{"type":"Polygon","coordinates":[[[114.14037,22.34004],[114.14084,22.33989],[114.14123,22.33988],[114.14167,22.34004],[114.14206,22.34035],[114.1427,22.34026],[114.14301,22.34011],[114.14326,22.33988],[114.14425,22.33858],[114.14476,22.3373],[114.14506,22.33623],[114.14495,22.3362],[114.14456,22.33101],[114.13724,22.33381],[114.13569,22.33453],[114.13473,22.33516],[114.13377,22.33597],[114.133,22.33682],[114.13228,22.33786],[114.13328,22.33816],[114.1335,22.33896],[114.13362,22.3391],[114.13393,22.33921],[114.13423,22.33966],[114.13474,22.33956],[114.13512,22.33963],[114.13547,22.33984],[114.13572,22.34011],[114.13616,22.33997],[114.13632,22.34048],[114.13652,22.34082],[114.13684,22.34111],[114.13723,22.34128],[114.13784,22.34135],[114.13841,22.3412],[114.13923,22.34078],[114.14013,22.34016],[114.14037,22.34004]]]}},{"type":"Feature","id":"OZP-S-K15-26","properties":{"id":"OZP-S-K15-26","micro_district":"茶果岭、油塘及鲤鱼门","micro_district_en":"Statutory Scheme (S/K15/26)","main_area":"九龙东（黄大仙/观塘）","color":"#4f46e5"},"geometry":{"type":"MultiPolygon","coordinates":[[[[114.2351,22.30471],[114.23537,22.30441],[114.23602,22.30488],[114.2369,22.30503],[114.23775,22.30564],[114.23789,22.30601],[114.23763,22.30661],[114.23767,22.30737],[114.23865,22.30781],[114.23858,22.30809],[114.23868,22.30824],[114.23864,22.30851],[114.2388,22.30869],[114.23925,22.30864],[114.23921,22.30883],[114.23942,22.30889],[114.24047,22.30859],[114.24059,22.30819],[114.24038,22.30795],[114.2405,22.30764],[114.24049,22.30736],[114.24038,22.30708],[114.24016,22.30699],[114.23998,22.30668],[114.23993,22.30645],[114.24013,22.30626],[114.23986,22.30594],[114.2402,22.30553],[114.23993,22.30533],[114.23993,22.30526],[114.24011,22.30515],[114.2402,22.30495],[114.24041,22.30492],[114.24062,22.30501],[114.24071,22.30468],[114.24095,22.30478],[114.24104,22.30463],[114.24146,22.30442],[114.24149,22.30428],[114.24136,22.30389],[114.24167,22.3038],[114.24178,22.30351],[114.242,22.30329],[114.24221,22.30326],[114.24217,22.30287],[114.24271,22.30268],[114.24297,22.30248],[114.24315,22.30252],[114.24353,22.30238],[114.24371,22.30223],[114.24376,22.302],[114.2439,22.30191],[114.24391,22.30165],[114.24411,22.3014],[114.24411,22.3012],[114.24359,22.30068],[114.24358,22.30055],[114.2437,22.30036],[114.24371,22.30016],[114.24443,22.29963],[114.24435,22.2993],[114.24445,22.29891],[114.24481,22.29837],[114.24477,22.29803],[114.24512,22.29794],[114.2454,22.29718],[114.2455,22.29649],[114.24538,22.29629],[114.24511,22.29625],[114.24496,22.29614],[114.24485,22.2959],[114.24514,22.2957],[114.24519,22.29546],[114.24542,22.2953],[114.24543,22.29491],[114.24519,22.29466],[114.24466,22.29482],[114.24424,22.2948],[114.24479,22.29506],[114.24426,22.29508],[114.24297,22.29455],[114.24294,22.29444],[114.24269,22.29429],[114.24267,22.29418],[114.24217,22.29422],[114.24227,22.29352],[114.24208,22.29305],[114.24195,22.29283],[114.24156,22.29283],[114.24147,22.29264],[114.24153,22.29228],[114.24113,22.29219],[114.24105,22.29208],[114.24122,22.29178],[114.24108,22.2914],[114.24138,22.2911],[114.2413,22.29063],[114.24158,22.29023],[114.2412,22.28952],[114.24117,22.28909],[114.24157,22.28828],[114.24209,22.28765],[114.24227,22.2877],[114.24236,22.28744],[114.24232,22.28721],[114.24199,22.28692],[114.24197,22.28642],[114.2421,22.28631],[114.24247,22.28648],[114.24266,22.28637],[114.24282,22.2865],[114.24315,22.28653],[114.24328,22.28647],[114.24367,22.28619],[114.24331,22.28566],[114.24325,22.28565],[114.24326,22.28572],[114.24265,22.28562],[114.24261,22.28551],[114.24259,22.28564],[114.24236,22.28576],[114.24215,22.28562],[114.24169,22.28585],[114.24124,22.28589],[114.24102,22.28602],[114.24048,22.28605],[114.24037,22.2861],[114.24036,22.2862],[114.23989,22.28615],[114.23973,22.2862],[114.23963,22.28628],[114.23963,22.28652],[114.23902,22.28676],[114.23891,22.28662],[114.23897,22.28677],[114.23873,22.28686],[114.23856,22.28711],[114.23792,22.28759],[114.23774,22.28767],[114.23753,22.28731],[114.23763,22.28759],[114.23703,22.28798],[114.23675,22.28806],[114.23658,22.28788],[114.23645,22.28788],[114.23647,22.28809],[114.23663,22.28807],[114.23674,22.28823],[114.23677,22.28818],[114.23677,22.28842],[114.23684,22.28848],[114.23673,22.28858],[114.23684,22.28869],[114.23695,22.28864],[114.2372,22.28885],[114.23738,22.28935],[114.23807,22.29042],[114.23792,22.29049],[114.23805,22.29075],[114.2383,22.29064],[114.23839,22.29081],[114.23834,22.29106],[114.23857,22.29151],[114.23856,22.29165],[114.23784,22.29235],[114.23647,22.29112],[114.23723,22.2903],[114.23721,22.29015],[114.23705,22.29015],[114.23337,22.29364],[114.23304,22.2947],[114.23269,22.29531],[114.23611,22.29697],[114.23534,22.29862],[114.23092,22.2981],[114.23005,22.29824],[114.22919,22.29864],[114.22851,22.29929],[114.22893,22.2995],[114.22857,22.29994],[114.22772,22.3015],[114.22714,22.30233],[114.22706,22.30314],[114.22688,22.30358],[114.22407,22.30679],[114.22785,22.3097],[114.22863,22.31075],[114.23151,22.30886],[114.23487,22.30498],[114.2351,22.30471]]],[[[114.23654,22.28814],[114.23642,22.28821],[114.23654,22.28815],[114.23654,22.28814]]]]}},{"type":"Feature","id":"OZP-S-K14S-24","properties":{"id":"OZP-S-K14S-24","micro_district":"观塘核心商圈及裕民坊","micro_district_en":"Statutory Scheme (S/K14S/24)","main_area":"九龙东（黄大仙/观塘）","color":"#4f46e5"},"geometry":{"type":"Polygon","coordinates":[[[114.22977,22.3239],[114.23016,22.32361],[114.23236,22.32088],[114.23362,22.31977],[114.235,22.3184],[114.23538,22.3179],[114.23615,22.31643],[114.23664,22.31572],[114.23701,22.31554],[114.23739,22.31549],[114.23846,22.31581],[114.2389,22.31583],[114.2395,22.31557],[114.23989,22.31521],[114.24035,22.31586],[114.24253,22.31751],[114.24281,22.31714],[114.24178,22.31633],[114.24202,22.31587],[114.24205,22.31549],[114.24248,22.31529],[114.24335,22.31512],[114.244,22.31532],[114.24432,22.31533],[114.24476,22.31475],[114.24512,22.31467],[114.24526,22.31455],[114.24553,22.31395],[114.24553,22.31357],[114.24529,22.31347],[114.24506,22.31359],[114.24472,22.31352],[114.24463,22.31332],[114.24442,22.31318],[114.24447,22.31291],[114.2443,22.31281],[114.24406,22.31281],[114.2438,22.31252],[114.2438,22.31226],[114.24406,22.31192],[114.24393,22.31155],[114.24354,22.31142],[114.24362,22.31116],[114.2435,22.311],[114.24349,22.31078],[114.24301,22.31062],[114.24277,22.31082],[114.24263,22.31082],[114.24251,22.31075],[114.24232,22.31038],[114.24214,22.31045],[114.24203,22.31062],[114.24186,22.31061],[114.24187,22.31019],[114.24178,22.30991],[114.24188,22.30966],[114.24185,22.30922],[114.24141,22.30908],[114.24106,22.30911],[114.2405,22.3086],[114.23942,22.30889],[114.23921,22.30883],[114.23925,22.30864],[114.2388,22.30869],[114.23864,22.30851],[114.23868,22.30824],[114.23858,22.30809],[114.23865,22.30781],[114.23767,22.30737],[114.23763,22.30661],[114.23789,22.30601],[114.23779,22.30569],[114.2369,22.30503],[114.23602,22.30488],[114.23537,22.30441],[114.23151,22.30886],[114.22863,22.31075],[114.22785,22.3097],[114.22278,22.30579],[114.22237,22.30626],[114.22252,22.30637],[114.21823,22.31183],[114.21392,22.31589],[114.21529,22.31727],[114.2149,22.31812],[114.21473,22.31926],[114.21522,22.31931],[114.21522,22.31978],[114.21646,22.32224],[114.21645,22.32263],[114.21765,22.32291],[114.21793,22.3228],[114.21833,22.3224],[114.21882,22.32237],[114.21918,22.32266],[114.21932,22.32325],[114.21948,22.32353],[114.21981,22.32372],[114.22021,22.32373],[114.22068,22.32344],[114.22081,22.32315],[114.22089,22.32263],[114.22298,22.3227],[114.22441,22.32144],[114.22466,22.32192],[114.2249,22.32218],[114.22585,22.32264],[114.2257,22.323],[114.22571,22.32332],[114.22587,22.32361],[114.22612,22.3238],[114.22655,22.32391],[114.22773,22.3239],[114.22901,22.32405],[114.22965,22.32397],[114.22977,22.3239]]]}},{"type":"Feature","id":"OZP-S-K14N-15","properties":{"id":"OZP-S-K14N-15","micro_district":"观塘核心商圈及裕民坊","micro_district_en":"Statutory Scheme (S/K14N/15)","main_area":"九龙东（黄大仙/观塘）","color":"#4f46e5"},"geometry":{"type":"Polygon","coordinates":[[[114.22959,22.33013],[114.22963,22.33006],[114.23111,22.33098],[114.23198,22.33134],[114.23271,22.33132],[114.23366,22.33099],[114.23467,22.33038],[114.23642,22.329],[114.23907,22.32654],[114.24124,22.32495],[114.24235,22.32384],[114.24266,22.3232],[114.2429,22.32166],[114.24319,22.32137],[114.24342,22.32133],[114.24341,22.32104],[114.24316,22.32104],[114.24308,22.32075],[114.24312,22.32027],[114.24262,22.31923],[114.24239,22.31853],[114.24242,22.31822],[114.24225,22.3179],[114.24253,22.31751],[114.24035,22.31586],[114.23989,22.31521],[114.2395,22.31557],[114.2389,22.31583],[114.23846,22.31581],[114.23739,22.31549],[114.23701,22.31554],[114.23659,22.31576],[114.23615,22.31643],[114.23538,22.3179],[114.23483,22.31861],[114.23236,22.32088],[114.2301,22.32366],[114.22948,22.32402],[114.22889,22.32404],[114.22906,22.32534],[114.22893,22.3257],[114.22874,22.32584],[114.22661,22.32672],[114.22738,22.33035],[114.22735,22.3306],[114.22789,22.33075],[114.22763,22.33166],[114.22822,22.33222],[114.22844,22.33295],[114.22861,22.33267],[114.22915,22.33221],[114.22936,22.33192],[114.22939,22.33165],[114.22921,22.33049],[114.22954,22.33021],[114.22959,22.33013]]]}},{"type":"Feature","id":"OZP-S-K13-31","properties":{"id":"OZP-S-K13-31","micro_district":"牛头角及九龙湾南","micro_district_en":"Statutory Scheme (S/K13/31)","main_area":"九龙东（黄大仙/观塘）","color":"#4f46e5"},"geometry":{"type":"Polygon","coordinates":[[[114.20751,22.33274],[114.20771,22.33259],[114.20761,22.33289],[114.20764,22.33321],[114.2079,22.33366],[114.2081,22.33383],[114.21072,22.33441],[114.21123,22.33439],[114.21177,22.33419],[114.2122,22.33385],[114.21319,22.33265],[114.21356,22.33241],[114.21425,22.33228],[114.21835,22.33304],[114.21818,22.33382],[114.21877,22.33371],[114.22146,22.33389],[114.22387,22.33451],[114.22429,22.33445],[114.22444,22.33425],[114.22487,22.33409],[114.22687,22.33431],[114.22864,22.33434],[114.22866,22.33415],[114.22884,22.33386],[114.2286,22.33355],[114.2286,22.33333],[114.22845,22.33308],[114.22822,22.33222],[114.22763,22.33166],[114.22789,22.33075],[114.22735,22.3306],[114.22738,22.33035],[114.22661,22.32672],[114.22874,22.32584],[114.22893,22.3257],[114.22906,22.32534],[114.22889,22.32404],[114.22773,22.3239],[114.22655,22.32391],[114.22606,22.32377],[114.22582,22.32355],[114.2257,22.32327],[114.22571,22.32296],[114.22585,22.32264],[114.2249,22.32218],[114.22466,22.32192],[114.22441,22.32144],[114.22298,22.3227],[114.22089,22.32263],[114.22081,22.32315],[114.22068,22.32344],[114.22021,22.32373],[114.21981,22.32372],[114.21948,22.32353],[114.21932,22.32325],[114.21918,22.32266],[114.21882,22.32237],[114.21833,22.3224],[114.21793,22.3228],[114.21765,22.32291],[114.21645,22.32263],[114.21646,22.32224],[114.21522,22.31978],[114.21522,22.31931],[114.21473,22.31926],[114.2149,22.31812],[114.21529,22.31727],[114.21392,22.31589],[114.21302,22.31663],[114.21217,22.31705],[114.21028,22.31721],[114.20941,22.31745],[114.20845,22.31801],[114.20633,22.32043],[114.20494,22.32175],[114.20464,22.32239],[114.20438,22.3242],[114.20436,22.3251],[114.20473,22.32513],[114.20462,22.32634],[114.20523,22.32763],[114.20536,22.3282],[114.20514,22.3296],[114.2053,22.33359],[114.20507,22.33467],[114.20742,22.3328],[114.20751,22.33274]]]}},{"type":"Feature","id":"OZP-S-K12-17","properties":{"id":"OZP-S-K12-17","micro_district":"牛头角及九龙湾","micro_district_en":"Statutory Scheme (S/K12/17)","main_area":"九龙东（黄大仙/观塘）","color":"#4f46e5"},"geometry":{"type":"Polygon","coordinates":[[[114.22065,22.33384],[114.21877,22.33371],[114.21818,22.33382],[114.21835,22.33304],[114.21425,22.33228],[114.21356,22.33241],[114.21319,22.33265],[114.2122,22.33385],[114.21177,22.33419],[114.21123,22.33439],[114.21072,22.33441],[114.2081,22.33383],[114.2079,22.33366],[114.20764,22.33321],[114.20761,22.33289],[114.20771,22.33259],[114.20509,22.33465],[114.20422,22.33516],[114.20428,22.3353],[114.20387,22.33604],[114.20401,22.33628],[114.20397,22.33636],[114.20423,22.33646],[114.20436,22.33702],[114.20677,22.33918],[114.20823,22.34064],[114.20846,22.34104],[114.20741,22.34433],[114.20582,22.34598],[114.2066,22.34696],[114.20661,22.35002],[114.20679,22.34979],[114.20694,22.34976],[114.20726,22.34994],[114.20734,22.35018],[114.20744,22.35024],[114.20774,22.34998],[114.20788,22.34965],[114.20831,22.34955],[114.20864,22.3498],[114.20903,22.34982],[114.20902,22.34957],[114.20924,22.3493],[114.20945,22.34923],[114.20975,22.34896],[114.21007,22.34884],[114.21046,22.34893],[114.21087,22.34886],[114.21112,22.3491],[114.21146,22.34904],[114.21172,22.34927],[114.21202,22.34926],[114.21201,22.34898],[114.21251,22.34881],[114.21244,22.34864],[114.21254,22.34864],[114.21512,22.34869],[114.21535,22.34879],[114.21603,22.3487],[114.21649,22.34892],[114.21681,22.34919],[114.21712,22.34953],[114.21716,22.34981],[114.21763,22.3503],[114.21777,22.35034],[114.21793,22.35014],[114.21838,22.34993],[114.21854,22.3495],[114.21852,22.3493],[114.21838,22.34918],[114.21786,22.34905],[114.21769,22.34891],[114.2176,22.34839],[114.21709,22.34789],[114.21692,22.34683],[114.21559,22.34633],[114.21518,22.34576],[114.21517,22.34558],[114.21528,22.34539],[114.21547,22.34527],[114.21584,22.34523],[114.21603,22.34504],[114.21611,22.34475],[114.21597,22.34432],[114.21606,22.34394],[114.21603,22.34337],[114.21635,22.34294],[114.2164,22.34274],[114.2164,22.34196],[114.21555,22.34176],[114.21545,22.34158],[114.21552,22.34146],[114.21576,22.34139],[114.21588,22.34126],[114.21577,22.34062],[114.2161,22.33991],[114.21665,22.3392],[114.21679,22.33867],[114.21665,22.33822],[114.21676,22.33805],[114.21711,22.33779],[114.21726,22.33718],[114.21785,22.3368],[114.21834,22.33674],[114.21861,22.33657],[114.21892,22.33585],[114.21883,22.33514],[114.2186,22.33478],[114.22041,22.33477],[114.22057,22.33459],[114.22065,22.33389],[114.22065,22.33384]]]}},{"type":"Feature","id":"OZP-S-K11-30","properties":{"id":"OZP-S-K11-30","micro_district":"黄大仙及乐富","micro_district_en":"Statutory Scheme (S/K11/30)","main_area":"九龙东（黄大仙/观塘）","color":"#4f46e5"},"geometry":{"type":"Polygon","coordinates":[[[114.19988,22.35512],[114.20006,22.35473],[114.2002,22.35461],[114.20071,22.35469],[114.20123,22.35443],[114.20224,22.35469],[114.20264,22.35438],[114.20301,22.35434],[114.20341,22.35441],[114.20367,22.35435],[114.20441,22.35485],[114.20473,22.35497],[114.20625,22.35492],[114.20664,22.35468],[114.2066,22.34696],[114.20582,22.34598],[114.20741,22.34433],[114.20846,22.34104],[114.20823,22.34064],[114.20677,22.33918],[114.20436,22.33702],[114.20423,22.33646],[114.20397,22.33636],[114.20401,22.33628],[114.20387,22.33604],[114.20428,22.3353],[114.20422,22.33516],[114.20323,22.33537],[114.2025,22.3353],[114.19847,22.33379],[114.19776,22.3333],[114.19742,22.33293],[114.19701,22.3323],[114.19669,22.33204],[114.19433,22.33444],[114.19414,22.33495],[114.19422,22.33554],[114.19449,22.33614],[114.19633,22.33858],[114.19593,22.33907],[114.19585,22.34014],[114.1955,22.34171],[114.19124,22.34168],[114.19065,22.3418],[114.18994,22.34211],[114.19035,22.3425],[114.19064,22.34251],[114.19044,22.34296],[114.19057,22.34292],[114.19042,22.34305],[114.18995,22.34331],[114.18948,22.34336],[114.18948,22.34992],[114.19006,22.34993],[114.19055,22.34974],[114.19099,22.34974],[114.19143,22.34965],[114.19155,22.34971],[114.19139,22.35015],[114.19176,22.35075],[114.19145,22.35124],[114.1916,22.35165],[114.19129,22.35211],[114.19124,22.35262],[114.19102,22.35305],[114.19142,22.35302],[114.19178,22.35285],[114.19253,22.35267],[114.19282,22.35271],[114.19295,22.35284],[114.19294,22.35374],[114.19298,22.35381],[114.19312,22.3538],[114.1938,22.35361],[114.19411,22.35339],[114.19459,22.35339],[114.19511,22.35303],[114.19587,22.35297],[114.19628,22.35285],[114.19649,22.35257],[114.19662,22.35251],[114.19695,22.35252],[114.19728,22.35311],[114.19741,22.35411],[114.19809,22.35391],[114.19819,22.35402],[114.19819,22.35443],[114.1986,22.35471],[114.19899,22.35522],[114.19915,22.35528],[114.19933,22.35505],[114.19945,22.35506],[114.19933,22.35529],[114.19891,22.35556],[114.19955,22.35542],[114.19987,22.35512],[114.19988,22.35512]]]}},{"type":"Feature","id":"OZP-S-K7-24","properties":{"id":"OZP-S-K7-24","micro_district":"何文田及加多利山","micro_district_en":"Ho Man Tin & Kadoorie Hill","main_area":"九龙中（九龙城/何文田）","color":"#0d9488"},"geometry":{"type":"Polygon","coordinates":[[[114.18554,22.32014],[114.18559,22.3201],[114.18513,22.31949],[114.18495,22.31937],[114.18468,22.31933],[114.18484,22.31904],[114.18514,22.3191],[114.18514,22.31841],[114.18588,22.31841],[114.1856,22.31824],[114.18546,22.31799],[114.18541,22.3154],[114.18502,22.31538],[114.18478,22.31433],[114.18524,22.31324],[114.18544,22.31305],[114.18529,22.31281],[114.18526,22.31266],[114.18533,22.31262],[114.18451,22.31134],[114.18393,22.31077],[114.18474,22.30997],[114.18357,22.30896],[114.18229,22.30819],[114.18139,22.30752],[114.18123,22.30776],[114.18075,22.30815],[114.1808,22.30826],[114.18069,22.3085],[114.18004,22.30935],[114.17936,22.31004],[114.1794,22.31018],[114.17916,22.30998],[114.1789,22.31029],[114.17874,22.31029],[114.17841,22.31058],[114.17809,22.31044],[114.17655,22.31255],[114.17621,22.31297],[114.17612,22.31292],[114.17568,22.31366],[114.17538,22.3143],[114.17551,22.31431],[114.17548,22.31452],[114.17534,22.31483],[114.1751,22.31505],[114.17514,22.31517],[114.1744,22.31682],[114.17432,22.31705],[114.17437,22.31713],[114.17311,22.32014],[114.17303,22.32012],[114.17287,22.32208],[114.1731,22.32344],[114.17346,22.32402],[114.17373,22.32481],[114.1747,22.32658],[114.17507,22.32678],[114.17589,22.32687],[114.18639,22.32732],[114.18639,22.32713],[114.18524,22.32694],[114.18564,22.32495],[114.18372,22.32407],[114.18461,22.32245],[114.18512,22.32103],[114.18553,22.32015],[114.18554,22.32014]]]}},{"type":"Feature","id":"OZP-S-K5-38","properties":{"id":"OZP-S-K5-38","micro_district":"长沙湾及四小龙","micro_district_en":"Statutory Scheme (S/K5/38)","main_area":"九龙西北（深水埗区）","color":"#0d9488"},"geometry":{"type":"Polygon","coordinates":[[[114.16163,22.34746],[114.16157,22.34172],[114.16147,22.34146],[114.16162,22.34116],[114.16157,22.34057],[114.16259,22.33986],[114.16304,22.33924],[114.16314,22.33885],[114.16299,22.33829],[114.1621,22.33732],[114.16202,22.337],[114.16205,22.33655],[114.16324,22.33359],[114.16354,22.33308],[114.16363,22.33298],[114.16393,22.3333],[114.16698,22.33094],[114.16717,22.33062],[114.16716,22.33043],[114.16737,22.3301],[114.16743,22.3296],[114.16712,22.32949],[114.16703,22.32936],[114.16723,22.32897],[114.16742,22.32937],[114.16828,22.32897],[114.16791,22.32841],[114.16792,22.32823],[114.1677,22.32824],[114.16854,22.32653],[114.16039,22.32618],[114.16148,22.32536],[114.16185,22.3249],[114.15771,22.32484],[114.156,22.32615],[114.15777,22.32812],[114.15107,22.33339],[114.15073,22.33385],[114.15024,22.33514],[114.14975,22.3356],[114.14932,22.33575],[114.14876,22.33572],[114.14643,22.33492],[114.146,22.33496],[114.14558,22.33517],[114.14493,22.33592],[114.14495,22.3362],[114.14506,22.33623],[114.1449,22.33687],[114.14452,22.33797],[114.14411,22.33883],[114.14301,22.34011],[114.14265,22.34027],[114.14206,22.34035],[114.14279,22.34107],[114.14341,22.34119],[114.14393,22.34105],[114.14478,22.34016],[114.14539,22.3399],[114.14684,22.33997],[114.14964,22.34077],[114.14843,22.34082],[114.14704,22.34144],[114.14694,22.34168],[114.14705,22.34208],[114.14676,22.34261],[114.14689,22.34292],[114.1469,22.34338],[114.14672,22.34368],[114.14691,22.34405],[114.14683,22.34419],[114.14694,22.34438],[114.1471,22.34442],[114.14713,22.34457],[114.14731,22.34463],[114.14818,22.34526],[114.14863,22.34525],[114.14863,22.34485],[114.14888,22.34477],[114.14951,22.34489],[114.14977,22.34505],[114.14994,22.34497],[114.1503,22.34496],[114.15058,22.34533],[114.15064,22.34537],[114.15078,22.34526],[114.15111,22.34554],[114.15119,22.34574],[114.15107,22.34671],[114.1512,22.34717],[114.15238,22.34629],[114.1527,22.34618],[114.15347,22.34631],[114.1548,22.34679],[114.15568,22.34659],[114.15597,22.34665],[114.15623,22.34624],[114.15639,22.34612],[114.15712,22.34648],[114.15729,22.34615],[114.1577,22.34594],[114.15813,22.3455],[114.1586,22.34533],[114.1589,22.34548],[114.15922,22.34592],[114.15956,22.34598],[114.15975,22.34658],[114.15972,22.34683],[114.16026,22.34738],[114.16049,22.34732],[114.16074,22.34698],[114.16095,22.34696],[114.16111,22.34707],[114.16122,22.34743],[114.16164,22.34753],[114.16163,22.34746]]]}},{"type":"Feature","id":"OZP-S-ST-KYS-11","properties":{"id":"OZP-S-ST-KYS-11","micro_district":"法定规划区 (S/ST-KYS/11)","micro_district_en":"Statutory Scheme (S/ST-KYS/11)","main_area":"新界其他","color":"#3b82f6"},"geometry":{"type":"MultiPolygon","coordinates":[[[[114.21038,22.3615],[114.21045,22.36114],[114.21033,22.36082],[114.21038,22.36055],[114.21026,22.36028],[114.21031,22.36015],[114.21075,22.36019],[114.21102,22.36038],[114.21121,22.36042],[114.21189,22.3599],[114.21263,22.35977],[114.21278,22.35954],[114.21278,22.35925],[114.2118,22.35837],[114.21172,22.35787],[114.21146,22.35744],[114.21125,22.35736],[114.21058,22.35738],[114.21048,22.35708],[114.21015,22.35703],[114.20977,22.35628],[114.20901,22.35605],[114.20889,22.35579],[114.20806,22.35511],[114.20729,22.35497],[114.20681,22.35462],[114.20665,22.35465],[114.20625,22.35492],[114.20494,22.35497],[114.20494,22.35549],[114.20479,22.35583],[114.20668,22.35642],[114.20648,22.3568],[114.20673,22.35697],[114.20672,22.35704],[114.20648,22.35711],[114.20621,22.35689],[114.20612,22.35695],[114.2063,22.35734],[114.20663,22.35747],[114.20663,22.35784],[114.20691,22.35783],[114.20663,22.3581],[114.20316,22.35746],[114.20289,22.35714],[114.20249,22.3576],[114.20223,22.35839],[114.20188,22.35853],[114.20202,22.35891],[114.20194,22.35902],[114.2017,22.35919],[114.20146,22.35889],[114.20117,22.35903],[114.20119,22.35916],[114.20077,22.35923],[114.20044,22.35995],[114.20101,22.35967],[114.20153,22.35982],[114.20218,22.35956],[114.20227,22.35967],[114.20217,22.35975],[114.20234,22.35983],[114.20242,22.3601],[114.20264,22.36009],[114.20265,22.35973],[114.20303,22.3599],[114.20334,22.35989],[114.20417,22.35974],[114.20454,22.35956],[114.206,22.35995],[114.20622,22.36043],[114.20683,22.36043],[114.20724,22.36058],[114.20763,22.36051],[114.20802,22.36055],[114.20851,22.36091],[114.20853,22.36132],[114.20908,22.36167],[114.20908,22.36148],[114.20937,22.36162],[114.20961,22.3621],[114.21013,22.3621],[114.21043,22.36164],[114.21039,22.36153],[114.21038,22.3615]]],[[[114.22186,22.37207],[114.22258,22.37199],[114.22306,22.37181],[114.22331,22.37157],[114.22344,22.37118],[114.22328,22.36888],[114.22314,22.36879],[114.22246,22.36889],[114.22231,22.36872],[114.22205,22.36867],[114.2219,22.3683],[114.22192,22.36795],[114.22182,22.36755],[114.22193,22.36733],[114.22218,22.36737],[114.22236,22.36731],[114.22254,22.36697],[114.22245,22.36647],[114.22263,22.36614],[114.222,22.36589],[114.22287,22.36538],[114.22311,22.36507],[114.22244,22.36509],[114.22213,22.36468],[114.22175,22.36461],[114.22216,22.36436],[114.22222,22.36425],[114.2222,22.36355],[114.22192,22.36316],[114.22208,22.36284],[114.22209,22.36264],[114.22194,22.36227],[114.22205,22.36143],[114.22213,22.3614],[114.22193,22.36067],[114.22223,22.36104],[114.22235,22.36098],[114.22227,22.36075],[114.22248,22.36074],[114.22254,22.36046],[114.22268,22.3604],[114.22274,22.36017],[114.22224,22.36019],[114.22225,22.36001],[114.22256,22.3598],[114.22208,22.35914],[114.22172,22.35915],[114.22172,22.35906],[114.22148,22.35906],[114.22148,22.35938],[114.222,22.35937],[114.22161,22.36057],[114.22168,22.36099],[114.22163,22.36118],[114.2215,22.3613],[114.22127,22.36134],[114.22082,22.36119],[114.2206,22.36119],[114.22009,22.36151],[114.22003,22.36204],[114.21988,22.3623],[114.21967,22.36241],[114.21968,22.36295],[114.21921,22.36315],[114.21918,22.36336],[114.21894,22.36368],[114.21893,22.36394],[114.21864,22.36429],[114.21857,22.36458],[114.21816,22.36515],[114.21761,22.36523],[114.21748,22.36536],[114.21752,22.36606],[114.21766,22.36644],[114.21795,22.36675],[114.21816,22.36677],[114.21833,22.36687],[114.21833,22.36715],[114.21811,22.36753],[114.21772,22.36781],[114.21753,22.36818],[114.2176,22.36837],[114.21725,22.36846],[114.21711,22.36894],[114.2173,22.36877],[114.21762,22.36918],[114.21806,22.36911],[114.21839,22.36776],[114.21866,22.36787],[114.21898,22.36782],[114.21923,22.36813],[114.21943,22.36871],[114.2196,22.36879],[114.21961,22.36848],[114.21982,22.36848],[114.21981,22.3673],[114.21949,22.36721],[114.21946,22.36624],[114.21991,22.36589],[114.22005,22.3659],[114.22048,22.36626],[114.22064,22.36667],[114.22049,22.3669],[114.22019,22.36698],[114.22019,22.36713],[114.22097,22.36694],[114.22109,22.36699],[114.22107,22.36782],[114.22123,22.36848],[114.2212,22.36888],[114.2209,22.36918],[114.22096,22.3697],[114.22084,22.37026],[114.22162,22.37204],[114.22185,22.37207],[114.22186,22.37207]]],[[[114.21356,22.36645],[114.21372,22.36645],[114.21386,22.36631],[114.21407,22.36627],[114.21431,22.36603],[114.21454,22.36598],[114.21488,22.36624],[114.21517,22.36624],[114.21498,22.36643],[114.21534,22.36648],[114.21503,22.36661],[114.21502,22.36671],[114.21513,22.36679],[114.21601,22.36693],[114.21646,22.36678],[114.21669,22.36632],[114.21676,22.36591],[114.21656,22.36529],[114.21664,22.36472],[114.21648,22.36446],[114.21725,22.36409],[114.21577,22.36368],[114.21584,22.36338],[114.21608,22.363],[114.21595,22.36287],[114.21568,22.36282],[114.21423,22.36275],[114.21409,22.36285],[114.21367,22.36288],[114.21337,22.36308],[114.21319,22.3635],[114.21291,22.36359],[114.21276,22.36345],[114.21247,22.36368],[114.21258,22.36381],[114.21168,22.3641],[114.21117,22.36387],[114.2109,22.36356],[114.21064,22.36354],[114.21016,22.36335],[114.20974,22.36334],[114.20936,22.36351],[114.20917,22.3637],[114.20906,22.36432],[114.20883,22.36492],[114.20888,22.36497],[114.20851,22.36537],[114.20984,22.36599],[114.21049,22.36592],[114.21092,22.36599],[114.21176,22.36555],[114.21183,22.36611],[114.21202,22.36649],[114.21233,22.36677],[114.21238,22.36645],[114.21279,22.36673],[114.21284,22.36697],[114.21303,22.36722],[114.21343,22.36651],[114.21355,22.36646],[114.21356,22.36645]]],[[[114.22509,22.38273],[114.22561,22.38216],[114.22543,22.38177],[114.22436,22.38137],[114.22335,22.37968],[114.22317,22.38002],[114.22315,22.38028],[114.22298,22.38038],[114.22264,22.37996],[114.2216,22.38027],[114.2214,22.38004],[114.22171,22.37978],[114.22154,22.379],[114.2214,22.379],[114.22079,22.37937],[114.22034,22.37947],[114.22015,22.37961],[114.2201,22.37952],[114.21984,22.3796],[114.21981,22.3801],[114.22124,22.38151],[114.22128,22.38168],[114.22109,22.38204],[114.22141,22.38239],[114.22219,22.38242],[114.22272,22.38255],[114.22308,22.38246],[114.22331,22.38266],[114.22379,22.38265],[114.22445,22.38287],[114.22481,22.38318],[114.2249,22.38294],[114.22508,22.38273],[114.22509,22.38273]]],[[[114.19886,22.35685],[114.19864,22.35679],[114.19831,22.35656],[114.19777,22.35685],[114.19754,22.35673],[114.19727,22.35688],[114.19741,22.35712],[114.19734,22.3577],[114.19752,22.35779],[114.19759,22.35793],[114.19746,22.35809],[114.19745,22.35849],[114.19772,22.35864],[114.19825,22.35839],[114.19833,22.35808],[114.19871,22.35787],[114.199,22.35737],[114.19911,22.35697],[114.19892,22.35686],[114.19886,22.35685]]],[[[114.19703,22.3595],[114.19695,22.35918],[114.19677,22.35902],[114.19552,22.359],[114.19591,22.35947],[114.19618,22.35953],[114.1967,22.35993],[114.1968,22.3599],[114.19684,22.35972],[114.19701,22.35956],[114.19703,22.3595]]]]}},{"type":"Feature","id":"OZP-S-K4-30","properties":{"id":"OZP-S-K4-30","micro_district":"石硖尾及又一村","micro_district_en":"Statutory Scheme (S/K4/30)","main_area":"九龙西北（深水埗区）","color":"#0d9488"},"geometry":{"type":"Polygon","coordinates":[[[114.16376,22.34846],[114.1639,22.34848],[114.16397,22.34811],[114.16407,22.34797],[114.1645,22.34789],[114.16454,22.3477],[114.16474,22.3475],[114.16508,22.34747],[114.16518,22.34725],[114.16546,22.34719],[114.16535,22.34678],[114.16535,22.34642],[114.16541,22.34632],[114.16532,22.34624],[114.16565,22.34626],[114.16573,22.34589],[114.16583,22.34594],[114.16618,22.34547],[114.16654,22.34554],[114.16661,22.3461],[114.16688,22.34613],[114.16698,22.34624],[114.1675,22.34594],[114.16835,22.34577],[114.16854,22.34586],[114.16867,22.34578],[114.16904,22.34588],[114.16942,22.34583],[114.16959,22.34591],[114.16956,22.34608],[114.16965,22.34618],[114.1702,22.34607],[114.17041,22.34592],[114.17151,22.34657],[114.17161,22.34647],[114.17222,22.3463],[114.17243,22.34633],[114.17261,22.34625],[114.17268,22.3464],[114.17367,22.3448],[114.17361,22.34441],[114.17397,22.34433],[114.17403,22.34425],[114.17399,22.34406],[114.17317,22.34293],[114.17346,22.34123],[114.1731,22.34087],[114.17307,22.3406],[114.1732,22.34041],[114.17346,22.34033],[114.17434,22.34073],[114.1746,22.34069],[114.17482,22.34051],[114.17485,22.33973],[114.17529,22.33845],[114.17582,22.33738],[114.17638,22.33728],[114.17621,22.33674],[114.1768,22.33472],[114.17694,22.3337],[114.17687,22.33211],[114.17646,22.33037],[114.17598,22.32922],[114.1746,22.32658],[114.17412,22.32677],[114.16854,22.32653],[114.1677,22.32824],[114.16792,22.32823],[114.16791,22.32841],[114.16828,22.32897],[114.16742,22.32937],[114.16723,22.32897],[114.16703,22.32936],[114.16712,22.32949],[114.16743,22.3296],[114.16737,22.3301],[114.16716,22.33043],[114.16717,22.33062],[114.16698,22.33094],[114.16393,22.3333],[114.16363,22.33298],[114.1633,22.33345],[114.16202,22.33671],[114.16202,22.33707],[114.16214,22.33738],[114.16299,22.33829],[114.16314,22.33885],[114.16304,22.33924],[114.16259,22.33986],[114.16157,22.34057],[114.16162,22.34116],[114.16147,22.34146],[114.16157,22.34172],[114.16164,22.34754],[114.16177,22.34765],[114.16196,22.34767],[114.16221,22.34791],[114.16282,22.34812],[114.16295,22.34837],[114.16327,22.34838],[114.16357,22.34857],[114.16375,22.34846],[114.16376,22.34846]]]}},{"type":"Feature","id":"OZP-S-K3-35","properties":{"id":"OZP-S-K3-35","micro_district":"旺角及太子","micro_district_en":"Statutory Scheme (S/K3/35)","main_area":"九龙西（油尖旺）","color":"#dc2626"},"geometry":{"type":"Polygon","coordinates":[[[114.17453,22.32662],[114.1747,22.32658],[114.17373,22.32481],[114.17346,22.32402],[114.1731,22.32344],[114.17287,22.32208],[114.17303,22.32012],[114.17311,22.32014],[114.17437,22.31713],[114.17353,22.31595],[114.16683,22.31476],[114.16613,22.31876],[114.16324,22.31865],[114.16126,22.31794],[114.16119,22.31811],[114.16125,22.31917],[114.16118,22.31931],[114.16103,22.31944],[114.15996,22.31944],[114.15995,22.32418],[114.15906,22.32418],[114.15906,22.32486],[114.16185,22.3249],[114.16148,22.32536],[114.16039,22.32618],[114.17412,22.32677],[114.17439,22.32669],[114.17453,22.32662]]]}},{"type":"Feature","id":"OZP-S-K2-23","properties":{"id":"OZP-S-K2-23","micro_district":"油麻地及佐敦","micro_district_en":"Statutory Scheme (S/K2/23)","main_area":"九龙西（油尖旺）","color":"#dc2626"},"geometry":{"type":"Polygon","coordinates":[[[114.17446,22.31669],[114.17514,22.31517],[114.1751,22.31505],[114.17534,22.31483],[114.17548,22.31452],[114.17551,22.31431],[114.17538,22.3143],[114.17612,22.31292],[114.17621,22.31297],[114.17655,22.31255],[114.17809,22.31044],[114.17841,22.31058],[114.17874,22.31029],[114.1789,22.31029],[114.17916,22.30998],[114.1794,22.31018],[114.17936,22.31004],[114.18004,22.30935],[114.18069,22.3085],[114.1808,22.30826],[114.18075,22.30815],[114.18123,22.30776],[114.18139,22.30752],[114.17996,22.30605],[114.17936,22.30576],[114.17871,22.30575],[114.17513,22.3068],[114.17449,22.30686],[114.17367,22.30662],[114.1722,22.30557],[114.17153,22.30531],[114.17096,22.30522],[114.17016,22.30527],[114.167,22.30596],[114.1672,22.30671],[114.16534,22.30715],[114.1656,22.30839],[114.16752,22.30796],[114.16775,22.30883],[114.16683,22.31476],[114.17353,22.31595],[114.17432,22.31705],[114.17443,22.31676],[114.17446,22.31669]]]}},{"type":"Feature","id":"OZP-S-K1-28","properties":{"id":"OZP-S-K1-28","micro_district":"尖沙咀核心及尖东","micro_district_en":"Statutory Scheme (S/K1/28)","main_area":"九龙西（油尖旺）","color":"#dc2626"},"geometry":{"type":"Polygon","coordinates":[[[114.18225,22.30573],[114.18249,22.30496],[114.18337,22.30436],[114.18301,22.30387],[114.18304,22.29768],[114.18223,22.29725],[114.18199,22.29764],[114.18258,22.29795],[114.18257,22.29941],[114.18191,22.29924],[114.18087,22.29914],[114.18088,22.29896],[114.18061,22.29892],[114.18058,22.29906],[114.17707,22.29615],[114.17657,22.29555],[114.17606,22.29437],[114.17477,22.29301],[114.17328,22.2929],[114.17278,22.29325],[114.16957,22.29292],[114.16935,22.2935],[114.16916,22.29355],[114.16887,22.29338],[114.16845,22.29295],[114.1684,22.29305],[114.16877,22.29355],[114.16844,22.29392],[114.16802,22.29347],[114.16789,22.29352],[114.1683,22.29409],[114.16851,22.29425],[114.16836,22.29493],[114.16474,22.29422],[114.16459,22.29489],[114.1682,22.29561],[114.16783,22.29727],[114.16609,22.29694],[114.16606,22.29707],[114.16748,22.29735],[114.16743,22.29755],[114.16775,22.29762],[114.16763,22.29816],[114.16555,22.29775],[114.1655,22.29798],[114.16757,22.29839],[114.16739,22.2992],[114.16478,22.29868],[114.16473,22.2989],[114.16688,22.29934],[114.16686,22.29954],[114.16708,22.29959],[114.16705,22.29973],[114.16667,22.29965],[114.16665,22.29971],[114.16703,22.29979],[114.16701,22.29989],[114.1671,22.29991],[114.16709,22.30004],[114.16679,22.30002],[114.16678,22.30012],[114.16707,22.30015],[114.16705,22.30037],[114.16675,22.30035],[114.16674,22.30044],[114.16707,22.30047],[114.16702,22.30101],[114.1681,22.30114],[114.16795,22.30201],[114.16807,22.30306],[114.1677,22.30443],[114.1671,22.30543],[114.167,22.30596],[114.17016,22.30527],[114.17115,22.30524],[114.1722,22.30557],[114.17378,22.30668],[114.17421,22.30682],[114.17464,22.30687],[114.17513,22.3068],[114.17865,22.30577],[114.17919,22.30573],[114.1796,22.30583],[114.17995,22.30604],[114.18139,22.30752],[114.18196,22.30673],[114.18224,22.30576],[114.18225,22.30573]],[[114.17328,22.29378],[114.17286,22.29334],[114.17326,22.29303],[114.17466,22.29311],[114.17464,22.29329],[114.17342,22.2932],[114.17337,22.29378],[114.17329,22.29378],[114.17328,22.29378]],[[114.17471,22.29329],[114.17473,22.29312],[114.17534,22.29376],[114.17468,22.29371],[114.17471,22.29329]]]}},{"type":"Feature","id":"OZP-S-K10-28","properties":{"id":"OZP-S-K10-28","micro_district":"马头角及土瓜湾","micro_district_en":"Statutory Scheme (S/K10/28)","main_area":"九龙中（九龙城/何文田）","color":"#d97706"},"geometry":{"type":"Polygon","coordinates":[[[114.19139,22.33257],[114.19173,22.33193],[114.19251,22.33131],[114.19203,22.33081],[114.19149,22.33051],[114.19332,22.33044],[114.19329,22.32957],[114.19198,22.32835],[114.1914,22.32793],[114.19078,22.32764],[114.19105,22.32721],[114.19061,22.32674],[114.19023,22.32604],[114.18965,22.32482],[114.18968,22.32452],[114.18999,22.32413],[114.19042,22.32385],[114.19454,22.3221],[114.19368,22.32036],[114.19212,22.31873],[114.19338,22.3177],[114.19053,22.31486],[114.19012,22.31408],[114.18828,22.31486],[114.18766,22.31426],[114.18744,22.31433],[114.18701,22.31337],[114.18647,22.31256],[114.18596,22.31284],[114.18592,22.31278],[114.18529,22.31317],[114.18478,22.31433],[114.18502,22.31538],[114.18541,22.3154],[114.18546,22.31799],[114.1856,22.31824],[114.18588,22.31841],[114.18514,22.31841],[114.18514,22.3191],[114.18486,22.31902],[114.18468,22.31927],[114.18468,22.31933],[114.18509,22.31946],[114.18559,22.3201],[114.18541,22.32032],[114.18459,22.3225],[114.18372,22.32407],[114.18564,22.32495],[114.18524,22.32694],[114.18639,22.32713],[114.18659,22.33178],[114.18711,22.33177],[114.18716,22.33248],[114.18859,22.33234],[114.18905,22.3324],[114.18988,22.33268],[114.19074,22.33339],[114.19106,22.33316],[114.19128,22.3328],[114.19139,22.33257]]]}},{"type":"Feature","id":"OZP-S-K9-28","properties":{"id":"OZP-S-K9-28","micro_district":"红磡及黄埔","micro_district_en":"Statutory Scheme (S/K9/28)","main_area":"九龙中（九龙城/何文田）","color":"#d97706"},"geometry":{"type":"Polygon","coordinates":[[[114.18883,22.31463],[114.19012,22.31408],[114.19032,22.31447],[114.19162,22.31437],[114.192,22.31449],[114.19182,22.31052],[114.19226,22.3105],[114.19224,22.31017],[114.1918,22.31019],[114.19179,22.30992],[114.19386,22.30835],[114.19343,22.30636],[114.19377,22.30629],[114.19369,22.30591],[114.19346,22.30596],[114.1935,22.30616],[114.19339,22.30618],[114.1928,22.30378],[114.19311,22.30278],[114.19168,22.30182],[114.19145,22.30179],[114.19107,22.30196],[114.19085,22.30147],[114.19048,22.30132],[114.19056,22.30116],[114.19006,22.30095],[114.18995,22.3011],[114.18928,22.30082],[114.18952,22.30016],[114.18931,22.3001],[114.18898,22.30069],[114.18421,22.29871],[114.18381,22.29953],[114.18303,22.29954],[114.18301,22.30387],[114.18337,22.30436],[114.18247,22.30499],[114.18201,22.30663],[114.18139,22.30752],[114.18229,22.30819],[114.18357,22.30896],[114.18474,22.30997],[114.18393,22.31077],[114.18451,22.31134],[114.18533,22.31262],[114.18526,22.31266],[114.18529,22.31281],[114.18544,22.31305],[114.18647,22.31256],[114.18701,22.31337],[114.18744,22.31433],[114.18766,22.31426],[114.18828,22.31486],[114.18883,22.31463]]]}},{"type":"Feature","id":"OZP-S-K8-24","properties":{"id":"OZP-S-K8-24","micro_district":"慈云山、钻石山及新蒲岗","micro_district_en":"Statutory Scheme (S/K8/24)","main_area":"九龙东（黄大仙/观塘）","color":"#4f46e5"},"geometry":{"type":"Polygon","coordinates":[[[114.18628,22.35023],[114.18695,22.35026],[114.1879,22.34999],[114.18876,22.35027],[114.18948,22.34994],[114.18948,22.34336],[114.18995,22.34331],[114.19042,22.34305],[114.19057,22.34292],[114.19044,22.34296],[114.19064,22.34251],[114.19035,22.3425],[114.18994,22.34211],[114.19065,22.3418],[114.19124,22.34168],[114.1955,22.34171],[114.19585,22.34014],[114.19593,22.33907],[114.19633,22.33858],[114.19449,22.33614],[114.19422,22.33554],[114.19414,22.33495],[114.19433,22.33444],[114.19627,22.33246],[114.19329,22.32957],[114.19332,22.33044],[114.19149,22.33051],[114.19203,22.33081],[114.19251,22.33131],[114.19172,22.33195],[114.19113,22.33308],[114.19074,22.33339],[114.18988,22.33268],[114.18905,22.3324],[114.18859,22.33234],[114.18716,22.33248],[114.18738,22.33355],[114.18745,22.33472],[114.18671,22.33476],[114.18665,22.33508],[114.18652,22.33519],[114.18653,22.33537],[114.18628,22.33554],[114.18633,22.33593],[114.18587,22.33598],[114.18609,22.33632],[114.18602,22.33708],[114.18614,22.3373],[114.18613,22.3377],[114.18625,22.33773],[114.1861,22.33785],[114.1861,22.33796],[114.18441,22.33938],[114.1839,22.3396],[114.1833,22.33957],[114.18265,22.34003],[114.18295,22.34036],[114.18371,22.34172],[114.18393,22.34233],[114.1841,22.34323],[114.18257,22.34411],[114.18169,22.34413],[114.18146,22.34532],[114.18146,22.34642],[114.17933,22.3491],[114.18031,22.34889],[114.18066,22.34925],[114.18126,22.34924],[114.18154,22.34937],[114.18164,22.34958],[114.18193,22.34967],[114.18222,22.34992],[114.18322,22.35018],[114.18434,22.35009],[114.18484,22.34968],[114.18501,22.34991],[114.18497,22.35014],[114.18506,22.35025],[114.18622,22.35024],[114.18628,22.35023]]]}},{"type":"Feature","id":"OZP-S-ST-MP-2","properties":{"id":"OZP-S-ST-MP-2","micro_district":"法定规划区 (S/ST-MP/2)","micro_district_en":"Statutory Scheme (S/ST-MP/2)","main_area":"新界其他","color":"#3b82f6"},"geometry":{"type":"Polygon","coordinates":[[[114.24329,22.38717],[114.24347,22.3873],[114.24363,22.38732],[114.24388,22.38707],[114.2442,22.3871],[114.24476,22.3875],[114.24486,22.38743],[114.24505,22.38713],[114.24515,22.38639],[114.24529,22.38617],[114.24515,22.38553],[114.24554,22.38534],[114.24571,22.38471],[114.24601,22.38443],[114.24604,22.38394],[114.24616,22.38375],[114.24614,22.3835],[114.24596,22.38338],[114.24614,22.38324],[114.24572,22.38333],[114.24505,22.38325],[114.24477,22.3834],[114.24434,22.38333],[114.24393,22.38347],[114.24371,22.38346],[114.24333,22.38338],[114.24318,22.38315],[114.24292,22.38302],[114.24225,22.383],[114.24183,22.38287],[114.24146,22.38256],[114.2414,22.38226],[114.24153,22.3799],[114.24122,22.37992],[114.24104,22.38003],[114.2407,22.3797],[114.24066,22.37829],[114.23958,22.37796],[114.23789,22.37783],[114.23723,22.37833],[114.23725,22.37865],[114.23742,22.37888],[114.23708,22.37916],[114.23701,22.37937],[114.2372,22.37956],[114.23803,22.37984],[114.23808,22.3815],[114.23835,22.38159],[114.2384,22.38153],[114.23819,22.38219],[114.23827,22.38267],[114.23917,22.38294],[114.23969,22.38328],[114.23976,22.38462],[114.23986,22.3848],[114.24013,22.38496],[114.24028,22.38541],[114.2401,22.38571],[114.24016,22.38676],[114.24037,22.38679],[114.24053,22.38698],[114.2409,22.38709],[114.24139,22.38751],[114.24207,22.38757],[114.2426,22.3873],[114.24328,22.38717],[114.24329,22.38717]]]}},{"type":"Feature","id":"OZP-S-SK-TLW-5","properties":{"id":"OZP-S-SK-TLW-5","micro_district":"法定规划区 (S/SK-TLW/5)","micro_district_en":"Statutory Scheme (S/SK-TLW/5)","main_area":"新界其他","color":"#3b82f6"},"geometry":{"type":"Polygon","coordinates":[[[114.3729,22.41817],[114.37311,22.41776],[114.37348,22.41736],[114.37385,22.41716],[114.3742,22.41711],[114.37434,22.41702],[114.3744,22.41652],[114.37447,22.41641],[114.37551,22.41611],[114.37619,22.4162],[114.37679,22.41649],[114.37697,22.41688],[114.37682,22.41756],[114.37711,22.41762],[114.37741,22.41725],[114.37757,22.41722],[114.37756,22.41782],[114.3777,22.41785],[114.37817,22.41748],[114.37856,22.41654],[114.37907,22.41614],[114.37914,22.41596],[114.37869,22.41476],[114.37819,22.41407],[114.37752,22.41342],[114.37762,22.41303],[114.37754,22.41283],[114.37734,22.41274],[114.3771,22.41277],[114.37656,22.41317],[114.37641,22.41313],[114.37622,22.41292],[114.37621,22.41247],[114.3764,22.41222],[114.37676,22.41203],[114.3769,22.41185],[114.37706,22.41152],[114.37695,22.41134],[114.37642,22.41127],[114.37608,22.41095],[114.37547,22.41084],[114.37482,22.41121],[114.37435,22.41159],[114.37418,22.41193],[114.37383,22.41221],[114.37353,22.4122],[114.37313,22.41198],[114.37297,22.41204],[114.37278,22.41228],[114.37269,22.41299],[114.37247,22.41324],[114.37202,22.4134],[114.37195,22.41384],[114.37161,22.41407],[114.37095,22.41432],[114.36987,22.41539],[114.36975,22.41581],[114.36998,22.41614],[114.37075,22.4165],[114.37131,22.41643],[114.3715,22.41648],[114.37148,22.41688],[114.37103,22.4184],[114.37093,22.41947],[114.37101,22.42003],[114.37122,22.42061],[114.37121,22.42097],[114.37137,22.42141],[114.37152,22.42156],[114.37186,22.42146],[114.37218,22.42088],[114.37234,22.42077],[114.37283,22.42081],[114.37394,22.42116],[114.37407,22.42114],[114.37421,22.42096],[114.37425,22.42078],[114.37419,22.4206],[114.37397,22.42042],[114.37373,22.41994],[114.37337,22.41964],[114.37337,22.41949],[114.37291,22.41886],[114.37283,22.41857],[114.37289,22.41819],[114.3729,22.41817]]]}},{"type":"Feature","id":"OZP-S-SK-SKT-6","properties":{"id":"OZP-S-SK-SKT-6","micro_district":"法定规划区 (S/SK-SKT/6)","micro_district_en":"Statutory Scheme (S/SK-SKT/6)","main_area":"新界其他","color":"#3b82f6"},"geometry":{"type":"Polygon","coordinates":[[[114.27638,22.39025],[114.27664,22.39018],[114.27643,22.38981],[114.27663,22.38971],[114.27642,22.38979],[114.27615,22.38919],[114.27608,22.38808],[114.27592,22.38749],[114.27603,22.38681],[114.2761,22.38643],[114.27634,22.38648],[114.27611,22.3864],[114.27648,22.38547],[114.27683,22.38493],[114.27745,22.38428],[114.27745,22.38413],[114.27706,22.38365],[114.27612,22.38364],[114.27514,22.38255],[114.2752,22.38251],[114.2747,22.38206],[114.27586,22.3812],[114.27581,22.38113],[114.27468,22.38203],[114.27251,22.37964],[114.27185,22.37928],[114.27193,22.37912],[114.2718,22.37931],[114.27161,22.37924],[114.27157,22.37904],[114.2713,22.3791],[114.27129,22.37903],[114.27078,22.37919],[114.27075,22.379],[114.27051,22.37903],[114.27032,22.3789],[114.26997,22.37832],[114.27212,22.37758],[114.27255,22.37782],[114.27312,22.37759],[114.27331,22.37808],[114.27425,22.378],[114.27459,22.37768],[114.27414,22.37587],[114.27508,22.37536],[114.2737,22.37271],[114.27332,22.37242],[114.27326,22.37218],[114.27301,22.37193],[114.27301,22.3718],[114.2729,22.37169],[114.2729,22.37244],[114.27064,22.37255],[114.27024,22.37303],[114.26986,22.3731],[114.2694,22.3733],[114.26928,22.37352],[114.26921,22.37409],[114.26842,22.37511],[114.26808,22.37538],[114.2676,22.37527],[114.2671,22.37526],[114.26713,22.37502],[114.26706,22.37503],[114.26655,22.37523],[114.26614,22.3755],[114.26614,22.37559],[114.26579,22.37587],[114.2652,22.37611],[114.26507,22.37588],[114.26478,22.3758],[114.26438,22.37606],[114.2638,22.37598],[114.2635,22.37575],[114.26347,22.37563],[114.26337,22.37563],[114.26323,22.37579],[114.26277,22.37558],[114.26382,22.37639],[114.26424,22.37691],[114.26449,22.37695],[114.26544,22.37841],[114.26597,22.37909],[114.26636,22.37944],[114.26774,22.38023],[114.26806,22.38029],[114.26813,22.38045],[114.26862,22.38072],[114.26966,22.38113],[114.27052,22.38125],[114.27074,22.38144],[114.27099,22.38201],[114.27107,22.38238],[114.27091,22.38347],[114.27104,22.38547],[114.27124,22.38609],[114.27157,22.38669],[114.27226,22.38757],[114.27258,22.38824],[114.27277,22.38846],[114.27317,22.38858],[114.27428,22.38845],[114.27461,22.38853],[114.27574,22.38948],[114.27631,22.39026],[114.27638,22.39025]]]}},{"type":"Feature","id":"OZP-S-SK-PK-11","properties":{"id":"OZP-S-SK-PK-11","micro_district":"法定规划区 (S/SK-PK/11)","micro_district_en":"Statutory Scheme (S/SK-PK/11)","main_area":"新界其他","color":"#3b82f6"},"geometry":{"type":"Polygon","coordinates":[[[114.2644,22.39738],[114.26451,22.39727],[114.26488,22.39729],[114.26507,22.39719],[114.26548,22.3962],[114.26562,22.39614],[114.26579,22.39627],[114.26619,22.39754],[114.26664,22.3976],[114.26688,22.39752],[114.26724,22.39707],[114.26716,22.39685],[114.26743,22.39656],[114.26751,22.39622],[114.26793,22.3961],[114.26814,22.39567],[114.26866,22.3953],[114.26866,22.39496],[114.26829,22.39471],[114.26838,22.39451],[114.27172,22.39724],[114.27214,22.39803],[114.27731,22.39715],[114.27892,22.39672],[114.2799,22.39623],[114.2812,22.39514],[114.282,22.39413],[114.28159,22.3937],[114.28141,22.39325],[114.28124,22.39308],[114.28128,22.39288],[114.28094,22.39271],[114.28094,22.39248],[114.28067,22.39252],[114.28078,22.39288],[114.28052,22.39315],[114.28081,22.39357],[114.28059,22.39368],[114.28005,22.39441],[114.27971,22.39464],[114.27875,22.39484],[114.27841,22.39443],[114.27765,22.39401],[114.27751,22.39381],[114.27759,22.39331],[114.27753,22.39297],[114.27669,22.39177],[114.2765,22.39122],[114.27641,22.39032],[114.27584,22.3896],[114.27476,22.38864],[114.2745,22.38849],[114.27425,22.38845],[114.27319,22.38858],[114.27277,22.38846],[114.27258,22.38824],[114.27226,22.38757],[114.27139,22.38638],[114.27104,22.38547],[114.27091,22.38347],[114.27107,22.38238],[114.27099,22.38201],[114.27074,22.38144],[114.27052,22.38125],[114.26966,22.38113],[114.26862,22.38072],[114.26813,22.38045],[114.26806,22.38029],[114.26774,22.38023],[114.26632,22.37941],[114.26544,22.37841],[114.26449,22.37695],[114.26424,22.37691],[114.26375,22.37633],[114.26237,22.37533],[114.26234,22.37513],[114.26093,22.3741],[114.26055,22.37351],[114.26036,22.37303],[114.25966,22.37044],[114.2597,22.3698],[114.26022,22.36751],[114.2602,22.36689],[114.25999,22.36601],[114.25907,22.3638],[114.25789,22.36314],[114.25739,22.36237],[114.25736,22.36216],[114.25724,22.362],[114.25707,22.36193],[114.25673,22.36153],[114.25675,22.36032],[114.25577,22.36003],[114.25534,22.36146],[114.2556,22.36231],[114.25553,22.36266],[114.25539,22.3629],[114.25577,22.36413],[114.25579,22.36454],[114.25547,22.36459],[114.25494,22.36495],[114.25469,22.36534],[114.25431,22.36561],[114.25346,22.36661],[114.25287,22.36717],[114.25187,22.36741],[114.25139,22.368],[114.25089,22.36835],[114.24964,22.36896],[114.24796,22.3696],[114.24706,22.37026],[114.24639,22.37018],[114.24599,22.37036],[114.24769,22.37166],[114.24791,22.37173],[114.24842,22.37166],[114.24867,22.37147],[114.24898,22.37178],[114.24938,22.37188],[114.24967,22.37208],[114.24975,22.372],[114.24981,22.37207],[114.2494,22.3724],[114.24947,22.37269],[114.2498,22.3732],[114.24984,22.37339],[114.25024,22.37702],[114.25023,22.37962],[114.25077,22.38229],[114.25226,22.38377],[114.2528,22.38375],[114.25317,22.38401],[114.25361,22.38408],[114.25397,22.38433],[114.25429,22.38406],[114.25526,22.38419],[114.25569,22.38402],[114.25594,22.38427],[114.25626,22.38411],[114.25671,22.38438],[114.2573,22.38426],[114.25726,22.38508],[114.25697,22.38619],[114.25716,22.38725],[114.25717,22.38775],[114.25677,22.3903],[114.25763,22.39474],[114.25966,22.39662],[114.25996,22.3968],[114.2606,22.39688],[114.26079,22.39675],[114.26104,22.39676],[114.26128,22.39654],[114.26157,22.39653],[114.26202,22.39638],[114.2622,22.39647],[114.26238,22.39645],[114.2635,22.39614],[114.26361,22.39623],[114.26362,22.39635],[114.26323,22.39664],[114.26305,22.39716],[114.26275,22.39734],[114.26245,22.39738],[114.26242,22.39749],[114.26326,22.39802],[114.26344,22.39805],[114.26372,22.39794],[114.26402,22.39762],[114.26439,22.39739],[114.2644,22.39738]]]}},{"type":"Feature","id":"OZP-S-SK-HH-8","properties":{"id":"OZP-S-SK-HH-8","micro_district":"法定规划区 (S/SK-HH/8)","micro_district_en":"Statutory Scheme (S/SK-HH/8)","main_area":"新界其他","color":"#3b82f6"},"geometry":{"type":"Polygon","coordinates":[[[114.2652,22.37611],[114.26579,22.37587],[114.26614,22.37559],[114.26614,22.3755],[114.26655,22.37523],[114.26706,22.37503],[114.26713,22.37502],[114.2671,22.37526],[114.2676,22.37527],[114.26808,22.37538],[114.26842,22.37511],[114.26921,22.37409],[114.26935,22.37334],[114.26986,22.3731],[114.27024,22.37303],[114.27064,22.37255],[114.2729,22.37244],[114.2729,22.37169],[114.27219,22.37106],[114.27224,22.37069],[114.27196,22.37062],[114.2717,22.3702],[114.27165,22.36994],[114.2718,22.36903],[114.27176,22.36887],[114.27198,22.36836],[114.27191,22.36809],[114.272,22.36801],[114.27188,22.36795],[114.27202,22.36781],[114.2721,22.36757],[114.2722,22.36754],[114.27217,22.36747],[114.27245,22.367],[114.2725,22.36649],[114.27266,22.36645],[114.27278,22.36651],[114.27302,22.36613],[114.27289,22.36601],[114.27293,22.36589],[114.27278,22.36568],[114.27291,22.36564],[114.27275,22.36553],[114.27264,22.36529],[114.27264,22.36459],[114.27295,22.3641],[114.27322,22.36384],[114.27345,22.36377],[114.27389,22.36388],[114.27423,22.36371],[114.2741,22.36342],[114.27417,22.36328],[114.27435,22.36318],[114.27429,22.36313],[114.27446,22.36262],[114.27466,22.36247],[114.27487,22.36259],[114.27496,22.36256],[114.27496,22.36247],[114.27481,22.36238],[114.27488,22.36188],[114.275,22.36191],[114.27502,22.36184],[114.27487,22.36172],[114.27507,22.36125],[114.2753,22.36095],[114.27565,22.36099],[114.27562,22.36088],[114.27577,22.36097],[114.27605,22.36095],[114.2761,22.36089],[114.27606,22.36079],[114.27636,22.36067],[114.2769,22.3609],[114.27715,22.36088],[114.2772,22.36083],[114.27709,22.36073],[114.27738,22.36063],[114.27732,22.36045],[114.27747,22.3604],[114.27747,22.3603],[114.27755,22.36032],[114.27751,22.36016],[114.27792,22.36026],[114.27816,22.36014],[114.27832,22.3598],[114.27827,22.35967],[114.27856,22.35946],[114.27874,22.35918],[114.27874,22.35892],[114.27863,22.35889],[114.27855,22.35862],[114.2783,22.35853],[114.27826,22.35833],[114.27788,22.3581],[114.27763,22.35815],[114.27745,22.35804],[114.27736,22.35809],[114.2771,22.35804],[114.27703,22.3579],[114.27711,22.35781],[114.27681,22.35755],[114.27705,22.3576],[114.27701,22.35733],[114.27685,22.35716],[114.27706,22.35718],[114.27716,22.35705],[114.27695,22.35666],[114.2771,22.35668],[114.27706,22.35655],[114.27722,22.35645],[114.27729,22.35622],[114.27742,22.35617],[114.27747,22.35598],[114.27737,22.35586],[114.27747,22.35588],[114.27759,22.35574],[114.27753,22.35562],[114.27768,22.35571],[114.27778,22.35563],[114.27792,22.35516],[114.27789,22.35486],[114.27761,22.3545],[114.27723,22.35429],[114.27688,22.35438],[114.27679,22.35419],[114.27649,22.35409],[114.27629,22.35412],[114.27617,22.35433],[114.27569,22.35388],[114.27565,22.35375],[114.27591,22.35355],[114.2759,22.35328],[114.27581,22.35317],[114.27565,22.35324],[114.27557,22.35293],[114.27525,22.35287],[114.2755,22.35271],[114.27561,22.35234],[114.2756,22.35216],[114.2755,22.35205],[114.27554,22.35185],[114.27527,22.35173],[114.27531,22.35081],[114.2751,22.35065],[114.27497,22.3507],[114.2748,22.35097],[114.27481,22.35063],[114.27474,22.35071],[114.27479,22.35086],[114.27463,22.35089],[114.27448,22.3511],[114.27412,22.35131],[114.27383,22.35123],[114.27367,22.35139],[114.2736,22.35137],[114.27363,22.35121],[114.27344,22.35127],[114.27348,22.3515],[114.27361,22.35156],[114.27358,22.35163],[114.27372,22.35182],[114.27357,22.35209],[114.27336,22.35221],[114.27327,22.3525],[114.27313,22.35254],[114.27308,22.35248],[114.27302,22.35285],[114.27269,22.35354],[114.27253,22.3536],[114.27254,22.35345],[114.2725,22.35354],[114.27245,22.35351],[114.2724,22.35367],[114.27246,22.35373],[114.27232,22.35425],[114.2722,22.35433],[114.27219,22.35448],[114.27206,22.35449],[114.27187,22.35512],[114.2716,22.35543],[114.27158,22.35589],[114.27135,22.35651],[114.27134,22.35675],[114.27143,22.35705],[114.27172,22.35719],[114.27198,22.35775],[114.2721,22.35771],[114.27226,22.35812],[114.27237,22.3588],[114.27248,22.35901],[114.27229,22.3593],[114.27227,22.35978],[114.27151,22.35887],[114.2706,22.35798],[114.26954,22.35723],[114.26911,22.35731],[114.26907,22.3574],[114.26869,22.35737],[114.26868,22.35759],[114.26761,22.35764],[114.26753,22.35762],[114.2675,22.35742],[114.26738,22.35737],[114.26715,22.35756],[114.26692,22.35759],[114.2665,22.3574],[114.26651,22.35726],[114.26637,22.3571],[114.26616,22.35714],[114.26601,22.35708],[114.26592,22.35696],[114.26604,22.3568],[114.26598,22.35673],[114.26588,22.35694],[114.26578,22.35685],[114.26593,22.35655],[114.26591,22.35643],[114.2657,22.35636],[114.26583,22.35631],[114.26589,22.35618],[114.26577,22.35602],[114.26563,22.35597],[114.26541,22.3563],[114.2652,22.3564],[114.26516,22.3563],[114.26509,22.35631],[114.26512,22.35624],[114.26498,22.3562],[114.26495,22.35641],[114.2652,22.35658],[114.26538,22.35721],[114.26523,22.35747],[114.26533,22.35803],[114.26554,22.35855],[114.26556,22.35889],[114.26539,22.35908],[114.26515,22.35899],[114.2651,22.35905],[114.26549,22.35913],[114.26542,22.35965],[114.26557,22.35973],[114.26562,22.3599],[114.26564,22.35979],[114.26594,22.3598],[114.26621,22.35995],[114.26638,22.3599],[114.26717,22.36019],[114.26739,22.35998],[114.26782,22.36038],[114.26803,22.36077],[114.26885,22.3612],[114.26896,22.36148],[114.26897,22.36188],[114.26979,22.36268],[114.26986,22.36302],[114.27001,22.36311],[114.27014,22.36345],[114.26974,22.36484],[114.26975,22.36517],[114.27007,22.36543],[114.27009,22.36553],[114.26998,22.36574],[114.26983,22.36654],[114.26901,22.36734],[114.26852,22.36817],[114.26807,22.36852],[114.26792,22.36925],[114.26769,22.36974],[114.2679,22.37001],[114.26792,22.37036],[114.26778,22.37044],[114.26733,22.37043],[114.26665,22.3702],[114.26632,22.37059],[114.26546,22.37117],[114.26502,22.37126],[114.26413,22.37203],[114.26347,22.37195],[114.26345,22.37178],[114.26389,22.37173],[114.26422,22.37156],[114.26423,22.37135],[114.26381,22.37087],[114.26372,22.37057],[114.26394,22.37031],[114.26392,22.3702],[114.26374,22.37013],[114.26381,22.36992],[114.26407,22.36993],[114.26419,22.36958],[114.26402,22.36932],[114.26365,22.36923],[114.26321,22.36968],[114.26301,22.36966],[114.26263,22.36948],[114.26265,22.3693],[114.26292,22.36913],[114.26296,22.36864],[114.26286,22.36842],[114.26306,22.36838],[114.2631,22.3683],[114.26288,22.36808],[114.26297,22.36781],[114.26287,22.36752],[114.26261,22.36749],[114.26243,22.36769],[114.26203,22.36779],[114.2612,22.36776],[114.26092,22.36822],[114.26065,22.36828],[114.26053,22.36841],[114.26039,22.36818],[114.26042,22.36773],[114.26059,22.36745],[114.26074,22.36631],[114.26064,22.36597],[114.26076,22.36592],[114.26056,22.36573],[114.26036,22.36581],[114.26024,22.36553],[114.26113,22.36512],[114.26092,22.36466],[114.26099,22.36452],[114.26085,22.36464],[114.2609,22.36447],[114.26057,22.36467],[114.26055,22.36497],[114.26031,22.36501],[114.26024,22.36493],[114.26017,22.36504],[114.25996,22.36507],[114.26004,22.36467],[114.26022,22.36468],[114.26023,22.36453],[114.25976,22.36451],[114.2598,22.36409],[114.25961,22.36382],[114.25976,22.36367],[114.25939,22.36337],[114.25985,22.36271],[114.25992,22.36257],[114.25985,22.36252],[114.26012,22.36213],[114.25992,22.36202],[114.25988,22.36207],[114.26001,22.36216],[114.25915,22.36342],[114.25891,22.3634],[114.25888,22.36347],[114.2579,22.36161],[114.25728,22.3607],[114.25735,22.36032],[114.25909,22.35843],[114.2591,22.35807],[114.25682,22.35695],[114.25472,22.35647],[114.25371,22.35581],[114.25659,22.35585],[114.25933,22.35557],[114.25989,22.35579],[114.25973,22.35627],[114.25979,22.35652],[114.26014,22.35677],[114.26042,22.35686],[114.26064,22.35683],[114.2608,22.35652],[114.26076,22.35622],[114.26036,22.35579],[114.26007,22.3556],[114.26027,22.35547],[114.26068,22.3546],[114.26095,22.35434],[114.26122,22.35419],[114.26147,22.35417],[114.26192,22.35439],[114.26228,22.35445],[114.26252,22.3547],[114.26273,22.35467],[114.26299,22.35442],[114.26294,22.35412],[114.26323,22.35365],[114.2635,22.35345],[114.26401,22.35276],[114.26433,22.35263],[114.2645,22.35273],[114.26462,22.35293],[114.26548,22.35286],[114.2656,22.35276],[114.26555,22.35266],[114.26482,22.35268],[114.26451,22.35243],[114.26456,22.3523],[114.26482,22.35225],[114.26485,22.35211],[114.26475,22.35184],[114.2648,22.35169],[114.26457,22.3515],[114.26466,22.3514],[114.26443,22.35096],[114.26441,22.35048],[114.26479,22.34995],[114.26487,22.34997],[114.26487,22.35014],[114.26505,22.35042],[114.26604,22.35114],[114.26806,22.35118],[114.26826,22.35106],[114.26832,22.35086],[114.26816,22.35081],[114.26838,22.35073],[114.26831,22.35063],[114.26841,22.35058],[114.26848,22.35033],[114.26865,22.35019],[114.26852,22.35001],[114.26864,22.34947],[114.26819,22.34903],[114.26759,22.34866],[114.26748,22.34867],[114.2669,22.34826],[114.26682,22.34808],[114.26663,22.34799],[114.26655,22.3476],[114.26671,22.34706],[114.26687,22.34699],[114.26714,22.34708],[114.26725,22.34695],[114.26721,22.34686],[114.26704,22.34681],[114.26669,22.34692],[114.26655,22.34684],[114.26632,22.34687],[114.26607,22.3465],[114.26611,22.34613],[114.26555,22.34606],[114.26447,22.34568],[114.26425,22.34533],[114.26401,22.34511],[114.26344,22.34471],[114.26272,22.34436],[114.26261,22.3445],[114.26214,22.34449],[114.26138,22.34463],[114.26083,22.34486],[114.26019,22.34412],[114.25864,22.34348],[114.25842,22.34332],[114.25793,22.34268],[114.25712,22.34269],[114.25573,22.34669],[114.25478,22.34817],[114.25409,22.35018],[114.25367,22.35091],[114.25319,22.35146],[114.25211,22.35189],[114.25224,22.35224],[114.25169,22.35252],[114.25134,22.35224],[114.25117,22.3523],[114.25033,22.35345],[114.2503,22.35367],[114.25081,22.35447],[114.25147,22.35517],[114.25166,22.35552],[114.25245,22.35942],[114.25256,22.35965],[114.25282,22.35954],[114.25321,22.35998],[114.25364,22.36004],[114.2536,22.36046],[114.25403,22.36043],[114.25502,22.36011],[114.25573,22.36003],[114.25675,22.36032],[114.2567,22.36137],[114.25675,22.36156],[114.25736,22.36216],[114.25739,22.36237],[114.25789,22.36314],[114.25907,22.3638],[114.25912,22.36391],[114.26003,22.3661],[114.26023,22.36711],[114.26018,22.36784],[114.25969,22.3699],[114.25969,22.37058],[114.26033,22.37294],[114.26055,22.37351],[114.26086,22.37401],[114.26107,22.37426],[114.26234,22.37513],[114.26237,22.37533],[114.26309,22.37574],[114.26325,22.37579],[114.26337,22.37563],[114.26347,22.37563],[114.2635,22.37575],[114.2638,22.37598],[114.26438,22.37606],[114.26478,22.3758],[114.26507,22.37588],[114.26511,22.37595],[114.2652,22.37611]]]}},{"type":"Feature","id":"OZP-S-TW-CLHFS-1","properties":{"id":"OZP-S-TW-CLHFS-1","micro_district":"法定规划区 (S/TW-CLHFS/1)","micro_district_en":"Statutory Scheme (S/TW-CLHFS/1)","main_area":"新界其他","color":"#3b82f6"},"geometry":{"type":"Polygon","coordinates":[[[114.11291,22.40072],[114.11293,22.39193],[114.11221,22.39144],[114.11222,22.39102],[114.11187,22.39101],[114.11183,22.39075],[114.1115,22.39074],[114.11133,22.39084],[114.11081,22.3916],[114.11065,22.39171],[114.1108,22.39149],[114.11066,22.39133],[114.11036,22.39064],[114.11079,22.39033],[114.11085,22.39016],[114.11072,22.39],[114.11024,22.38986],[114.11015,22.38911],[114.11003,22.38901],[114.10912,22.38992],[114.10867,22.3905],[114.10866,22.39063],[114.10875,22.3908],[114.1091,22.39101],[114.10989,22.39122],[114.11061,22.39168],[114.11043,22.3923],[114.11092,22.39312],[114.11097,22.39333],[114.11083,22.39351],[114.10985,22.39342],[114.10969,22.39327],[114.1097,22.39307],[114.10941,22.39292],[114.10885,22.39281],[114.10846,22.39241],[114.10781,22.39236],[114.1071,22.39389],[114.10714,22.39418],[114.10735,22.39457],[114.10722,22.39508],[114.10626,22.39539],[114.10569,22.39491],[114.10542,22.3949],[114.10532,22.39501],[114.10541,22.39519],[114.10537,22.39534],[114.10493,22.39556],[114.10467,22.39536],[114.10445,22.39538],[114.10423,22.39521],[114.10412,22.39483],[114.10432,22.39464],[114.10434,22.39451],[114.10362,22.3938],[114.10397,22.39346],[114.10389,22.39334],[114.10419,22.39283],[114.10457,22.39253],[114.10475,22.39217],[114.10495,22.39198],[114.1047,22.39133],[114.10511,22.39161],[114.10529,22.39207],[114.1059,22.39233],[114.10625,22.3922],[114.10645,22.39178],[114.10616,22.39142],[114.10569,22.39103],[114.10461,22.39049],[114.10445,22.39025],[114.1045,22.38997],[114.10482,22.38964],[114.10489,22.3894],[114.10484,22.38906],[114.10498,22.38866],[114.10513,22.3885],[114.10533,22.38849],[114.10514,22.38838],[114.10502,22.38817],[114.10472,22.38713],[114.10465,22.38662],[114.10443,22.38643],[114.10435,22.38622],[114.10457,22.38569],[114.10447,22.38561],[114.10416,22.38562],[114.10345,22.38529],[114.10301,22.3854],[114.10277,22.38537],[114.1026,22.38519],[114.10252,22.38476],[114.10235,22.38467],[114.10195,22.38491],[114.10193,22.38523],[114.10163,22.38561],[114.10148,22.38554],[114.10146,22.38505],[114.10134,22.3848],[114.10118,22.38469],[114.10101,22.38473],[114.10082,22.38491],[114.10039,22.38504],[114.1001,22.38526],[114.09982,22.38533],[114.0997,22.38521],[114.09973,22.38477],[114.10009,22.38472],[114.10045,22.38448],[114.10067,22.38402],[114.1009,22.38394],[114.10107,22.38374],[114.10144,22.38367],[114.10166,22.38333],[114.10174,22.38288],[114.10216,22.38292],[114.10249,22.38306],[114.10291,22.38298],[114.1032,22.38266],[114.10375,22.38256],[114.10416,22.3822],[114.10381,22.38165],[114.10383,22.38131],[114.1037,22.38107],[114.10318,22.3812],[114.10299,22.38106],[114.10304,22.38027],[114.10258,22.37974],[114.10263,22.37881],[114.10244,22.37846],[114.10253,22.37807],[114.10234,22.3778],[114.1023,22.37714],[114.10204,22.37676],[114.10156,22.37647],[114.1014,22.37619],[114.1017,22.37592],[114.10173,22.37569],[114.10157,22.37548],[114.10122,22.3753],[114.10075,22.37547],[114.1003,22.37504],[114.0998,22.37512],[114.09955,22.37487],[114.09911,22.37494],[114.0989,22.37449],[114.09732,22.37385],[114.09654,22.37383],[114.09626,22.37375],[114.09601,22.37379],[114.0952,22.37354],[114.09467,22.37412],[114.09432,22.37428],[114.09486,22.37537],[114.09488,22.37586],[114.09468,22.37598],[114.09466,22.3761],[114.09439,22.37593],[114.09429,22.37617],[114.09435,22.37646],[114.09422,22.37657],[114.09395,22.37715],[114.09397,22.37744],[114.0941,22.37755],[114.09395,22.37787],[114.09317,22.37889],[114.09307,22.37931],[114.09321,22.37992],[114.09416,22.38239],[114.09439,22.38333],[114.09452,22.38341],[114.09479,22.3833],[114.09566,22.38325],[114.09543,22.38366],[114.09576,22.38387],[114.0961,22.38423],[114.09616,22.38453],[114.09638,22.38482],[114.09637,22.38502],[114.09655,22.38539],[114.09646,22.38554],[114.09651,22.38576],[114.09634,22.38588],[114.0959,22.38591],[114.09588,22.38629],[114.09565,22.38656],[114.09581,22.38672],[114.0962,22.38673],[114.09667,22.38695],[114.09673,22.38708],[114.09664,22.3874],[114.09738,22.38772],[114.09746,22.38823],[114.09739,22.3885],[114.09764,22.38868],[114.09777,22.38912],[114.09818,22.38988],[114.0983,22.38984],[114.0984,22.38949],[114.0983,22.38909],[114.09838,22.38895],[114.09881,22.38877],[114.09908,22.38875],[114.0995,22.38845],[114.09976,22.3884],[114.10002,22.38802],[114.10062,22.38806],[114.10079,22.38829],[114.10103,22.38841],[114.10116,22.38871],[114.10144,22.38882],[114.1016,22.3888],[114.10174,22.38863],[114.10203,22.38851],[114.10244,22.38856],[114.10116,22.39068],[114.10111,22.3924],[114.10128,22.39473],[114.10276,22.39606],[114.10452,22.39646],[114.10507,22.39651],[114.10549,22.39685],[114.1061,22.39709],[114.10677,22.3977],[114.10677,22.3978],[114.10658,22.398],[114.10603,22.39841],[114.10576,22.39898],[114.10539,22.39918],[114.10499,22.39963],[114.10497,22.3998],[114.10526,22.39987],[114.10584,22.39962],[114.1063,22.39922],[114.10683,22.39896],[114.1073,22.39854],[114.10747,22.39818],[114.10744,22.39779],[114.10724,22.39728],[114.10739,22.39696],[114.10839,22.39633],[114.10935,22.39634],[114.10956,22.39645],[114.1096,22.39698],[114.10998,22.39768],[114.10989,22.39797],[114.10967,22.39813],[114.10998,22.39839],[114.11006,22.39869],[114.10995,22.39916],[114.11011,22.39958],[114.10996,22.39994],[114.10985,22.40085],[114.11011,22.40081],[114.11036,22.40031],[114.11052,22.4002],[114.11062,22.40026],[114.11066,22.40056],[114.11082,22.40077],[114.11075,22.40091],[114.11175,22.40074],[114.11291,22.40072]]]}},{"type":"Feature","id":"OZP-S-YL-PN-9","properties":{"id":"OZP-S-YL-PN-9","micro_district":"法定规划区 (S/YL-PN/9)","micro_district_en":"Statutory Scheme (S/YL-PN/9)","main_area":"新界其他","color":"#3b82f6"},"geometry":{"type":"Polygon","coordinates":[[[113.95897,22.44981],[113.95968,22.44981],[113.96032,22.44996],[113.96096,22.44933],[113.96087,22.44887],[113.96096,22.44871],[113.96088,22.44861],[113.96107,22.44836],[113.96119,22.44844],[113.96124,22.44839],[113.9612,22.44812],[113.9614,22.4479],[113.95989,22.44694],[113.95587,22.44167],[113.95479,22.4402],[113.94822,22.43056],[113.94842,22.4302],[113.94835,22.43005],[113.94808,22.42997],[113.94798,22.42985],[113.94808,22.42884],[113.94732,22.42853],[113.94712,22.42837],[113.94692,22.42806],[113.94675,22.42752],[113.9463,22.42712],[113.94589,22.42627],[113.94583,22.42601],[113.94604,22.42523],[113.94601,22.42495],[113.94552,22.42471],[113.94513,22.42431],[113.94401,22.42431],[113.94388,22.42425],[113.94385,22.42396],[113.94395,22.42366],[113.94444,22.42319],[113.94446,22.42294],[113.94408,22.42284],[113.94291,22.42318],[113.94277,22.42316],[113.94234,22.42238],[113.94172,22.42225],[113.94092,22.42155],[113.94083,22.42135],[113.94095,22.4209],[113.94087,22.42063],[113.94029,22.4205],[113.94004,22.42031],[113.93998,22.42014],[113.94009,22.41968],[113.94004,22.41954],[113.93989,22.4195],[113.93889,22.41963],[113.93902,22.42016],[113.93942,22.4211],[113.93961,22.42216],[113.93953,22.4226],[113.93921,22.42347],[113.93936,22.42386],[113.93935,22.42479],[113.93956,22.42525],[113.93955,22.42542],[113.93931,22.42582],[113.93883,22.42619],[113.9387,22.42645],[113.93852,22.42656],[113.93801,22.42657],[113.93739,22.42632],[113.93734,22.42615],[113.93748,22.42604],[113.93754,22.42586],[113.93735,22.42575],[113.93711,22.42578],[113.93695,22.4259],[113.93685,22.42612],[113.93692,22.42634],[113.9374,22.42673],[113.93874,22.42737],[113.94023,22.42822],[113.9425,22.42972],[113.9439,22.43025],[113.9441,22.43025],[113.94423,22.4301],[113.94412,22.42987],[113.9437,22.42977],[113.94335,22.42979],[113.9432,22.42962],[113.94249,22.42929],[113.94231,22.4291],[113.9419,22.42895],[113.94163,22.42874],[113.94153,22.42852],[113.9423,22.42884],[113.94367,22.42921],[113.9437,22.42942],[113.94479,22.43016],[113.94536,22.43105],[113.94595,22.4318],[113.94639,22.43257],[113.94639,22.43272],[113.94614,22.43295],[113.94613,22.43311],[113.9464,22.43345],[113.94686,22.43493],[113.94671,22.43532],[113.94685,22.43668],[113.94652,22.43829],[113.94654,22.43856],[113.94674,22.43889],[113.94724,22.43943],[113.94887,22.44055],[113.95102,22.44224],[113.9518,22.4425],[113.95275,22.44309],[113.95327,22.4436],[113.95375,22.44434],[113.95426,22.44453],[113.95428,22.44465],[113.95398,22.44464],[113.95388,22.44475],[113.95386,22.44574],[113.9536,22.44666],[113.95371,22.44679],[113.95411,22.44688],[113.95448,22.44709],[113.95464,22.44777],[113.95429,22.44772],[113.95423,22.44778],[113.95427,22.44796],[113.95534,22.44928],[113.95583,22.44956],[113.95614,22.44984],[113.95676,22.45003],[113.95856,22.44984],[113.95897,22.44981]]]}},{"type":"Feature","id":"OZP-S-YL-PH-11","properties":{"id":"OZP-S-YL-PH-11","micro_district":"法定规划区 (S/YL-PH/11)","micro_district_en":"Statutory Scheme (S/YL-PH/11)","main_area":"新界其他","color":"#3b82f6"},"geometry":{"type":"Polygon","coordinates":[[[114.11542,22.47092],[114.11563,22.47079],[114.1162,22.47016],[114.11565,22.46996],[114.11475,22.46869],[114.11401,22.46784],[114.10444,22.45791],[114.10401,22.45747],[114.1032,22.45691],[114.10328,22.4562],[114.10343,22.45596],[114.10363,22.45589],[114.10366,22.45568],[114.10355,22.45549],[114.10345,22.45447],[114.10325,22.45421],[114.10332,22.45334],[114.10354,22.45307],[114.10356,22.45291],[114.10327,22.45226],[114.1034,22.45202],[114.10342,22.45178],[114.10351,22.45172],[114.10354,22.45118],[114.10364,22.45096],[114.10316,22.45046],[114.10334,22.4502],[114.10338,22.44951],[114.10329,22.44903],[114.10344,22.44841],[114.10287,22.44795],[114.10289,22.44777],[114.10307,22.44766],[114.10307,22.44749],[114.10246,22.44692],[114.10219,22.44638],[114.10167,22.44593],[114.10164,22.44572],[114.10187,22.44534],[114.10182,22.44522],[114.10114,22.44529],[114.10099,22.44515],[114.10059,22.44432],[114.09981,22.44397],[114.09998,22.44283],[114.10041,22.44238],[114.10039,22.44223],[114.10051,22.44205],[114.10049,22.4418],[114.10105,22.4416],[114.10123,22.44142],[114.10157,22.4413],[114.10194,22.44105],[114.10201,22.44067],[114.10221,22.44058],[114.10247,22.44028],[114.10245,22.43965],[114.10265,22.43939],[114.10262,22.43908],[114.10309,22.43875],[114.10307,22.43814],[114.10334,22.43756],[114.10342,22.43655],[114.1035,22.43634],[114.10371,22.43625],[114.10332,22.43603],[114.10215,22.43557],[114.10153,22.43499],[114.10223,22.43364],[114.10164,22.43361],[114.10143,22.43338],[114.10117,22.43328],[114.10066,22.43343],[114.09974,22.43322],[114.09908,22.4334],[114.09828,22.43326],[114.09815,22.43331],[114.09798,22.43362],[114.09744,22.43393],[114.09694,22.43399],[114.09643,22.43387],[114.09556,22.434],[114.09507,22.4337],[114.09458,22.4328],[114.09423,22.43269],[114.09405,22.43271],[114.09364,22.43235],[114.09336,22.43246],[114.09311,22.43275],[114.09223,22.43264],[114.09168,22.43246],[114.09103,22.43241],[114.09091,22.43248],[114.09045,22.43307],[114.08961,22.4339],[114.0892,22.4339],[114.08878,22.4349],[114.08859,22.43567],[114.08812,22.43584],[114.08745,22.43548],[114.08722,22.43524],[114.08699,22.43535],[114.08643,22.436],[114.08641,22.43613],[114.08651,22.43615],[114.08641,22.43647],[114.08647,22.43657],[114.08632,22.43695],[114.08543,22.43801],[114.08535,22.43799],[114.08454,22.43957],[114.08473,22.43973],[114.0846,22.43986],[114.0845,22.43978],[114.08417,22.44006],[114.0836,22.44028],[114.08314,22.44085],[114.08307,22.44106],[114.0831,22.44139],[114.08253,22.44153],[114.08253,22.44163],[114.08288,22.44182],[114.083,22.44204],[114.08328,22.44217],[114.08341,22.44238],[114.08296,22.44285],[114.08287,22.44305],[114.08291,22.44345],[114.0827,22.44372],[114.08285,22.44411],[114.0833,22.44443],[114.08332,22.4446],[114.08307,22.44501],[114.0833,22.44525],[114.08332,22.44541],[114.08315,22.44571],[114.08281,22.44585],[114.08248,22.44623],[114.08233,22.44675],[114.08239,22.44692],[114.08278,22.44738],[114.08289,22.44811],[114.08249,22.44921],[114.08248,22.45117],[114.08957,22.45415],[114.09515,22.45503],[114.09635,22.45663],[114.10071,22.45961],[114.10696,22.46773],[114.10686,22.46796],[114.1069,22.4681],[114.10634,22.46887],[114.10621,22.46895],[114.10627,22.46908],[114.1062,22.46925],[114.10572,22.46961],[114.10576,22.46979],[114.10864,22.46931],[114.10926,22.46961],[114.11078,22.47067],[114.11089,22.47072],[114.11119,22.47059],[114.1115,22.47061],[114.11181,22.47075],[114.11209,22.47108],[114.11235,22.47119],[114.11343,22.47133],[114.11431,22.47091],[114.11472,22.47136],[114.11496,22.47139],[114.11535,22.47099],[114.11542,22.47092]]]}},{"type":"Feature","id":"OZP-S-YL-NTM-12","properties":{"id":"OZP-S-YL-NTM-12","micro_district":"法定规划区 (S/YL-NTM/12)","micro_district_en":"Statutory Scheme (S/YL-NTM/12)","main_area":"新界其他","color":"#3b82f6"},"geometry":{"type":"Polygon","coordinates":[[[114.09129,22.49501],[114.09168,22.49503],[114.09135,22.49426],[114.09168,22.49388],[114.09194,22.49324],[114.09235,22.49292],[114.09233,22.49235],[114.09287,22.49222],[114.09323,22.49197],[114.09246,22.49134],[114.09237,22.49086],[114.09261,22.49055],[114.09237,22.49011],[114.09244,22.48865],[114.09236,22.48829],[114.09213,22.48785],[114.09203,22.48701],[114.09218,22.48632],[114.09211,22.48579],[114.09232,22.48549],[114.09235,22.48511],[114.09196,22.48475],[114.09116,22.48431],[114.09033,22.48289],[114.08948,22.482],[114.08926,22.48156],[114.08944,22.48089],[114.08951,22.47945],[114.08952,22.47807],[114.08944,22.47771],[114.08955,22.47712],[114.08938,22.47527],[114.08924,22.47515],[114.08839,22.47506],[114.08757,22.4756],[114.08711,22.47552],[114.08706,22.47547],[114.08741,22.47512],[114.08745,22.47496],[114.08676,22.47497],[114.08659,22.47491],[114.0866,22.47471],[114.08674,22.47452],[114.08666,22.47429],[114.0861,22.47444],[114.08578,22.47417],[114.08548,22.47413],[114.08508,22.47418],[114.08428,22.47446],[114.08387,22.47403],[114.08271,22.47349],[114.0822,22.47371],[114.08192,22.47395],[114.08173,22.47382],[114.08168,22.4736],[114.08151,22.47342],[114.08129,22.47343],[114.08113,22.47304],[114.08076,22.47306],[114.08028,22.47272],[114.07985,22.47279],[114.07968,22.47269],[114.07942,22.47232],[114.07922,22.47218],[114.07921,22.4718],[114.07912,22.4716],[114.07887,22.47134],[114.07862,22.47137],[114.07829,22.47108],[114.07814,22.47146],[114.07792,22.47167],[114.07752,22.47188],[114.07732,22.47186],[114.0774,22.47125],[114.07725,22.47097],[114.07698,22.47085],[114.07654,22.47044],[114.07639,22.46939],[114.07619,22.46911],[114.07645,22.4687],[114.07661,22.46783],[114.0769,22.4674],[114.07695,22.4672],[114.07699,22.46694],[114.07682,22.46647],[114.07681,22.4662],[114.07715,22.46544],[114.07694,22.46441],[114.0767,22.46385],[114.07677,22.46267],[114.07658,22.46196],[114.07591,22.46209],[114.07436,22.46257],[114.07372,22.4626],[114.07338,22.4628],[114.07297,22.46279],[114.07199,22.46296],[114.07127,22.46321],[114.06913,22.46347],[114.06791,22.46397],[114.0675,22.46426],[114.0671,22.46433],[114.06616,22.4642],[114.06529,22.46363],[114.06504,22.46359],[114.06414,22.46413],[114.06373,22.4645],[114.06352,22.46485],[114.06377,22.4653],[114.06371,22.46583],[114.06359,22.4663],[114.06289,22.4677],[114.06231,22.4679],[114.06223,22.46812],[114.05542,22.47125],[114.0563,22.47453],[114.05747,22.47695],[114.05783,22.47787],[114.05806,22.47871],[114.05821,22.4797],[114.05859,22.48585],[114.0589,22.48726],[114.05939,22.48844],[114.06004,22.48948],[114.06102,22.49056],[114.062,22.49132],[114.06315,22.49197],[114.06432,22.4924],[114.07569,22.49551],[114.07672,22.49591],[114.07733,22.49627],[114.07796,22.49684],[114.08037,22.50007],[114.08112,22.50088],[114.08216,22.50178],[114.08351,22.50266],[114.08496,22.50335],[114.08639,22.50383],[114.08797,22.50413],[114.08909,22.50422],[114.09062,22.50419],[114.09108,22.5027],[114.09162,22.50198],[114.09159,22.50161],[114.09169,22.50111],[114.0913,22.50049],[114.09093,22.49916],[114.09019,22.49841],[114.09018,22.49791],[114.09033,22.49727],[114.09026,22.49711],[114.09001,22.49695],[114.08961,22.49652],[114.08977,22.49625],[114.09029,22.4961],[114.09037,22.49589],[114.09074,22.49563],[114.09091,22.49526],[114.09125,22.49501],[114.09129,22.49501]],[[114.07445,22.48364],[114.07441,22.48307],[114.07448,22.48234],[114.07476,22.48134],[114.07397,22.48086],[114.07294,22.48065],[114.07265,22.48071],[114.07234,22.48092],[114.07215,22.48118],[114.07211,22.48139],[114.07169,22.48162],[114.07085,22.48138],[114.07045,22.48141],[114.0691,22.4811],[114.06866,22.48116],[114.06821,22.48137],[114.06766,22.48131],[114.06916,22.48284],[114.06876,22.48333],[114.06831,22.48334],[114.06814,22.48319],[114.06821,22.48261],[114.06762,22.48239],[114.06758,22.48294],[114.06734,22.48324],[114.06672,22.48327],[114.06637,22.48319],[114.06648,22.48286],[114.06645,22.48269],[114.0659,22.48211],[114.06574,22.48172],[114.0657,22.48126],[114.06511,22.4802],[114.06497,22.47971],[114.06489,22.47874],[114.06469,22.47836],[114.06462,22.478],[114.06436,22.47768],[114.06442,22.47756],[114.06467,22.4773],[114.06495,22.47717],[114.06581,22.47718],[114.06632,22.47702],[114.06737,22.47741],[114.06772,22.47744],[114.06903,22.47691],[114.06953,22.47718],[114.07099,22.47719],[114.07149,22.47739],[114.07204,22.478],[114.07182,22.47868],[114.07124,22.47943],[114.07164,22.48033],[114.07182,22.48054],[114.07209,22.48046],[114.0722,22.48027],[114.07214,22.47978],[114.07253,22.47965],[114.07277,22.4797],[114.07301,22.47998],[114.07346,22.48019],[114.0745,22.48027],[114.07506,22.48059],[114.07522,22.4806],[114.07615,22.47969],[114.07679,22.47925],[114.07797,22.47878],[114.07905,22.47862],[114.08018,22.4787],[114.08068,22.47883],[114.08179,22.47931],[114.08259,22.47986],[114.08328,22.48057],[114.08376,22.48139],[114.08405,22.48232],[114.08413,22.48318],[114.08394,22.48433],[114.08366,22.48505],[114.08321,22.48574],[114.08254,22.48644],[114.08276,22.48839],[114.08233,22.48983],[114.0826,22.48989],[114.08267,22.49002],[114.08241,22.4907],[114.08242,22.49111],[114.08262,22.49194],[114.08255,22.49207],[114.08221,22.49225],[114.08178,22.49203],[114.0816,22.49202],[114.08151,22.49213],[114.08139,22.49269],[114.08093,22.49269],[114.08043,22.49229],[114.0802,22.49223],[114.08067,22.49104],[114.08071,22.49062],[114.07827,22.49059],[114.07814,22.49044],[114.07795,22.48985],[114.07829,22.48926],[114.07832,22.4889],[114.07881,22.48772],[114.07725,22.48733],[114.07672,22.48708],[114.0759,22.48653],[114.07537,22.48603],[114.07502,22.48555],[114.07479,22.48507],[114.07455,22.48423],[114.07445,22.48364]]]}},{"type":"Feature","id":"OZP-S-YL-NSW-8","properties":{"id":"OZP-S-YL-NSW-8","micro_district":"法定规划区 (S/YL-NSW/8)","micro_district_en":"Statutory Scheme (S/YL-NSW/8)","main_area":"新界其他","color":"#3b82f6"},"geometry":{"type":"Polygon","coordinates":[[[114.03671,22.472],[114.03745,22.47115],[114.03778,22.47094],[114.03849,22.47074],[114.04089,22.47082],[114.04141,22.47066],[114.04151,22.47144],[114.04445,22.47104],[114.04437,22.47202],[114.04474,22.47266],[114.04509,22.47275],[114.0455,22.47344],[114.04634,22.473],[114.04739,22.47275],[114.04772,22.47259],[114.04798,22.47242],[114.04842,22.47183],[114.04857,22.47178],[114.04936,22.47209],[114.04975,22.47249],[114.05005,22.47262],[114.05016,22.47284],[114.05092,22.47247],[114.05097,22.47254],[114.05199,22.47207],[114.05192,22.47195],[114.05266,22.47161],[114.05241,22.47111],[114.05501,22.46964],[114.04942,22.44713],[114.04902,22.44616],[114.04794,22.44479],[114.04782,22.44439],[114.04643,22.44409],[114.04488,22.44405],[114.0428,22.44433],[114.03998,22.44441],[114.03998,22.44458],[114.03959,22.44478],[114.03973,22.4459],[114.04004,22.44666],[114.04051,22.44732],[114.0409,22.44768],[114.04119,22.44778],[114.04084,22.44818],[114.04119,22.4489],[114.04117,22.44915],[114.04132,22.44932],[114.04132,22.44962],[114.04057,22.45073],[114.04019,22.451],[114.04,22.45145],[114.04003,22.45166],[114.04038,22.45225],[114.04036,22.45234],[114.04008,22.45251],[114.03986,22.45334],[114.03867,22.45332],[114.03816,22.45346],[114.03293,22.45166],[114.03242,22.45233],[114.03169,22.45183],[114.03071,22.45242],[114.02843,22.4529],[114.03059,22.4552],[114.03234,22.45801],[114.03248,22.45862],[114.03214,22.45969],[114.03185,22.46019],[114.02857,22.46403],[114.02817,22.46469],[114.02799,22.46536],[114.02794,22.46677],[114.02795,22.46705],[114.02834,22.4681],[114.02859,22.46853],[114.02954,22.46968],[114.03009,22.47053],[114.03035,22.4713],[114.03039,22.47196],[114.03157,22.47192],[114.03208,22.47206],[114.03242,22.47239],[114.03296,22.47349],[114.03355,22.47399],[114.03429,22.47411],[114.03552,22.47382],[114.0357,22.47367],[114.03604,22.47295],[114.03668,22.47204],[114.03671,22.472]]]}},{"type":"Feature","id":"OZP-S-YL-TYST-14","properties":{"id":"OZP-S-YL-TYST-14","micro_district":"法定规划区 (S/YL-TYST/14)","micro_district_en":"Statutory Scheme (S/YL-TYST/14)","main_area":"新界其他","color":"#3b82f6"},"geometry":{"type":"Polygon","coordinates":[[[114.01546,22.43733],[114.01626,22.43716],[114.01871,22.43607],[114.0196,22.43576],[114.02479,22.43479],[114.02226,22.42549],[114.02043,22.42064],[114.01596,22.41339],[114.01601,22.41319],[114.01612,22.41312],[114.01671,22.41299],[114.01677,22.41236],[114.01709,22.41173],[114.01661,22.41164],[114.01612,22.41139],[114.01571,22.41093],[114.01569,22.41048],[114.01557,22.4103],[114.01563,22.40954],[114.01521,22.40906],[114.0142,22.40886],[114.01365,22.40817],[114.01342,22.40806],[114.01297,22.40803],[114.01271,22.40777],[114.01265,22.40796],[114.01221,22.40817],[114.01216,22.40851],[114.01187,22.40901],[114.01164,22.40902],[114.01046,22.40866],[114.01021,22.40866],[114.01014,22.40875],[114.01037,22.40918],[114.01063,22.41029],[114.01061,22.41036],[114.01036,22.41048],[114.0103,22.41086],[114.01013,22.41101],[114.01008,22.41135],[114.01021,22.41149],[114.01056,22.41136],[114.01104,22.41171],[114.01058,22.41207],[114.01052,22.41223],[114.0105,22.41259],[114.0106,22.413],[114.01081,22.41325],[114.01089,22.41352],[114.01056,22.41431],[114.01022,22.41474],[114.00961,22.41523],[114.0091,22.41532],[114.00757,22.41452],[114.00672,22.41446],[114.0069,22.42191],[114.00057,22.42205],[113.99939,22.42238],[113.99881,22.42271],[113.99864,22.4227],[113.9982,22.42245],[113.99723,22.42253],[113.99666,22.42314],[113.9959,22.42453],[113.99558,22.42491],[113.99513,22.42523],[113.99405,22.42558],[113.99382,22.42574],[113.99371,22.42597],[113.99356,22.42723],[113.99376,22.42749],[113.99431,22.42761],[113.99451,22.42777],[113.99414,22.42927],[113.99503,22.42951],[113.99534,22.42967],[113.99647,22.43226],[113.99649,22.43249],[113.9964,22.43271],[113.9993,22.43477],[114.00249,22.437],[114.00978,22.44154],[114.01108,22.44228],[114.01266,22.44297],[114.01413,22.44342],[114.01583,22.44376],[114.0173,22.44395],[114.01645,22.44067],[114.01558,22.43774],[114.01546,22.43733]]]}},{"type":"Feature","id":"OZP-S-YL-TT-18","properties":{"id":"OZP-S-YL-TT-18","micro_district":"法定规划区 (S/YL-TT/18)","micro_district_en":"Statutory Scheme (S/YL-TT/18)","main_area":"新界其他","color":"#3b82f6"},"geometry":{"type":"Polygon","coordinates":[[[114.04418,22.44418],[114.04488,22.44405],[114.04581,22.44403],[114.04683,22.44415],[114.04782,22.44439],[114.04829,22.44418],[114.04802,22.4428],[114.04812,22.44225],[114.04802,22.44124],[114.04785,22.44047],[114.04817,22.4401],[114.0486,22.43888],[114.04914,22.43789],[114.0492,22.43711],[114.04961,22.43666],[114.04971,22.4363],[114.04996,22.43611],[114.05009,22.4359],[114.05016,22.43556],[114.05005,22.43521],[114.05007,22.43488],[114.0498,22.43417],[114.04996,22.43356],[114.04998,22.43301],[114.04996,22.43221],[114.04982,22.4315],[114.05001,22.43088],[114.05001,22.43042],[114.0532,22.42648],[114.05196,22.42454],[114.05186,22.42427],[114.05185,22.41985],[114.05155,22.41978],[114.05137,22.41962],[114.05067,22.41859],[114.05076,22.41814],[114.05137,22.41773],[114.05151,22.41757],[114.0516,22.41726],[114.0511,22.41516],[114.05091,22.41503],[114.05074,22.41503],[114.0504,22.41525],[114.0497,22.41548],[114.04948,22.41547],[114.04927,22.41529],[114.04902,22.41524],[114.04836,22.41553],[114.04767,22.41545],[114.04719,22.41549],[114.04694,22.41562],[114.04681,22.41589],[114.04641,22.41626],[114.04588,22.41646],[114.04577,22.41667],[114.04559,22.41679],[114.04524,22.41693],[114.04505,22.4169],[114.04473,22.41663],[114.0445,22.41581],[114.04373,22.4148],[114.04366,22.41434],[114.04387,22.41393],[114.04322,22.41316],[114.04345,22.41256],[114.04336,22.41231],[114.04318,22.4122],[114.04261,22.41212],[114.04223,22.41154],[114.04184,22.41136],[114.03997,22.41122],[114.03875,22.4109],[114.0383,22.41089],[114.03805,22.41097],[114.03726,22.41141],[114.03647,22.41165],[114.03618,22.41195],[114.03588,22.41262],[114.03567,22.41284],[114.03529,22.41303],[114.03441,22.41311],[114.03432,22.41325],[114.03434,22.41371],[114.03425,22.41394],[114.03377,22.41401],[114.03322,22.41391],[114.0331,22.41371],[114.03306,22.41325],[114.03331,22.41264],[114.03361,22.41231],[114.03433,22.41194],[114.03469,22.41149],[114.03482,22.41092],[114.03475,22.41005],[114.03589,22.40939],[114.03745,22.40888],[114.03791,22.40784],[114.03792,22.4076],[114.03767,22.40726],[114.03623,22.40564],[114.03576,22.40537],[114.03519,22.40538],[114.03454,22.40562],[114.0336,22.40519],[114.03231,22.40509],[114.03122,22.4049],[114.03039,22.40493],[114.03006,22.40525],[114.02988,22.40633],[114.02996,22.4067],[114.03044,22.40703],[114.02969,22.40733],[114.02855,22.40799],[114.02711,22.40716],[114.02675,22.40707],[114.02613,22.40668],[114.02575,22.40691],[114.02537,22.40744],[114.02482,22.40779],[114.02447,22.4085],[114.02402,22.40847],[114.02384,22.40836],[114.02375,22.40817],[114.02371,22.40772],[114.0235,22.40746],[114.02312,22.40812],[114.02344,22.40878],[114.02362,22.41012],[114.02349,22.41045],[114.02324,22.41077],[114.02283,22.41107],[114.02264,22.41104],[114.02247,22.41088],[114.02235,22.41013],[114.02223,22.40992],[114.02207,22.40986],[114.02157,22.40995],[114.0214,22.4099],[114.02111,22.40953],[114.02082,22.40883],[114.02037,22.40852],[114.01996,22.40851],[114.0196,22.40862],[114.01903,22.40922],[114.01888,22.40949],[114.01839,22.4098],[114.01788,22.40986],[114.01758,22.40962],[114.01749,22.40992],[114.01761,22.41067],[114.01756,22.41087],[114.01737,22.41102],[114.01677,22.41102],[114.01709,22.41167],[114.01677,22.41236],[114.01671,22.41299],[114.01612,22.41312],[114.01601,22.41319],[114.01596,22.41339],[114.02043,22.42064],[114.02226,22.42549],[114.02479,22.43479],[114.02945,22.43398],[114.03058,22.43389],[114.03157,22.43396],[114.0325,22.43415],[114.03447,22.4349],[114.03573,22.43565],[114.03596,22.43598],[114.03753,22.43725],[114.0383,22.43807],[114.03901,22.43909],[114.03952,22.44022],[114.03973,22.44108],[114.03984,22.44303],[114.03974,22.44398],[114.03981,22.44411],[114.03998,22.44415],[114.03998,22.44441],[114.0428,22.44433],[114.04406,22.4442],[114.04418,22.44418]]]}},{"type":"Feature","id":"OZP-S-YL-SK-9","properties":{"id":"OZP-S-YL-SK-9","micro_district":"法定规划区 (S/YL-SK/9)","micro_district_en":"Statutory Scheme (S/YL-SK/9)","main_area":"新界其他","color":"#3b82f6"},"geometry":{"type":"Polygon","coordinates":[[[114.10557,22.43644],[114.10624,22.43654],[114.1071,22.43633],[114.10754,22.43592],[114.10821,22.43581],[114.10869,22.43551],[114.10899,22.43515],[114.1095,22.43501],[114.1098,22.43453],[114.11002,22.43442],[114.11108,22.4347],[114.11316,22.43474],[114.1136,22.43491],[114.11428,22.43494],[114.11518,22.43526],[114.11557,22.43527],[114.11605,22.43507],[114.11617,22.43485],[114.1164,22.43332],[114.11627,22.43329],[114.1161,22.43224],[114.11644,22.43152],[114.11757,22.42982],[114.11799,22.42894],[114.11833,22.42851],[114.11883,22.42832],[114.11945,22.4284],[114.11987,22.428],[114.12041,22.42764],[114.12099,22.42761],[114.12113,22.4275],[114.12137,22.42616],[114.12128,22.42567],[114.12132,22.42544],[114.12177,22.42489],[114.12246,22.42379],[114.12312,22.42323],[114.12193,22.41918],[114.12167,22.41931],[114.11987,22.42163],[114.11922,22.4221],[114.11901,22.42216],[114.11834,22.42222],[114.11677,22.42214],[114.11629,22.42228],[114.11504,22.42242],[114.11491,22.42237],[114.11517,22.42228],[114.11518,22.42211],[114.11562,22.42188],[114.11579,22.42162],[114.11605,22.42154],[114.11631,22.42121],[114.11663,22.42098],[114.11639,22.42092],[114.11565,22.4211],[114.11431,22.42093],[114.11384,22.42101],[114.11336,22.42072],[114.11313,22.42098],[114.11294,22.42152],[114.11299,22.42172],[114.11335,22.42217],[114.11341,22.42244],[114.11315,22.4232],[114.11312,22.42381],[114.11293,22.42402],[114.11252,22.42409],[114.11229,22.42438],[114.11207,22.42444],[114.11174,22.42494],[114.1112,22.42504],[114.11051,22.42556],[114.11029,22.42551],[114.11016,22.42559],[114.10982,22.42586],[114.10949,22.42634],[114.10994,22.42668],[114.1098,22.42726],[114.11015,22.42774],[114.1101,22.42806],[114.10993,22.42823],[114.10945,22.42831],[114.10943,22.42844],[114.1086,22.42905],[114.1081,22.42914],[114.10788,22.42929],[114.10792,22.42948],[114.10757,22.42973],[114.10654,22.43009],[114.10639,22.43049],[114.10617,22.43072],[114.10586,22.43082],[114.10586,22.43092],[114.10519,22.43108],[114.10483,22.43142],[114.10465,22.43147],[114.10455,22.43127],[114.10481,22.43087],[114.10451,22.43033],[114.10461,22.42976],[114.10426,22.42919],[114.1041,22.42874],[114.10391,22.42884],[114.10384,22.42873],[114.10391,22.42871],[114.10391,22.42846],[114.10461,22.4276],[114.10461,22.42732],[114.10476,22.42721],[114.10515,22.42714],[114.10547,22.42678],[114.10581,22.42662],[114.1065,22.42659],[114.10655,22.42675],[114.10692,22.42686],[114.10728,22.42684],[114.10768,22.42692],[114.1078,22.42691],[114.10785,22.42682],[114.10758,22.42659],[114.10815,22.42661],[114.10803,22.42586],[114.10743,22.42538],[114.10695,22.4247],[114.10772,22.42414],[114.10742,22.42338],[114.10835,22.42293],[114.10836,22.42273],[114.10824,22.42249],[114.10849,22.42228],[114.10855,22.42211],[114.1095,22.42134],[114.11063,22.42073],[114.11085,22.42046],[114.11101,22.42041],[114.11116,22.42017],[114.11183,22.41982],[114.11298,22.41971],[114.11303,22.41922],[114.11294,22.41893],[114.11268,22.41882],[114.11225,22.41881],[114.11209,22.41864],[114.11216,22.41841],[114.11211,22.41814],[114.11233,22.41767],[114.11217,22.41756],[114.11193,22.41756],[114.11198,22.41729],[114.11191,22.41711],[114.11183,22.41713],[114.11161,22.4176],[114.11105,22.41812],[114.11078,22.41856],[114.11065,22.41909],[114.11016,22.41932],[114.10974,22.41932],[114.10881,22.42032],[114.10853,22.42076],[114.10849,22.42097],[114.10834,22.42102],[114.10812,22.42125],[114.1075,22.42149],[114.1068,22.42206],[114.10605,22.42237],[114.10548,22.42283],[114.10546,22.42315],[114.10524,22.4232],[114.1051,22.42353],[114.10476,22.42343],[114.10454,22.42327],[114.10431,22.42264],[114.10393,22.42258],[114.10372,22.42193],[114.10387,22.42173],[114.10414,22.42165],[114.10439,22.42142],[114.10437,22.42125],[114.10486,22.42037],[114.10512,22.42021],[114.10464,22.41964],[114.10411,22.41931],[114.10339,22.41912],[114.10293,22.41928],[114.10268,22.41952],[114.10256,22.41978],[114.10261,22.42091],[114.1028,22.42108],[114.10314,22.42116],[114.10328,22.42132],[114.10333,22.4219],[114.1034,22.42206],[114.10349,22.42205],[114.10367,22.42227],[114.10365,22.42256],[114.10318,22.4225],[114.10287,22.42228],[114.10249,22.42227],[114.10222,22.42209],[114.10208,22.42211],[114.1019,22.42223],[114.10175,22.42252],[114.10127,22.42266],[114.10093,22.42287],[114.10086,22.42322],[114.10064,22.42352],[114.10066,22.42392],[114.10028,22.42417],[114.10009,22.42451],[114.09964,22.42493],[114.09904,22.42498],[114.09889,22.42543],[114.09847,22.42579],[114.09812,22.42563],[114.09785,22.42579],[114.09748,22.42553],[114.0969,22.42552],[114.09637,22.42472],[114.09576,22.42465],[114.09565,22.42456],[114.09553,22.42398],[114.09555,22.42371],[114.09545,22.42351],[114.09571,22.4232],[114.09548,22.42275],[114.09575,22.42247],[114.09558,22.42215],[114.09541,22.42205],[114.09494,22.42204],[114.09435,22.42226],[114.09389,22.42201],[114.09373,22.42092],[114.09414,22.4205],[114.09389,22.41991],[114.09344,22.42008],[114.09255,22.42003],[114.09234,22.42019],[114.09218,22.42049],[114.09203,22.42058],[114.09158,22.4204],[114.09117,22.4204],[114.09096,22.42005],[114.09058,22.41994],[114.09001,22.42028],[114.08962,22.42018],[114.08944,22.41996],[114.08943,22.41958],[114.08928,22.41937],[114.08876,22.41919],[114.08843,22.41917],[114.08825,22.41902],[114.08755,22.41872],[114.08729,22.41823],[114.0869,22.41796],[114.08678,22.41773],[114.08703,22.41727],[114.08701,22.41707],[114.08659,22.41686],[114.08641,22.41667],[114.08677,22.4159],[114.08673,22.41579],[114.08641,22.41565],[114.08577,22.41582],[114.08527,22.41582],[114.08467,22.41561],[114.08459,22.41566],[114.08472,22.41579],[114.08453,22.4162],[114.0844,22.4163],[114.08435,22.41655],[114.08404,22.41659],[114.08392,22.41671],[114.08312,22.41702],[114.08275,22.41751],[114.08218,22.41779],[114.082,22.41797],[114.08125,22.41911],[114.08124,22.41944],[114.0809,22.42041],[114.08094,22.42059],[114.08079,22.42147],[114.08088,22.42189],[114.0815,22.42326],[114.08169,22.42395],[114.08187,22.42417],[114.08194,22.42472],[114.08207,22.42482],[114.08215,22.42512],[114.08184,22.42555],[114.08176,22.42579],[114.08186,22.42647],[114.08194,22.4266],[114.08225,22.42675],[114.08251,22.4274],[114.0825,22.42757],[114.08215,22.42796],[114.08217,22.42833],[114.08121,22.42816],[114.08084,22.42824],[114.08044,22.42855],[114.07981,22.42884],[114.0788,22.42853],[114.07847,22.42877],[114.0781,22.42874],[114.07766,22.42882],[114.07728,22.42912],[114.07696,22.42974],[114.07651,22.42998],[114.07654,22.43039],[114.07629,22.43083],[114.07584,22.43103],[114.07581,22.43115],[114.07556,22.43136],[114.07484,22.43163],[114.07395,22.43261],[114.07422,22.4334],[114.07411,22.43365],[114.07377,22.43399],[114.07392,22.4343],[114.07429,22.43444],[114.07437,22.43454],[114.07438,22.43586],[114.07476,22.43506],[114.07549,22.43433],[114.07777,22.43293],[114.0785,22.4327],[114.08824,22.43277],[114.08833,22.43307],[114.0889,22.43322],[114.0892,22.4339],[114.08961,22.4339],[114.09103,22.43241],[114.09168,22.43246],[114.09223,22.43264],[114.09311,22.43275],[114.09336,22.43246],[114.09364,22.43235],[114.09405,22.43271],[114.09423,22.43269],[114.09458,22.4328],[114.09507,22.4337],[114.09556,22.434],[114.09643,22.43387],[114.09694,22.43399],[114.09744,22.43393],[114.09798,22.43362],[114.09815,22.43331],[114.09828,22.43326],[114.09908,22.4334],[114.09974,22.43322],[114.10066,22.43343],[114.10117,22.43328],[114.10143,22.43338],[114.10164,22.43361],[114.10223,22.43364],[114.10153,22.43499],[114.10189,22.43536],[114.10247,22.43572],[114.10363,22.43619],[114.10398,22.43669],[114.10454,22.4367],[114.10512,22.43652],[114.10557,22.43644]]]}},{"type":"Feature","id":"OZP-S-YL-PS-19","properties":{"id":"OZP-S-YL-PS-19","micro_district":"法定规划区 (S/YL-PS/19)","micro_district_en":"Statutory Scheme (S/YL-PS/19)","main_area":"新界其他","color":"#3b82f6"},"geometry":{"type":"Polygon","coordinates":[[[114.02383,22.46845],[114.02383,22.468],[114.02398,22.46763],[114.02403,22.46724],[114.02392,22.46446],[114.02378,22.46389],[114.0234,22.46337],[114.02063,22.46139],[114.02058,22.46124],[114.02274,22.45664],[114.02366,22.45685],[114.02418,22.45303],[114.02372,22.45291],[114.02345,22.4527],[114.02253,22.451],[114.02205,22.4504],[114.02155,22.44996],[114.02116,22.44971],[114.0191,22.44878],[114.01685,22.4474],[114.01601,22.44715],[114.01751,22.44466],[114.0173,22.44395],[114.01583,22.44376],[114.01413,22.44342],[114.01266,22.44297],[114.01133,22.4424],[114.00978,22.44154],[114.00384,22.43783],[114.00407,22.44037],[114.0052,22.44323],[114.00531,22.44395],[114.00559,22.44403],[114.00573,22.44427],[114.00504,22.44556],[114.0042,22.44686],[114.004,22.44711],[114.00369,22.44722],[114.00438,22.44793],[114.00539,22.44921],[114.00558,22.44909],[114.00749,22.45102],[114.00821,22.45133],[114.00978,22.4516],[114.0092,22.45438],[114.00891,22.45841],[114.00893,22.46013],[114.00922,22.46103],[114.00973,22.46221],[114.0093,22.46275],[114.01028,22.46308],[114.01264,22.46348],[114.01341,22.46374],[114.01386,22.46372],[114.01452,22.4635],[114.01493,22.46348],[114.01509,22.46353],[114.01507,22.46393],[114.01513,22.46399],[114.01583,22.46403],[114.01595,22.46384],[114.01605,22.46382],[114.01696,22.46397],[114.01713,22.46409],[114.0171,22.46435],[114.0178,22.46497],[114.01872,22.46534],[114.01923,22.46569],[114.01953,22.46633],[114.02042,22.46718],[114.02075,22.4674],[114.0214,22.4675],[114.02209,22.46779],[114.02244,22.46807],[114.02249,22.46828],[114.02265,22.46841],[114.02379,22.46862],[114.02383,22.46851],[114.02383,22.46845]]]}},{"type":"Feature","id":"OZP-S-NE-KTS-18","properties":{"id":"OZP-S-NE-KTS-18","micro_district":"法定规划区 (S/NE-KTS/18)","micro_district_en":"Statutory Scheme (S/NE-KTS/18)","main_area":"新界其他","color":"#3b82f6"},"geometry":{"type":"Polygon","coordinates":[[[114.10564,22.50293],[114.10977,22.50262],[114.11394,22.50204],[114.11536,22.50196],[114.1151,22.50122],[114.11473,22.50092],[114.11453,22.49997],[114.11492,22.49877],[114.11564,22.498],[114.11588,22.49735],[114.11519,22.49722],[114.11501,22.49707],[114.11478,22.49704],[114.11416,22.49723],[114.11384,22.49703],[114.11265,22.49662],[114.11268,22.49608],[114.11256,22.49557],[114.11232,22.49498],[114.11194,22.49445],[114.11121,22.49423],[114.11112,22.49462],[114.11066,22.49469],[114.11073,22.49445],[114.11024,22.49433],[114.11001,22.49388],[114.10986,22.4939],[114.10971,22.49375],[114.10935,22.49383],[114.10937,22.49443],[114.10956,22.49479],[114.11012,22.49495],[114.1094,22.49551],[114.1082,22.49543],[114.10788,22.49608],[114.10746,22.49603],[114.10708,22.4964],[114.10666,22.49632],[114.10496,22.49636],[114.10488,22.49615],[114.10422,22.49603],[114.10407,22.49574],[114.10399,22.4949],[114.10421,22.49486],[114.10417,22.49438],[114.10428,22.49413],[114.10445,22.49315],[114.10496,22.49191],[114.10532,22.49198],[114.10567,22.49172],[114.10546,22.49127],[114.10563,22.49109],[114.10572,22.49083],[114.10607,22.4908],[114.10645,22.49046],[114.10689,22.49044],[114.10697,22.49008],[114.10718,22.48987],[114.10767,22.48957],[114.10857,22.48926],[114.10904,22.48892],[114.11001,22.48871],[114.11043,22.48877],[114.11079,22.48848],[114.11097,22.48878],[114.11136,22.48873],[114.11079,22.48813],[114.11026,22.48714],[114.11074,22.48689],[114.11087,22.48665],[114.11082,22.48643],[114.11107,22.48633],[114.11168,22.48573],[114.11162,22.48465],[114.11137,22.484],[114.11173,22.48359],[114.1121,22.48344],[114.11234,22.48263],[114.11293,22.48223],[114.11293,22.482],[114.11335,22.48168],[114.11332,22.48137],[114.11298,22.48109],[114.11289,22.48014],[114.11321,22.48039],[114.11348,22.48019],[114.11368,22.48015],[114.11519,22.48042],[114.11581,22.47997],[114.11658,22.47986],[114.11753,22.47896],[114.11743,22.47868],[114.11647,22.47849],[114.1161,22.47831],[114.11608,22.47805],[114.11639,22.4777],[114.11594,22.47763],[114.1159,22.47732],[114.11514,22.47705],[114.11464,22.47728],[114.11431,22.47682],[114.1146,22.47639],[114.1146,22.47618],[114.11442,22.4761],[114.11361,22.47611],[114.11336,22.476],[114.11315,22.47579],[114.11372,22.47547],[114.11435,22.47538],[114.11419,22.47526],[114.11501,22.47475],[114.11554,22.47455],[114.11547,22.47443],[114.11534,22.47447],[114.11535,22.47434],[114.11577,22.47443],[114.11687,22.47363],[114.11951,22.47307],[114.12045,22.47315],[114.1207,22.47279],[114.12057,22.47254],[114.11983,22.47236],[114.11934,22.47199],[114.11846,22.47163],[114.11814,22.47163],[114.11788,22.47177],[114.11778,22.47171],[114.11787,22.47159],[114.11774,22.47142],[114.11768,22.47151],[114.11727,22.47126],[114.11749,22.47241],[114.1172,22.47269],[114.1174,22.47285],[114.11693,22.47313],[114.11659,22.47319],[114.11632,22.47313],[114.11594,22.47254],[114.11581,22.47273],[114.11571,22.47312],[114.11561,22.4732],[114.11551,22.47317],[114.11522,22.4729],[114.11552,22.47216],[114.1155,22.47196],[114.11539,22.47189],[114.11482,22.47234],[114.11466,22.47227],[114.11441,22.47195],[114.11424,22.47192],[114.11417,22.47226],[114.11379,22.47253],[114.1131,22.47254],[114.11265,22.47268],[114.11247,22.4721],[114.11207,22.47211],[114.11174,22.47219],[114.11128,22.47244],[114.11121,22.4726],[114.11133,22.47293],[114.11131,22.47313],[114.11062,22.47357],[114.11016,22.47406],[114.10996,22.4741],[114.10984,22.47389],[114.11004,22.47335],[114.11,22.47292],[114.10896,22.47154],[114.10929,22.47122],[114.10948,22.47074],[114.11017,22.47027],[114.10906,22.46949],[114.10855,22.46932],[114.10768,22.46946],[114.10783,22.46978],[114.10761,22.47008],[114.10753,22.47046],[114.10728,22.47089],[114.1074,22.47134],[114.10772,22.47174],[114.10714,22.47273],[114.10668,22.47281],[114.10648,22.47319],[114.10561,22.47368],[114.10466,22.47401],[114.10444,22.47379],[114.10385,22.47372],[114.10302,22.47337],[114.10238,22.47331],[114.10169,22.47294],[114.10169,22.47337],[114.1018,22.47367],[114.10112,22.47403],[114.1009,22.47371],[114.10054,22.4738],[114.10034,22.47406],[114.10029,22.47485],[114.10012,22.47516],[114.1,22.47489],[114.09994,22.47434],[114.09977,22.47452],[114.09959,22.47506],[114.09938,22.47522],[114.09906,22.47525],[114.09848,22.47501],[114.09801,22.47509],[114.09789,22.47528],[114.09789,22.47553],[114.09836,22.47641],[114.09789,22.47677],[114.09749,22.47681],[114.09743,22.47705],[114.09731,22.47694],[114.09729,22.47679],[114.09704,22.47669],[114.09683,22.47649],[114.09626,22.47563],[114.0958,22.47616],[114.09632,22.47658],[114.09578,22.47646],[114.09567,22.47662],[114.0955,22.47648],[114.09525,22.47602],[114.09497,22.47579],[114.09319,22.47498],[114.09292,22.47496],[114.09325,22.47568],[114.09375,22.47596],[114.09461,22.47674],[114.09535,22.47686],[114.09552,22.47695],[114.09531,22.47718],[114.09542,22.4774],[114.09569,22.47752],[114.09645,22.47761],[114.09708,22.47827],[114.09822,22.47901],[114.09893,22.47933],[114.09922,22.47983],[114.0993,22.4806],[114.09945,22.48117],[114.09934,22.4816],[114.09908,22.48171],[114.09859,22.48176],[114.09786,22.48176],[114.09767,22.48146],[114.0971,22.48126],[114.09697,22.4815],[114.09658,22.48187],[114.09655,22.48225],[114.09667,22.48261],[114.09689,22.48272],[114.0977,22.4828],[114.0983,22.4831],[114.09794,22.48386],[114.09799,22.48414],[114.09829,22.48449],[114.09833,22.48466],[114.09779,22.48467],[114.09741,22.48485],[114.09678,22.485],[114.09671,22.48521],[114.09683,22.48569],[114.09652,22.48574],[114.09636,22.48589],[114.09614,22.48568],[114.09583,22.48607],[114.09595,22.48623],[114.09556,22.48652],[114.09564,22.48689],[114.09539,22.48703],[114.09513,22.48703],[114.09507,22.48724],[114.09512,22.48735],[114.09557,22.48799],[114.09547,22.48811],[114.09506,22.4878],[114.09471,22.48777],[114.09465,22.48766],[114.09425,22.48774],[114.09343,22.48871],[114.09336,22.48964],[114.0929,22.48996],[114.09293,22.49011],[114.09338,22.49031],[114.09344,22.49048],[114.0934,22.49061],[114.09301,22.49088],[114.0924,22.49083],[114.09238,22.4909],[114.09278,22.49106],[114.09416,22.49125],[114.09474,22.49159],[114.09455,22.49195],[114.0946,22.49213],[114.09544,22.4922],[114.09601,22.49247],[114.09638,22.49276],[114.0969,22.49295],[114.09782,22.49463],[114.09777,22.49499],[114.09732,22.49534],[114.09817,22.49578],[114.09832,22.49617],[114.09861,22.49629],[114.0988,22.49646],[114.09911,22.49651],[114.09941,22.49686],[114.09989,22.49696],[114.10049,22.49755],[114.10068,22.49805],[114.10051,22.4983],[114.10007,22.49842],[114.09861,22.49843],[114.09831,22.49836],[114.09799,22.49809],[114.09712,22.49762],[114.09664,22.49775],[114.09628,22.4981],[114.09649,22.49833],[114.0964,22.49877],[114.09703,22.49889],[114.09716,22.499],[114.09735,22.4994],[114.09775,22.49945],[114.0981,22.49976],[114.09875,22.49996],[114.09879,22.50009],[114.09855,22.50024],[114.09875,22.50081],[114.09858,22.50128],[114.09836,22.50146],[114.09788,22.50161],[114.09764,22.50192],[114.09713,22.50182],[114.09696,22.5022],[114.09678,22.50233],[114.0964,22.50211],[114.09593,22.50161],[114.09551,22.50153],[114.09537,22.50169],[114.09544,22.50234],[114.09535,22.50257],[114.095,22.50281],[114.09456,22.50273],[114.0942,22.50294],[114.09398,22.5024],[114.09362,22.50187],[114.09342,22.50171],[114.0934,22.50135],[114.09303,22.50106],[114.09315,22.50155],[114.093,22.50176],[114.09325,22.50265],[114.09304,22.50248],[114.09299,22.5028],[114.0928,22.5028],[114.09255,22.50262],[114.09238,22.50228],[114.09227,22.50221],[114.09217,22.50235],[114.09216,22.50303],[114.09198,22.50338],[114.09471,22.50369],[114.09549,22.5037],[114.10537,22.50295],[114.10564,22.50293]]]}},{"type":"Feature","id":"OZP-S-NE-KLH-11","properties":{"id":"OZP-S-NE-KLH-11","micro_district":"法定规划区 (S/NE-KLH/11)","micro_district_en":"Statutory Scheme (S/NE-KLH/11)","main_area":"新界其他","color":"#3b82f6"},"geometry":{"type":"Polygon","coordinates":[[[114.15349,22.48728],[114.1539,22.48586],[114.15428,22.48512],[114.15448,22.48495],[114.15489,22.48479],[114.15526,22.48445],[114.15573,22.48464],[114.156,22.48453],[114.15591,22.48392],[114.15599,22.48358],[114.15591,22.48331],[114.15608,22.48289],[114.15632,22.48276],[114.15698,22.48266],[114.15773,22.48284],[114.15798,22.48273],[114.15796,22.48261],[114.15767,22.48239],[114.15713,22.48223],[114.15671,22.48173],[114.1563,22.48146],[114.15632,22.48121],[114.15658,22.48092],[114.15698,22.481],[114.15815,22.48184],[114.15918,22.4831],[114.15957,22.48326],[114.16007,22.48366],[114.16055,22.48361],[114.16073,22.48367],[114.161,22.48438],[114.16123,22.4844],[114.1616,22.48401],[114.16186,22.484],[114.16225,22.48421],[114.16256,22.48489],[114.16283,22.48495],[114.16344,22.48421],[114.16346,22.4841],[114.16336,22.48398],[114.16296,22.48394],[114.16245,22.48372],[114.16227,22.4835],[114.16236,22.48333],[114.16289,22.48314],[114.16255,22.483],[114.1624,22.48284],[114.16226,22.48211],[114.16165,22.48119],[114.16166,22.48098],[114.16201,22.48052],[114.16202,22.48037],[114.16139,22.47996],[114.16126,22.47977],[114.16142,22.47922],[114.16111,22.47901],[114.16104,22.47886],[114.16156,22.47863],[114.1616,22.4784],[114.16101,22.47832],[114.16103,22.47783],[114.16096,22.47771],[114.16051,22.47784],[114.16011,22.47778],[114.15959,22.47792],[114.15928,22.47783],[114.15915,22.47761],[114.15917,22.47722],[114.15971,22.47649],[114.15968,22.47622],[114.15932,22.47592],[114.15901,22.47584],[114.15861,22.47638],[114.15793,22.47655],[114.15771,22.47631],[114.15754,22.47554],[114.15769,22.47519],[114.15805,22.47513],[114.15814,22.47493],[114.15809,22.47455],[114.15783,22.47404],[114.15784,22.47378],[114.15806,22.47374],[114.15853,22.47402],[114.15864,22.47395],[114.15882,22.47345],[114.15878,22.47287],[114.1589,22.4727],[114.15948,22.47238],[114.16042,22.47239],[114.16097,22.472],[114.16141,22.47182],[114.16221,22.4713],[114.16217,22.47116],[114.16196,22.47114],[114.16102,22.47145],[114.16061,22.47151],[114.16019,22.47137],[114.16005,22.47122],[114.16078,22.47077],[114.16115,22.47108],[114.16147,22.471],[114.16199,22.4704],[114.1621,22.47006],[114.16208,22.46987],[114.16191,22.46974],[114.16176,22.4698],[114.16162,22.47032],[114.16144,22.47056],[114.16126,22.47066],[114.16061,22.4705],[114.16,22.4706],[114.15962,22.47021],[114.1593,22.47038],[114.15899,22.47092],[114.15873,22.47113],[114.15824,22.47114],[114.15843,22.4707],[114.15815,22.4706],[114.15777,22.47073],[114.1575,22.47103],[114.15724,22.47119],[114.15685,22.47108],[114.15638,22.47111],[114.15615,22.47071],[114.15635,22.47031],[114.15794,22.46981],[114.15811,22.46963],[114.15802,22.46955],[114.15728,22.46965],[114.15699,22.46974],[114.15683,22.4699],[114.1562,22.46982],[114.15599,22.469],[114.15616,22.4686],[114.15657,22.46859],[114.15773,22.46874],[114.1579,22.46866],[114.15704,22.46847],[114.15664,22.46829],[114.15635,22.468],[114.15596,22.4674],[114.15593,22.46725],[114.15607,22.46702],[114.15668,22.4665],[114.15704,22.46636],[114.15751,22.46641],[114.15757,22.46625],[114.1574,22.46615],[114.15679,22.46609],[114.15673,22.46599],[114.15645,22.46596],[114.15619,22.46569],[114.15589,22.46567],[114.15524,22.46579],[114.15483,22.46629],[114.15467,22.46617],[114.15421,22.46617],[114.15408,22.46609],[114.15418,22.46604],[114.15405,22.466],[114.15381,22.46608],[114.15369,22.46602],[114.15366,22.46632],[114.15294,22.46634],[114.15241,22.46657],[114.1518,22.46445],[114.15206,22.46454],[114.1522,22.46422],[114.15243,22.46426],[114.15306,22.46382],[114.15315,22.46355],[114.15279,22.46324],[114.15262,22.46339],[114.15215,22.46319],[114.15189,22.4632],[114.15162,22.46269],[114.15128,22.46158],[114.15043,22.46207],[114.14933,22.46224],[114.14876,22.46245],[114.14826,22.46173],[114.14796,22.4615],[114.1475,22.46129],[114.14659,22.46196],[114.14601,22.46207],[114.14558,22.46205],[114.14451,22.46177],[114.14303,22.46156],[114.14226,22.46207],[114.14094,22.46261],[114.14072,22.4628],[114.14079,22.46307],[114.14111,22.46346],[114.14196,22.46381],[114.14188,22.46413],[114.14141,22.46446],[114.1414,22.46462],[114.14197,22.46476],[114.14276,22.46589],[114.14353,22.46641],[114.14404,22.46745],[114.14458,22.46774],[114.14489,22.46867],[114.145,22.46873],[114.14508,22.46868],[114.14521,22.4682],[114.14539,22.46816],[114.14552,22.46825],[114.14582,22.46882],[114.14575,22.46967],[114.1458,22.46978],[114.14595,22.46986],[114.1466,22.46992],[114.14742,22.47037],[114.14751,22.47072],[114.14721,22.47134],[114.14723,22.4715],[114.14805,22.47198],[114.14826,22.47251],[114.14816,22.4728],[114.14766,22.47305],[114.14777,22.47375],[114.14801,22.47387],[114.14836,22.47367],[114.14842,22.473],[114.14888,22.47267],[114.14908,22.47267],[114.14945,22.47297],[114.14957,22.47319],[114.14984,22.47435],[114.15031,22.47476],[114.15055,22.47522],[114.15098,22.47572],[114.15107,22.47613],[114.15153,22.47684],[114.15162,22.47731],[114.15241,22.47794],[114.15263,22.47847],[114.15298,22.479],[114.15296,22.47915],[114.15282,22.47923],[114.15221,22.4792],[114.15179,22.47898],[114.15165,22.47902],[114.15176,22.47925],[114.15211,22.47947],[114.15319,22.47987],[114.15339,22.4802],[114.15304,22.48169],[114.15296,22.48309],[114.15233,22.48481],[114.15182,22.48592],[114.1515,22.48721],[114.15159,22.48737],[114.15172,22.48741],[114.15259,22.48725],[114.15332,22.48746],[114.15348,22.48733],[114.15349,22.48728]]]}},{"type":"Feature","id":"OZP-S-YL-MP-6","properties":{"id":"OZP-S-YL-MP-6","micro_district":"法定规划区 (S/YL-MP/6)","micro_district_en":"Statutory Scheme (S/YL-MP/6)","main_area":"新界其他","color":"#3b82f6"},"geometry":{"type":"Polygon","coordinates":[[[114.04141,22.50418],[114.04175,22.50423],[114.0425,22.50414],[114.04287,22.50402],[114.04313,22.50374],[114.04317,22.50421],[114.04474,22.50384],[114.04592,22.50338],[114.0486,22.50202],[114.05036,22.50165],[114.05155,22.50164],[114.05289,22.5019],[114.05431,22.50247],[114.0559,22.50326],[114.05632,22.50279],[114.05651,22.50208],[114.05677,22.50179],[114.05775,22.50156],[114.0583,22.50153],[114.0586,22.50133],[114.05884,22.5007],[114.05894,22.49965],[114.05933,22.49881],[114.05916,22.49821],[114.05945,22.4977],[114.0596,22.49776],[114.05987,22.4973],[114.05987,22.49677],[114.05997,22.49646],[114.06029,22.4961],[114.06067,22.49547],[114.06143,22.49528],[114.06166,22.49499],[114.06199,22.4948],[114.06252,22.49501],[114.06272,22.49456],[114.06276,22.49395],[114.06311,22.49377],[114.06308,22.49277],[114.06283,22.49181],[114.06153,22.49099],[114.06039,22.48991],[114.05947,22.4886],[114.05892,22.48732],[114.05859,22.48585],[114.05821,22.4797],[114.05806,22.47871],[114.05765,22.47738],[114.05656,22.47516],[114.05625,22.47435],[114.05501,22.46964],[114.05241,22.47111],[114.05266,22.47161],[114.05192,22.47195],[114.05199,22.47207],[114.05097,22.47254],[114.05092,22.47247],[114.05016,22.47284],[114.05005,22.47262],[114.04975,22.47249],[114.04936,22.47209],[114.04857,22.47178],[114.04842,22.47183],[114.04798,22.47242],[114.04772,22.47259],[114.04739,22.47275],[114.04634,22.473],[114.0455,22.47344],[114.04509,22.47275],[114.04474,22.47266],[114.04437,22.47202],[114.04445,22.47104],[114.04151,22.47144],[114.04141,22.47066],[114.04089,22.47082],[114.0388,22.47071],[114.03819,22.4708],[114.03776,22.47095],[114.03733,22.47124],[114.03688,22.47174],[114.03604,22.47295],[114.03562,22.47375],[114.03542,22.47386],[114.03429,22.47411],[114.03359,22.47401],[114.03312,22.47368],[114.03283,22.47327],[114.03242,22.47239],[114.03208,22.47206],[114.03157,22.47192],[114.03039,22.47196],[114.02992,22.47455],[114.02992,22.47501],[114.0293,22.47831],[114.02907,22.47925],[114.02861,22.47986],[114.02809,22.48255],[114.02734,22.48328],[114.02657,22.48377],[114.02671,22.48378],[114.02729,22.48353],[114.02762,22.48351],[114.02835,22.48295],[114.02863,22.48293],[114.02869,22.48284],[114.02927,22.4826],[114.03075,22.48143],[114.03103,22.48111],[114.03184,22.48061],[114.03223,22.48053],[114.03244,22.4807],[114.03245,22.4809],[114.03082,22.48207],[114.03048,22.48249],[114.03052,22.48269],[114.02985,22.48326],[114.02965,22.48354],[114.0294,22.48363],[114.0291,22.48356],[114.02874,22.48367],[114.02858,22.48424],[114.02875,22.48462],[114.02854,22.48461],[114.02796,22.4849],[114.02752,22.48485],[114.02749,22.48507],[114.02757,22.48522],[114.02836,22.48555],[114.02856,22.48575],[114.02863,22.486],[114.02847,22.4863],[114.02852,22.48646],[114.0278,22.4868],[114.02662,22.48682],[114.02604,22.48709],[114.02678,22.48721],[114.02777,22.48749],[114.02797,22.48766],[114.02809,22.48766],[114.028,22.4879],[114.02814,22.48832],[114.02792,22.48858],[114.02748,22.48868],[114.0271,22.48888],[114.02682,22.4889],[114.02661,22.48904],[114.02634,22.48903],[114.02624,22.4891],[114.02637,22.48926],[114.0267,22.48924],[114.02752,22.48947],[114.02827,22.48995],[114.02808,22.49023],[114.02833,22.49047],[114.02849,22.4927],[114.02873,22.49327],[114.02905,22.49357],[114.02861,22.4938],[114.02855,22.49395],[114.02863,22.49409],[114.02838,22.49447],[114.02851,22.49457],[114.02915,22.49449],[114.02941,22.49506],[114.0296,22.49516],[114.03007,22.49521],[114.03051,22.49551],[114.03075,22.4958],[114.03062,22.4962],[114.0301,22.497],[114.03007,22.49729],[114.03021,22.49725],[114.03074,22.49667],[114.03147,22.49632],[114.03245,22.4966],[114.033,22.49701],[114.03292,22.49736],[114.0331,22.49748],[114.03257,22.49748],[114.03215,22.49765],[114.03192,22.49791],[114.0318,22.49846],[114.03091,22.49924],[114.03083,22.49951],[114.03128,22.4994],[114.03196,22.49895],[114.03402,22.49888],[114.03414,22.49896],[114.03404,22.49934],[114.03415,22.49953],[114.03384,22.49996],[114.03386,22.50007],[114.0343,22.49969],[114.03454,22.49923],[114.03481,22.49921],[114.03492,22.49938],[114.03488,22.49955],[114.03424,22.50049],[114.03372,22.50105],[114.03362,22.50142],[114.03514,22.5002],[114.03527,22.50018],[114.03543,22.50043],[114.03591,22.5001],[114.03614,22.50031],[114.03614,22.50047],[114.03635,22.50046],[114.03621,22.50075],[114.03632,22.50091],[114.03693,22.50112],[114.03711,22.50131],[114.03719,22.50168],[114.03719,22.5026],[114.0374,22.50293],[114.03742,22.50361],[114.03753,22.50354],[114.0375,22.50328],[114.03786,22.5032],[114.03806,22.50301],[114.03802,22.50294],[114.0377,22.50306],[114.03753,22.50298],[114.0377,22.50288],[114.03766,22.50271],[114.03785,22.50278],[114.03806,22.50272],[114.03816,22.50231],[114.0397,22.50299],[114.03966,22.50368],[114.03983,22.5038],[114.04018,22.50374],[114.04036,22.50329],[114.04063,22.50306],[114.04115,22.50307],[114.04113,22.50318],[114.04085,22.50336],[114.04076,22.50388],[114.04109,22.50424],[114.0414,22.50418],[114.04141,22.50418]]]}},{"type":"Feature","id":"OZP-S-HSK-2","properties":{"id":"OZP-S-HSK-2","micro_district":"洪水桥","micro_district_en":"Hung Shui Kiu","main_area":"新界元朗及天水围","color":"#3b82f6"},"geometry":{"type":"Polygon","coordinates":[[[113.98981,22.46098],[113.99047,22.46121],[113.99176,22.46143],[113.9933,22.46184],[113.99467,22.46189],[113.99445,22.46041],[113.99444,22.45961],[113.99452,22.45903],[113.99483,22.45803],[113.99577,22.45625],[113.99823,22.45241],[113.999,22.45098],[113.99903,22.45078],[113.99885,22.45005],[113.99911,22.44937],[113.99994,22.44779],[113.99986,22.44691],[113.99992,22.44674],[114.00009,22.44661],[114.00062,22.44646],[114.00168,22.44643],[114.00252,22.44667],[114.00319,22.44721],[114.00335,22.44707],[114.00357,22.44721],[114.00387,22.44718],[114.00406,22.44706],[114.00504,22.44556],[114.00573,22.44425],[114.00559,22.44403],[114.00531,22.44395],[114.0052,22.44323],[114.00407,22.44037],[114.00384,22.43783],[114.00249,22.437],[113.9993,22.43477],[113.99527,22.43192],[113.99332,22.43042],[113.99157,22.42888],[113.98677,22.42378],[113.98398,22.42567],[113.98339,22.42585],[113.98271,22.4258],[113.98235,22.42597],[113.98188,22.42642],[113.98198,22.42664],[113.98192,22.42686],[113.98139,22.42719],[113.98096,22.42795],[113.98105,22.42817],[113.98147,22.42839],[113.98158,22.42871],[113.98154,22.42887],[113.98114,22.42929],[113.981,22.42955],[113.98091,22.43087],[113.98164,22.43165],[113.98188,22.43175],[113.98208,22.43171],[113.98206,22.43204],[113.98216,22.43204],[113.98225,22.43224],[113.98211,22.43233],[113.98242,22.43286],[113.98322,22.43316],[113.98319,22.43341],[113.9828,22.43351],[113.98255,22.4337],[113.98265,22.43392],[113.98284,22.4341],[113.98372,22.43412],[113.98385,22.43429],[113.98388,22.43451],[113.98378,22.43519],[113.98354,22.43574],[113.98365,22.43581],[113.98361,22.43587],[113.98317,22.43574],[113.9828,22.43539],[113.98261,22.43503],[113.98245,22.43493],[113.98233,22.43526],[113.9817,22.43568],[113.98164,22.43591],[113.9819,22.43633],[113.98221,22.43646],[113.98242,22.43689],[113.98235,22.43689],[113.98279,22.43738],[113.98288,22.4381],[113.98307,22.43836],[113.9834,22.43846],[113.98419,22.43826],[113.98441,22.43836],[113.98451,22.4385],[113.98463,22.43948],[113.98492,22.44051],[113.9852,22.44078],[113.98556,22.44073],[113.98547,22.44164],[113.98517,22.4425],[113.9847,22.44329],[113.98356,22.44488],[113.98233,22.44588],[113.98199,22.44598],[113.98176,22.44629],[113.9805,22.44715],[113.97974,22.44756],[113.97937,22.44759],[113.97908,22.44776],[113.97823,22.44801],[113.97754,22.44841],[113.97686,22.44911],[113.97626,22.45022],[113.9759,22.45072],[113.9737,22.45255],[113.97512,22.4527],[113.976,22.45252],[113.97678,22.45274],[113.97737,22.45271],[113.97762,22.45281],[113.97757,22.453],[113.97773,22.45364],[113.97756,22.45388],[113.97733,22.45395],[113.97735,22.45407],[113.97767,22.454],[113.97973,22.4559],[113.98058,22.45505],[113.98098,22.45521],[113.9818,22.4563],[113.98216,22.45721],[113.98251,22.45741],[113.98265,22.45788],[113.98303,22.45811],[113.98338,22.45862],[113.98387,22.45886],[113.9846,22.45903],[113.985,22.45925],[113.98543,22.45926],[113.98553,22.45943],[113.98598,22.45961],[113.98579,22.45987],[113.9855,22.46004],[113.98336,22.4603],[113.98311,22.46057],[113.98324,22.46075],[113.98368,22.46083],[113.98447,22.46121],[113.98469,22.46169],[113.98443,22.46198],[113.98433,22.46235],[113.98331,22.46336],[113.98369,22.46379],[113.98381,22.4642],[113.98405,22.46719],[113.98427,22.46727],[113.98428,22.46713],[113.98674,22.46415],[113.98767,22.46296],[113.98815,22.46222],[113.9898,22.46099],[113.98981,22.46098]]]}},{"type":"Feature","id":"OZP-S-FSSE-1","properties":{"id":"OZP-S-FSSE-1","micro_district":"法定规划区 (S/FSSE/1)","micro_district_en":"Statutory Scheme (S/FSSE/1)","main_area":"新界其他","color":"#3b82f6"},"geometry":{"type":"Polygon","coordinates":[[[114.1224,22.49653],[114.12309,22.49571],[114.12294,22.49528],[114.1229,22.49489],[114.12308,22.49416],[114.12354,22.4931],[114.1235,22.49272],[114.12329,22.49258],[114.12315,22.49274],[114.12247,22.49261],[114.12246,22.4924],[114.12217,22.49228],[114.12223,22.49213],[114.12217,22.49203],[114.12172,22.49169],[114.12165,22.49185],[114.12125,22.49168],[114.12121,22.49151],[114.12093,22.49145],[114.12084,22.49132],[114.12038,22.49126],[114.11983,22.49099],[114.1194,22.49103],[114.11905,22.49067],[114.1186,22.49049],[114.11845,22.49052],[114.11804,22.49012],[114.11772,22.49009],[114.1176,22.48996],[114.11769,22.4898],[114.11797,22.48965],[114.11845,22.48982],[114.1186,22.48976],[114.1188,22.48926],[114.11868,22.48866],[114.11855,22.4886],[114.11826,22.48795],[114.11785,22.48735],[114.11719,22.4867],[114.11626,22.4853],[114.11575,22.48473],[114.11607,22.48354],[114.11602,22.48312],[114.11554,22.48271],[114.11552,22.48242],[114.1154,22.48234],[114.11499,22.48217],[114.11397,22.48207],[114.11335,22.48168],[114.11327,22.48171],[114.1129,22.48205],[114.11349,22.4825],[114.11452,22.48362],[114.11524,22.48521],[114.11624,22.48675],[114.11642,22.48745],[114.11648,22.48848],[114.11704,22.49008],[114.11719,22.49023],[114.11716,22.49033],[114.11817,22.49156],[114.1193,22.49239],[114.11982,22.49355],[114.12184,22.49633],[114.12209,22.49656],[114.12239,22.49654],[114.1224,22.49653]]]}},{"type":"Feature","id":"OZP-S-TM-LTYY-11","properties":{"id":"OZP-S-TM-LTYY-11","micro_district":"法定规划区 (S/TM-LTYY/11)","micro_district_en":"Statutory Scheme (S/TM-LTYY/11)","main_area":"新界其他","color":"#3b82f6"},"geometry":{"type":"Polygon","coordinates":[[[113.99626,22.42381],[113.99697,22.42274],[113.99723,22.42253],[113.99744,22.42247],[113.9982,22.42245],[113.99864,22.4227],[113.99881,22.42271],[113.99939,22.42238],[114.00057,22.42205],[114.0069,22.42191],[114.00671,22.41427],[114.00643,22.41414],[114.00612,22.41416],[114.00582,22.41435],[114.00549,22.41474],[114.00523,22.41485],[114.00312,22.41483],[114.00252,22.41467],[114.00166,22.41421],[114.0013,22.4141],[113.99976,22.41408],[113.99742,22.41379],[113.99731,22.41354],[113.99667,22.41345],[113.99651,22.41323],[113.99658,22.41304],[113.99731,22.41259],[113.99733,22.4125],[113.9962,22.41184],[113.99514,22.41143],[113.99442,22.41136],[113.98914,22.41156],[113.9863,22.41437],[113.9827,22.41541],[113.9822,22.41568],[113.98175,22.41627],[113.98216,22.41646],[113.98209,22.41717],[113.98235,22.41779],[113.98205,22.41796],[113.98144,22.41675],[113.98103,22.41696],[113.98041,22.41573],[113.97852,22.41657],[113.97732,22.41723],[113.97604,22.41814],[113.97485,22.4192],[113.97064,22.41826],[113.96868,22.41761],[113.96697,22.4169],[113.97488,22.43045],[113.9809,22.43044],[113.98102,22.4295],[113.98154,22.42887],[113.98158,22.42871],[113.98145,22.42838],[113.98102,22.42814],[113.98097,22.4279],[113.98139,22.42719],[113.98194,22.42683],[113.98198,22.42664],[113.98188,22.42642],[113.98226,22.42603],[113.98259,22.42583],[113.98347,22.42584],[113.98408,22.42562],[113.98677,22.42378],[113.99168,22.42899],[113.99358,22.43063],[113.9964,22.43271],[113.99649,22.43249],[113.99647,22.43226],[113.99534,22.42967],[113.99503,22.42951],[113.99414,22.42927],[113.99451,22.42777],[113.99431,22.42761],[113.99374,22.42748],[113.99355,22.42719],[113.99371,22.42597],[113.99382,22.42574],[113.99405,22.42558],[113.99494,22.42531],[113.99541,22.42506],[113.99584,22.42462],[113.99622,22.42387],[113.99626,22.42381]]]}},{"type":"Feature","id":"OZP-S-TM-36","properties":{"id":"OZP-S-TM-36","micro_district":"屯门市中心及屯门南","micro_district_en":"Statutory Scheme (S/TM/36)","main_area":"新界屯门区","color":"#ca8a04"},"geometry":{"type":"MultiPolygon","coordinates":[[[[113.98041,22.41573],[113.98103,22.41696],[113.98144,22.41675],[113.98205,22.41796],[113.98235,22.41779],[113.98209,22.41717],[113.98216,22.41646],[113.98175,22.41627],[113.9822,22.41568],[113.9827,22.41541],[113.9863,22.41437],[113.9893,22.41138],[113.9886,22.41016],[113.98848,22.40976],[113.98854,22.40817],[113.98838,22.40675],[113.98843,22.40602],[113.98889,22.40416],[113.98889,22.40374],[113.98929,22.40266],[113.9893,22.40227],[113.98953,22.4016],[113.98958,22.40112],[113.98948,22.40094],[113.98884,22.4009],[113.98859,22.4007],[113.98801,22.399],[113.98784,22.39832],[113.98789,22.39811],[113.98829,22.39778],[113.98849,22.39737],[113.98848,22.39625],[113.98861,22.39581],[113.98898,22.3953],[113.98971,22.39475],[113.98963,22.39466],[113.98914,22.39475],[113.9886,22.39472],[113.98742,22.39426],[113.98713,22.39436],[113.9864,22.39499],[113.98596,22.39525],[113.98536,22.39522],[113.98482,22.39544],[113.98357,22.39482],[113.98298,22.39491],[113.98274,22.3948],[113.9826,22.39413],[113.98225,22.39338],[113.98235,22.39316],[113.98258,22.39295],[113.98258,22.39263],[113.98303,22.39191],[113.98298,22.39161],[113.98321,22.39136],[113.98308,22.39098],[113.98303,22.39018],[113.98337,22.38972],[113.98316,22.38941],[113.98319,22.38886],[113.98345,22.38822],[113.98381,22.38794],[113.98378,22.38739],[113.98367,22.38721],[113.98377,22.38695],[113.98369,22.38672],[113.98385,22.38628],[113.98382,22.38577],[113.98417,22.38478],[113.98401,22.3845],[113.98395,22.38394],[113.98413,22.38369],[113.98412,22.38329],[113.98396,22.3831],[113.98396,22.38266],[113.98371,22.38222],[113.98331,22.38211],[113.98325,22.38181],[113.98357,22.38141],[113.9841,22.38141],[113.98467,22.38093],[113.9848,22.38073],[113.98459,22.38048],[113.98457,22.38022],[113.98484,22.38001],[113.98538,22.37979],[113.98562,22.37959],[113.98613,22.37953],[113.98696,22.37917],[113.98768,22.37918],[113.98798,22.37887],[113.98813,22.37883],[113.98853,22.37901],[113.9888,22.37902],[113.9891,22.3788],[113.98931,22.3784],[113.98942,22.37837],[113.99014,22.37832],[113.9908,22.37851],[113.99127,22.37882],[113.99144,22.37859],[113.99167,22.37844],[113.99169,22.37811],[113.9916,22.37796],[113.99156,22.37762],[113.99174,22.37724],[113.99281,22.37695],[113.99316,22.37642],[113.99357,22.37609],[113.99469,22.37617],[113.99559,22.37592],[113.99622,22.3755],[113.99694,22.37477],[113.99745,22.37512],[113.99733,22.37569],[113.9974,22.37584],[113.99784,22.37567],[113.99844,22.37604],[113.99857,22.37605],[113.99893,22.37562],[113.99933,22.3755],[113.99982,22.37578],[114.00048,22.37588],[114.00149,22.37625],[114.00233,22.37622],[114.00259,22.37612],[114.00308,22.37561],[114.00323,22.37522],[114.0037,22.37491],[114.00415,22.37487],[114.00471,22.37517],[114.00505,22.37514],[114.00573,22.37417],[114.00579,22.37398],[114.00565,22.37363],[114.00563,22.37237],[114.0055,22.3715],[114.00504,22.37039],[114.00477,22.36995],[114.00427,22.36938],[114.00367,22.36905],[114.0022,22.36878],[114.00135,22.36837],[114.00098,22.36814],[114.00057,22.36751],[114.00171,22.36648],[114.00213,22.36628],[114.00561,22.36616],[114.00794,22.36659],[114.01216,22.36617],[114.01267,22.36579],[114.0132,22.36521],[114.01336,22.36469],[114.01321,22.36394],[114.01324,22.36325],[114.01267,22.36323],[114.01253,22.36313],[114.01229,22.36316],[114.01241,22.36294],[114.0123,22.36285],[114.01218,22.36291],[114.01197,22.36244],[114.01248,22.36217],[114.01245,22.36209],[114.01172,22.36231],[114.01153,22.36195],[114.01148,22.36197],[114.01148,22.36178],[114.01108,22.36181],[114.01111,22.36226],[114.0112,22.36247],[114.0104,22.36252],[114.0103,22.36272],[114.0104,22.36283],[114.01033,22.36305],[114.01044,22.36327],[114.01037,22.36376],[114.00992,22.36451],[114.00892,22.36515],[114.00801,22.36538],[114.00766,22.3654],[114.00721,22.3652],[114.00719,22.365],[114.00728,22.36487],[114.0071,22.36463],[114.00729,22.36435],[114.00726,22.36425],[114.00716,22.36427],[114.00709,22.36448],[114.00694,22.36448],[114.00616,22.36405],[114.00618,22.36425],[114.00589,22.36416],[114.00532,22.36416],[114.00509,22.36361],[114.00458,22.36329],[114.0039,22.3631],[114.00348,22.36269],[114.00327,22.36266],[114.00265,22.36286],[114.00235,22.36281],[114.00228,22.36275],[114.00226,22.3622],[114.00213,22.36211],[114.00147,22.3621],[114.00147,22.3618],[113.99925,22.3618],[113.99925,22.3619],[113.9991,22.3619],[113.9991,22.3618],[113.99881,22.3618],[113.99887,22.3621],[113.9983,22.3621],[113.99816,22.36225],[113.99815,22.36263],[113.99796,22.36276],[113.99782,22.36327],[113.99758,22.36344],[113.99789,22.36394],[113.99765,22.3639],[113.99755,22.36397],[113.99752,22.36424],[113.99741,22.36435],[113.99748,22.3644],[113.9974,22.36451],[113.99749,22.36458],[113.99738,22.36475],[113.99717,22.36484],[113.99721,22.36511],[113.99685,22.36538],[113.99596,22.36572],[113.99528,22.36515],[113.99455,22.36506],[113.99453,22.36492],[113.99436,22.36501],[113.99449,22.36507],[113.9942,22.3652],[113.99338,22.36512],[113.99298,22.36526],[113.99271,22.36548],[113.99266,22.36572],[113.99249,22.36571],[113.99241,22.36606],[113.99232,22.36612],[113.99073,22.36534],[113.99078,22.36525],[113.99058,22.36473],[113.98983,22.36463],[113.98931,22.36475],[113.98818,22.36469],[113.98791,22.36477],[113.98794,22.36522],[113.98847,22.36529],[113.989,22.36557],[113.98931,22.36558],[113.99,22.36603],[113.99033,22.36588],[113.99033,22.36572],[113.99073,22.36546],[113.99228,22.36623],[113.99168,22.36727],[113.99166,22.36759],[113.99178,22.36785],[113.99257,22.36846],[113.9949,22.36974],[113.99465,22.37011],[113.99369,22.36954],[113.99173,22.3724],[113.98927,22.37093],[113.98961,22.37009],[113.98976,22.36929],[113.98976,22.36869],[113.9896,22.36793],[113.99046,22.36759],[113.99055,22.36746],[113.99038,22.36737],[113.98947,22.3677],[113.98937,22.36751],[113.98944,22.36729],[113.98937,22.36708],[113.98915,22.36696],[113.98889,22.36701],[113.98874,22.36727],[113.98888,22.36757],[113.98865,22.36781],[113.98871,22.36796],[113.98886,22.36789],[113.98906,22.36832],[113.98917,22.36936],[113.9889,22.37039],[113.98797,22.37212],[113.988,22.3726],[113.98642,22.37407],[113.98633,22.37398],[113.98538,22.37477],[113.98359,22.37586],[113.98279,22.37606],[113.98271,22.37597],[113.98246,22.37591],[113.98209,22.37599],[113.9818,22.37621],[113.98188,22.37632],[113.98178,22.37647],[113.98123,22.37688],[113.9811,22.3769],[113.98095,22.3767],[113.98074,22.37665],[113.98045,22.37677],[113.98027,22.37729],[113.98054,22.37755],[113.98068,22.37745],[113.98079,22.37758],[113.9809,22.37788],[113.98073,22.37845],[113.98051,22.37873],[113.97966,22.37947],[113.97866,22.37984],[113.9784,22.37955],[113.97833,22.37935],[113.97836,22.37912],[113.97857,22.37881],[113.97789,22.37762],[113.97781,22.37718],[113.97797,22.37676],[113.97884,22.37553],[113.97902,22.37518],[113.97903,22.37494],[113.97843,22.37412],[113.97805,22.37392],[113.97759,22.3739],[113.97714,22.37408],[113.97684,22.37441],[113.97563,22.37633],[113.97775,22.3798],[113.97654,22.38163],[113.96955,22.37863],[113.96934,22.37861],[113.9707,22.376],[113.9698,22.37552],[113.97199,22.37162],[113.97235,22.37116],[113.97264,22.37096],[113.97315,22.37089],[113.97405,22.37094],[113.97405,22.37083],[113.97259,22.37077],[113.97119,22.3709],[113.96634,22.37213],[113.96628,22.37193],[113.96619,22.37192],[113.96589,22.37092],[113.96565,22.37098],[113.96599,22.37222],[113.96436,22.37262],[113.96292,22.37278],[113.96133,22.37276],[113.96111,22.37269],[113.96076,22.37236],[113.96029,22.37238],[113.96019,22.37249],[113.96024,22.37284],[113.96004,22.37306],[113.95961,22.37322],[113.95889,22.37328],[113.95775,22.37308],[113.95611,22.37267],[113.95432,22.37175],[113.95386,22.37109],[113.95334,22.37068],[113.95273,22.37046],[113.95185,22.37037],[113.95146,22.3699],[113.95131,22.36957],[113.95128,22.36918],[113.95143,22.36864],[113.95139,22.3685],[113.95033,22.36738],[113.94936,22.36652],[113.94812,22.36575],[113.94833,22.36479],[113.94872,22.36398],[113.95362,22.35683],[113.95358,22.35666],[113.95273,22.35617],[113.95258,22.35623],[113.94866,22.36194],[113.94832,22.36174],[113.94738,22.35965],[113.94559,22.36035],[113.94653,22.36243],[113.9452,22.36295],[113.94425,22.36087],[113.94156,22.36192],[113.9425,22.364],[113.94116,22.36453],[113.94022,22.36244],[113.93753,22.36349],[113.93847,22.36557],[113.93713,22.3661],[113.93503,22.36143],[113.93753,22.35984],[113.93765,22.3596],[113.93751,22.35934],[113.9373,22.35928],[113.937,22.35937],[113.93307,22.36178],[113.93312,22.36188],[113.9297,22.36404],[113.92815,22.3621],[113.92938,22.36118],[113.9292,22.36098],[113.92765,22.36211],[113.92938,22.36424],[113.9236,22.36846],[113.92348,22.36831],[113.92349,22.36814],[113.92473,22.36723],[113.92465,22.36712],[113.92307,22.36828],[113.92337,22.36863],[113.92321,22.36874],[113.92292,22.36839],[113.92056,22.36945],[113.92064,22.36962],[113.92276,22.36866],[113.92297,22.36885],[113.92083,22.37016],[113.92089,22.37025],[113.92018,22.37066],[113.91788,22.37261],[113.91757,22.37238],[113.91761,22.37231],[113.91752,22.37233],[113.91708,22.37273],[113.91741,22.37306],[113.91694,22.37348],[113.91551,22.37271],[113.91549,22.3726],[113.919,22.36946],[113.91884,22.3693],[113.91503,22.37271],[113.91513,22.37281],[113.91496,22.37296],[113.91501,22.37301],[113.91526,22.37281],[113.91678,22.37363],[113.91649,22.37388],[113.91638,22.3736],[113.91616,22.3738],[113.91644,22.37393],[113.91505,22.37517],[113.91478,22.37565],[113.91442,22.37566],[113.91428,22.37576],[113.91431,22.37599],[113.91503,22.37683],[113.91514,22.37675],[113.91574,22.37746],[113.91582,22.3774],[113.91679,22.37854],[113.91653,22.37874],[113.91663,22.37893],[113.91679,22.37888],[113.91676,22.37901],[113.91691,22.3792],[113.91705,22.37911],[113.91709,22.37926],[113.91722,22.37926],[113.91729,22.37917],[113.91744,22.3792],[113.91749,22.37931],[113.91814,22.37875],[113.91866,22.37905],[113.91934,22.37982],[113.91998,22.38096],[113.92042,22.38224],[113.92036,22.38259],[113.92616,22.38509],[113.92761,22.37872],[113.93247,22.37575],[113.93978,22.37451],[113.94863,22.38119],[113.95376,22.39288],[113.95887,22.39937],[113.95702,22.40287],[113.95836,22.40637],[113.96273,22.40972],[113.96697,22.4169],[113.96868,22.41761],[113.9707,22.41828],[113.97485,22.4192],[113.97604,22.41814],[113.97732,22.41723],[113.97852,22.41657],[113.9804,22.41573],[113.98041,22.41573]]],[[[113.94287,22.35936],[113.93809,22.36122],[113.93804,22.36134],[113.93815,22.36139],[113.94291,22.35953],[113.94296,22.35942],[113.94287,22.35936],[113.94287,22.35936]]],[[[113.97358,22.37214],[113.97347,22.37212],[113.97345,22.37221],[113.97732,22.37312],[113.97736,22.37305],[113.97481,22.37243],[113.97358,22.37214]]]]}},{"type":"Feature","id":"OZP-S-NE-PK-11","properties":{"id":"OZP-S-NE-PK-11","micro_district":"法定规划区 (S/NE-PK/11)","micro_district_en":"Statutory Scheme (S/NE-PK/11)","main_area":"新界其他","color":"#3b82f6"},"geometry":{"type":"Polygon","coordinates":[[[114.13139,22.49126],[114.13165,22.49042],[114.13144,22.49028],[114.13129,22.49027],[114.13134,22.4899],[114.13149,22.48977],[114.13147,22.48948],[114.13126,22.48905],[114.13092,22.48868],[114.13082,22.48788],[114.13062,22.48784],[114.13016,22.48823],[114.12988,22.48836],[114.12968,22.48833],[114.1294,22.48793],[114.12889,22.48792],[114.12881,22.48785],[114.12839,22.48731],[114.12819,22.48687],[114.12795,22.4867],[114.12762,22.48691],[114.12756,22.48737],[114.1274,22.48772],[114.12717,22.48776],[114.12635,22.48762],[114.12622,22.48764],[114.12609,22.48779],[114.12585,22.48776],[114.12551,22.48754],[114.12497,22.48739],[114.12506,22.48721],[114.12505,22.48702],[114.1244,22.48656],[114.12419,22.48614],[114.12391,22.4858],[114.12379,22.48543],[114.12342,22.48498],[114.12315,22.48419],[114.12318,22.48386],[114.12341,22.4837],[114.12378,22.48371],[114.12404,22.48354],[114.12436,22.48368],[114.1245,22.48335],[114.12423,22.48334],[114.12421,22.48319],[114.12454,22.483],[114.12494,22.48305],[114.1255,22.48271],[114.12492,22.48231],[114.1247,22.48206],[114.12479,22.48192],[114.12499,22.48185],[114.12526,22.48185],[114.1255,22.482],[114.12562,22.48191],[114.1255,22.48158],[114.12552,22.48141],[114.12532,22.48124],[114.12527,22.48088],[114.12482,22.48084],[114.12452,22.48044],[114.12464,22.48027],[114.125,22.48016],[114.12491,22.47989],[114.12492,22.47954],[114.12463,22.47921],[114.12424,22.47908],[114.1242,22.47918],[114.12429,22.4794],[114.12408,22.47958],[114.12336,22.47969],[114.12264,22.4791],[114.12217,22.47903],[114.12207,22.47908],[114.12181,22.47866],[114.1216,22.47868],[114.12123,22.47931],[114.1214,22.47961],[114.12147,22.47998],[114.12092,22.47973],[114.12039,22.4797],[114.12016,22.47979],[114.11995,22.47972],[114.11989,22.47992],[114.11994,22.48002],[114.1205,22.4802],[114.1206,22.48036],[114.1204,22.48098],[114.12028,22.48108],[114.12007,22.48105],[114.11999,22.48073],[114.11969,22.48054],[114.1194,22.48018],[114.11893,22.48011],[114.11877,22.47959],[114.11862,22.47952],[114.11847,22.48023],[114.11826,22.48026],[114.1179,22.48061],[114.11766,22.48062],[114.11726,22.48048],[114.11688,22.48091],[114.11679,22.48117],[114.11615,22.48138],[114.11597,22.48173],[114.11584,22.48228],[114.11609,22.48271],[114.11609,22.48344],[114.11574,22.4847],[114.11626,22.4853],[114.11719,22.4867],[114.11781,22.48731],[114.11826,22.48795],[114.11855,22.4886],[114.11868,22.48866],[114.1188,22.48922],[114.11858,22.48978],[114.11845,22.48982],[114.11794,22.48966],[114.11764,22.48987],[114.1176,22.48996],[114.11772,22.49009],[114.11804,22.49012],[114.11845,22.49052],[114.1186,22.49049],[114.11905,22.49067],[114.1194,22.49103],[114.11983,22.49099],[114.12038,22.49126],[114.12084,22.49132],[114.12093,22.49145],[114.12121,22.49151],[114.12125,22.49168],[114.12165,22.49185],[114.12172,22.49169],[114.12217,22.49203],[114.12223,22.49213],[114.12217,22.49228],[114.12246,22.4924],[114.12247,22.49261],[114.12315,22.49274],[114.12329,22.49258],[114.12347,22.49268],[114.12354,22.4931],[114.12402,22.49242],[114.12469,22.49265],[114.12728,22.49274],[114.12778,22.49287],[114.1282,22.49314],[114.12875,22.49392],[114.12912,22.49381],[114.12916,22.49372],[114.1295,22.49379],[114.12953,22.49374],[114.1301,22.49397],[114.13033,22.49362],[114.13056,22.49373],[114.13084,22.49326],[114.13072,22.49317],[114.13057,22.49245],[114.13068,22.49186],[114.13101,22.4915],[114.13138,22.49126],[114.13139,22.49126]]]}},{"type":"Feature","id":"OZP-S-NE-LT-11","properties":{"id":"OZP-S-NE-LT-11","micro_district":"法定规划区 (S/NE-LT/11)","micro_district_en":"Statutory Scheme (S/NE-LT/11)","main_area":"新界其他","color":"#3b82f6"},"geometry":{"type":"Polygon","coordinates":[[[114.13952,22.46162],[114.13969,22.46163],[114.13973,22.46177],[114.13999,22.46193],[114.14175,22.46224],[114.14226,22.46207],[114.14303,22.46156],[114.14451,22.46177],[114.14558,22.46205],[114.14601,22.46207],[114.14659,22.46196],[114.1475,22.46129],[114.14796,22.4615],[114.14826,22.46173],[114.14876,22.46245],[114.14933,22.46224],[114.15037,22.46209],[114.15093,22.46179],[114.15081,22.46064],[114.1509,22.45939],[114.15025,22.45899],[114.14988,22.45954],[114.14943,22.45974],[114.14887,22.45973],[114.14885,22.45926],[114.14784,22.45944],[114.14754,22.45888],[114.14763,22.45877],[114.14708,22.45765],[114.14691,22.4567],[114.14709,22.45555],[114.14694,22.45519],[114.1465,22.4547],[114.14633,22.45438],[114.14612,22.45311],[114.14619,22.45253],[114.14687,22.4516],[114.14657,22.45059],[114.14665,22.45035],[114.14713,22.44965],[114.14705,22.44933],[114.14691,22.4492],[114.14668,22.44914],[114.14544,22.44918],[114.14527,22.44795],[114.14508,22.44769],[114.14478,22.44756],[114.14388,22.44765],[114.1432,22.44861],[114.14313,22.44796],[114.14346,22.44746],[114.14349,22.44722],[114.14337,22.44698],[114.14287,22.44659],[114.14317,22.44574],[114.14294,22.44543],[114.14259,22.44527],[114.14246,22.44365],[114.14235,22.44357],[114.14224,22.44359],[114.14093,22.44414],[114.1405,22.4441],[114.14029,22.44388],[114.14027,22.4436],[114.14041,22.44337],[114.14141,22.44277],[114.14169,22.44239],[114.14166,22.44214],[114.14132,22.44173],[114.14104,22.44083],[114.14108,22.44027],[114.14077,22.43967],[114.14086,22.43949],[114.14132,22.43933],[114.14147,22.43916],[114.14148,22.43877],[114.14134,22.43851],[114.14027,22.43786],[114.14009,22.4372],[114.13939,22.43644],[114.13907,22.43631],[114.13876,22.43642],[114.13839,22.43727],[114.1384,22.43782],[114.13882,22.43826],[114.13987,22.43887],[114.14009,22.43923],[114.14001,22.44009],[114.14009,22.44051],[114.13989,22.44111],[114.14003,22.44159],[114.13999,22.44192],[114.1399,22.44204],[114.13979,22.44202],[114.13924,22.44127],[114.13904,22.44121],[114.13882,22.44126],[114.13855,22.44166],[114.13855,22.44268],[114.13845,22.44301],[114.13831,22.44319],[114.13796,22.44334],[114.1376,22.44323],[114.13735,22.44293],[114.13717,22.44234],[114.13699,22.44224],[114.1368,22.44225],[114.13653,22.44249],[114.13622,22.44374],[114.13591,22.44396],[114.13552,22.44401],[114.13518,22.44384],[114.13428,22.44264],[114.13312,22.44174],[114.13329,22.44165],[114.13394,22.44164],[114.13451,22.44141],[114.13525,22.44077],[114.13552,22.44027],[114.13552,22.44],[114.1348,22.43927],[114.13468,22.43878],[114.13496,22.43807],[114.1359,22.43697],[114.13606,22.43659],[114.13604,22.43593],[114.13586,22.43505],[114.13562,22.43448],[114.13547,22.43433],[114.13526,22.4343],[114.13509,22.43453],[114.13486,22.43554],[114.13457,22.43605],[114.13434,22.43692],[114.13338,22.43737],[114.13284,22.43796],[114.13275,22.43824],[114.13281,22.43844],[114.13358,22.43889],[114.13375,22.43911],[114.13326,22.4395],[114.13278,22.44071],[114.13257,22.44087],[114.13228,22.44089],[114.13199,22.44081],[114.13172,22.44059],[114.13164,22.44044],[114.13161,22.44],[114.13138,22.43966],[114.1303,22.43977],[114.12992,22.43962],[114.1297,22.43937],[114.12966,22.43913],[114.12975,22.43879],[114.13053,22.4365],[114.13095,22.43586],[114.13006,22.43525],[114.12977,22.43511],[114.12915,22.43558],[114.12828,22.43601],[114.12815,22.43654],[114.128,22.43662],[114.12778,22.4366],[114.12721,22.43638],[114.12709,22.43572],[114.12688,22.4355],[114.12667,22.43559],[114.12642,22.43618],[114.12616,22.43636],[114.12459,22.43603],[114.12467,22.43551],[114.12441,22.43473],[114.12429,22.43465],[114.12407,22.43575],[114.12388,22.43615],[114.12397,22.43664],[114.12364,22.43808],[114.12349,22.43838],[114.12312,22.43866],[114.12259,22.43835],[114.12072,22.43633],[114.11751,22.43354],[114.11641,22.43326],[114.11617,22.43485],[114.11712,22.43562],[114.11795,22.43669],[114.1186,22.43705],[114.12028,22.43734],[114.12083,22.43761],[114.12114,22.43787],[114.12113,22.43798],[114.12099,22.43804],[114.11916,22.43782],[114.11774,22.43775],[114.11732,22.43785],[114.11715,22.43808],[114.11722,22.43826],[114.11737,22.43836],[114.11896,22.43842],[114.11945,22.43851],[114.1197,22.43864],[114.11976,22.43875],[114.11969,22.43888],[114.119,22.43929],[114.11894,22.4395],[114.11902,22.4396],[114.1198,22.43946],[114.12038,22.43945],[114.12103,22.43911],[114.12127,22.43913],[114.1214,22.43924],[114.12156,22.43962],[114.12152,22.44025],[114.12157,22.4405],[114.12169,22.44065],[114.12221,22.44097],[114.12233,22.44115],[114.12242,22.44234],[114.12215,22.44282],[114.1211,22.44336],[114.12105,22.44346],[114.12112,22.44358],[114.12168,22.44391],[114.12282,22.44409],[114.12328,22.44407],[114.12399,22.44386],[114.12461,22.44392],[114.12509,22.44412],[114.12523,22.44451],[114.12536,22.4446],[114.12591,22.44467],[114.12658,22.44457],[114.1268,22.44462],[114.12685,22.44475],[114.12667,22.44597],[114.12711,22.44686],[114.12719,22.4473],[114.1269,22.44886],[114.127,22.4492],[114.12721,22.44928],[114.12736,22.44921],[114.1281,22.44777],[114.12833,22.4476],[114.12855,22.44758],[114.12908,22.44805],[114.12955,22.44878],[114.1301,22.4487],[114.13046,22.44886],[114.13054,22.44905],[114.13055,22.45012],[114.1309,22.45062],[114.13144,22.45083],[114.13244,22.45055],[114.13263,22.45062],[114.13259,22.45081],[114.13226,22.45111],[114.13107,22.45188],[114.13057,22.45202],[114.12878,22.45192],[114.12689,22.45224],[114.12656,22.45236],[114.12631,22.45257],[114.12615,22.45288],[114.12622,22.45305],[114.12652,22.45328],[114.12695,22.45329],[114.12801,22.45282],[114.12858,22.45273],[114.13096,22.45323],[114.13203,22.45291],[114.13261,22.45331],[114.13294,22.45344],[114.13286,22.4536],[114.13211,22.45414],[114.13204,22.45432],[114.13217,22.45453],[114.13376,22.45463],[114.13419,22.45483],[114.13558,22.45593],[114.13602,22.45604],[114.13697,22.45601],[114.1371,22.45615],[114.13718,22.45646],[114.13836,22.45788],[114.13864,22.45856],[114.13836,22.45894],[114.13852,22.45925],[114.13839,22.45942],[114.13836,22.45975],[114.13783,22.46115],[114.13783,22.46167],[114.1384,22.46266],[114.13859,22.46277],[114.13875,22.46262],[114.13888,22.46226],[114.13878,22.46203],[114.13881,22.46193],[114.13919,22.46169],[114.13948,22.46162],[114.13952,22.46162]]]}},{"type":"Feature","id":"OZP-S-TSW-16","properties":{"id":"OZP-S-TSW-16","micro_district":"法定规划区 (S/TSW/16)","micro_district_en":"Statutory Scheme (S/TSW/16)","main_area":"新界其他","color":"#3b82f6"},"geometry":{"type":"Polygon","coordinates":[[[114.00656,22.47449],[114.00712,22.47448],[114.00777,22.4743],[114.00802,22.47436],[114.0096,22.47233],[114.01065,22.47117],[114.01025,22.47083],[114.01279,22.46786],[114.01359,22.46635],[114.01003,22.46513],[114.00979,22.46458],[114.00862,22.46391],[114.00855,22.4638],[114.00857,22.46367],[114.00973,22.46221],[114.00907,22.46062],[114.00893,22.46013],[114.00888,22.45952],[114.00917,22.45463],[114.00978,22.4516],[114.00821,22.45133],[114.00749,22.45102],[114.00558,22.44909],[114.00539,22.44921],[114.00438,22.44793],[114.00369,22.44722],[114.00347,22.44718],[114.00335,22.44707],[114.00319,22.44721],[114.00252,22.44667],[114.00206,22.4465],[114.00128,22.44641],[114.00054,22.44648],[114.00006,22.44662],[113.99988,22.44684],[113.99994,22.44779],[113.99911,22.44937],[113.99885,22.45005],[113.99903,22.45078],[113.99898,22.45102],[113.99813,22.45256],[113.99577,22.45625],[113.99483,22.45803],[113.99452,22.45903],[113.99444,22.45961],[113.99445,22.46041],[113.99467,22.46189],[113.99353,22.46188],[113.99253,22.46164],[113.99256,22.46267],[113.99276,22.46291],[113.99355,22.46319],[113.99413,22.46363],[113.99389,22.46415],[113.99411,22.46453],[113.99402,22.46484],[113.99434,22.46587],[113.99398,22.466],[113.99409,22.46691],[113.9943,22.46766],[113.99626,22.46936],[113.99666,22.4703],[113.99663,22.4706],[113.9965,22.4708],[113.99653,22.47094],[113.99731,22.47229],[113.99785,22.47269],[113.99826,22.47289],[113.99872,22.47327],[113.99917,22.47294],[113.99929,22.47327],[113.99906,22.47358],[113.99942,22.47424],[114.00016,22.47439],[114.00109,22.47443],[114.00429,22.47421],[114.00582,22.47455],[114.00647,22.47449],[114.00656,22.47449]]]}},{"type":"Feature","id":"OZP-S-TM-TFT-2","properties":{"id":"OZP-S-TM-TFT-2","micro_district":"法定规划区 (S/TM-TFT/2)","micro_district_en":"Statutory Scheme (S/TM-TFT/2)","main_area":"新界其他","color":"#3b82f6"},"geometry":{"type":"Polygon","coordinates":[[[114.06182,22.39779],[114.06235,22.39811],[114.06279,22.39815],[114.06346,22.39766],[114.06402,22.39753],[114.065,22.39793],[114.06538,22.39793],[114.06573,22.39784],[114.06639,22.39748],[114.06704,22.39737],[114.06756,22.39694],[114.06779,22.39651],[114.06786,22.39619],[114.06772,22.39512],[114.06786,22.3933],[114.06762,22.39263],[114.06733,22.39213],[114.06713,22.39208],[114.06661,22.39215],[114.06565,22.39197],[114.06611,22.39096],[114.06623,22.39063],[114.0662,22.39053],[114.06551,22.39042],[114.06493,22.39012],[114.06469,22.38989],[114.06432,22.39],[114.06388,22.38965],[114.06355,22.38967],[114.06327,22.39014],[114.06288,22.3905],[114.0625,22.39045],[114.06199,22.39072],[114.06207,22.39117],[114.06203,22.39142],[114.06213,22.39167],[114.06208,22.39186],[114.06185,22.3921],[114.06146,22.39203],[114.06134,22.39262],[114.06089,22.39289],[114.06126,22.39355],[114.06092,22.39379],[114.0607,22.39416],[114.06048,22.39424],[114.05986,22.39425],[114.05966,22.39435],[114.05946,22.3946],[114.05939,22.39531],[114.05993,22.3954],[114.06004,22.39556],[114.06008,22.39616],[114.06018,22.39634],[114.0604,22.39653],[114.06082,22.39667],[114.06111,22.39725],[114.06175,22.39775],[114.06182,22.39779]]]}},{"type":"Feature","id":"OZP-S-TM-SKW-13","properties":{"id":"OZP-S-TM-SKW-13","micro_district":"法定规划区 (S/TM-SKW/13)","micro_district_en":"Statutory Scheme (S/TM-SKW/13)","main_area":"新界其他","color":"#3b82f6"},"geometry":{"type":"Polygon","coordinates":[[[114.01487,22.38216],[114.01545,22.38215],[114.0155,22.38179],[114.01609,22.38157],[114.0162,22.38128],[114.01601,22.38062],[114.01609,22.38026],[114.01667,22.38006],[114.01689,22.37945],[114.01727,22.37926],[114.01738,22.37911],[114.01729,22.37842],[114.01703,22.37834],[114.01668,22.37797],[114.01626,22.37779],[114.01574,22.37732],[114.01569,22.37699],[114.01578,22.37653],[114.01568,22.37609],[114.01517,22.37566],[114.01524,22.37539],[114.0151,22.37521],[114.01521,22.37505],[114.01538,22.37505],[114.01562,22.37478],[114.01587,22.37475],[114.01598,22.37464],[114.01628,22.37473],[114.0166,22.37466],[114.01659,22.37444],[114.01635,22.37419],[114.01635,22.37399],[114.0162,22.37366],[114.01718,22.37387],[114.01726,22.37364],[114.01759,22.37337],[114.01751,22.3733],[114.01812,22.37264],[114.01857,22.37311],[114.01882,22.37315],[114.01892,22.37233],[114.01927,22.37274],[114.01948,22.37283],[114.01942,22.37305],[114.01954,22.37317],[114.0195,22.3736],[114.01968,22.37365],[114.01993,22.37344],[114.02012,22.37345],[114.02082,22.37401],[114.02148,22.37476],[114.02181,22.37493],[114.02232,22.37504],[114.02296,22.37491],[114.02603,22.37349],[114.02616,22.37353],[114.02666,22.37333],[114.02693,22.37368],[114.02702,22.37367],[114.02683,22.37321],[114.02614,22.37225],[114.02627,22.37215],[114.0268,22.37201],[114.02702,22.37202],[114.02731,22.37181],[114.02746,22.37112],[114.02796,22.37097],[114.028,22.37073],[114.02784,22.37051],[114.02803,22.3703],[114.02814,22.36986],[114.02832,22.36954],[114.02672,22.3666],[114.02637,22.36627],[114.02668,22.36543],[114.02749,22.36546],[114.02769,22.36512],[114.02757,22.36474],[114.02729,22.36445],[114.02703,22.36435],[114.02685,22.36384],[114.02708,22.36358],[114.02749,22.36332],[114.02774,22.36332],[114.02776,22.36322],[114.02767,22.36309],[114.02744,22.36298],[114.02731,22.36275],[114.02694,22.36264],[114.02676,22.36248],[114.02681,22.36215],[114.02662,22.36159],[114.02677,22.36126],[114.02671,22.36116],[114.02773,22.35989],[114.02799,22.35937],[114.02865,22.3588],[114.02865,22.35531],[114.02776,22.35525],[114.0272,22.35532],[114.02635,22.35523],[114.02445,22.35534],[114.02355,22.35565],[114.02278,22.35582],[114.0221,22.3561],[114.02178,22.35604],[114.02084,22.35635],[114.02052,22.35659],[114.02021,22.35657],[114.01938,22.35679],[114.0193,22.3567],[114.01924,22.35675],[114.01932,22.35683],[114.019,22.35711],[114.01889,22.35704],[114.01885,22.3571],[114.01895,22.35717],[114.01879,22.35772],[114.01806,22.35866],[114.01845,22.35892],[114.01473,22.36323],[114.01441,22.36342],[114.01363,22.36342],[114.01333,22.36359],[114.01321,22.3639],[114.01337,22.36459],[114.01326,22.36511],[114.01272,22.36574],[114.01216,22.36617],[114.00794,22.36659],[114.00561,22.36616],[114.0022,22.36627],[114.00186,22.36637],[114.00057,22.36751],[114.00098,22.36814],[114.0022,22.36878],[114.00367,22.36905],[114.00427,22.36938],[114.00478,22.36995],[114.0054,22.37116],[114.00557,22.37188],[114.00565,22.37363],[114.00579,22.37408],[114.00514,22.37504],[114.0049,22.3752],[114.00461,22.37514],[114.00415,22.37487],[114.0037,22.37491],[114.00323,22.37522],[114.00308,22.37561],[114.00259,22.37612],[114.00233,22.37622],[114.00149,22.37625],[114.00048,22.37588],[113.99982,22.37578],[113.99933,22.3755],[113.99893,22.37562],[113.99857,22.37605],[113.99844,22.37604],[113.99784,22.37567],[113.9974,22.37584],[113.99733,22.37569],[113.99745,22.37512],[113.99694,22.37477],[113.99622,22.3755],[113.99559,22.37592],[113.99469,22.37617],[113.99412,22.37618],[113.99357,22.37609],[113.99316,22.37642],[113.99281,22.37695],[113.99174,22.37724],[113.99156,22.37762],[113.9916,22.37796],[113.99169,22.37811],[113.99167,22.37844],[113.99131,22.37878],[113.99212,22.37878],[113.99249,22.37824],[113.99265,22.37817],[113.99349,22.37845],[113.99387,22.37825],[113.99454,22.37828],[113.99481,22.3782],[113.99545,22.3782],[113.99574,22.37835],[113.99614,22.37842],[113.99661,22.37906],[113.99679,22.37912],[113.99694,22.37905],[113.99705,22.37878],[113.99688,22.3784],[113.99702,22.37809],[113.99724,22.37794],[113.99751,22.37794],[113.99779,22.37807],[113.99801,22.37847],[113.99864,22.3786],[113.99858,22.37912],[113.99872,22.37941],[113.99918,22.37899],[113.99965,22.37902],[114.00031,22.37922],[114.00064,22.37918],[114.0014,22.37885],[114.00155,22.37861],[114.00156,22.37836],[114.00179,22.37825],[114.00221,22.37858],[114.00268,22.37924],[114.00331,22.37938],[114.00375,22.37972],[114.00401,22.38004],[114.00447,22.3799],[114.00496,22.38003],[114.00502,22.37992],[114.00489,22.37942],[114.00494,22.37928],[114.00571,22.37933],[114.00657,22.37974],[114.0072,22.37978],[114.00741,22.37999],[114.0081,22.38024],[114.00846,22.38032],[114.00878,22.38018],[114.00904,22.38026],[114.00953,22.38023],[114.01018,22.38064],[114.01033,22.38101],[114.01071,22.38104],[114.01096,22.38137],[114.0114,22.38138],[114.01172,22.3816],[114.01207,22.38144],[114.01279,22.38169],[114.01337,22.38174],[114.01362,22.38208],[114.01391,22.38216],[114.01403,22.38263],[114.01425,22.3829],[114.01441,22.38291],[114.01472,22.38227],[114.01485,22.38216],[114.01487,22.38216]]]}},{"type":"Feature","id":"OZP-S-YL-LFS-11","properties":{"id":"OZP-S-YL-LFS-11","micro_district":"法定规划区 (S/YL-LFS/11)","micro_district_en":"Statutory Scheme (S/YL-LFS/11)","main_area":"新界其他","color":"#3b82f6"},"geometry":{"type":"Polygon","coordinates":[[[113.99957,22.4889],[113.99992,22.48894],[114.00005,22.48915],[114.00066,22.4892],[114.00152,22.48913],[114.0017,22.48924],[114.00253,22.48932],[114.00354,22.48896],[114.0037,22.48857],[114.00407,22.48827],[114.00491,22.4881],[114.00537,22.48778],[114.00625,22.48748],[114.00653,22.48755],[114.00696,22.48749],[114.00713,22.48761],[114.00729,22.48759],[114.00749,22.48747],[114.00749,22.48739],[114.00758,22.48739],[114.00764,22.48723],[114.00776,22.48732],[114.00797,22.4872],[114.00816,22.48724],[114.00811,22.48701],[114.00821,22.4869],[114.00843,22.48716],[114.00917,22.48696],[114.00905,22.48658],[114.00968,22.48647],[114.0097,22.48639],[114.01082,22.48655],[114.01111,22.48631],[114.01134,22.48624],[114.01229,22.48669],[114.01295,22.48719],[114.01404,22.48734],[114.01296,22.48714],[114.01233,22.48665],[114.01243,22.48654],[114.01235,22.48649],[114.01223,22.4866],[114.01204,22.48649],[114.01191,22.4863],[114.01192,22.48613],[114.0115,22.48603],[114.01176,22.48417],[114.01145,22.4803],[114.01115,22.47936],[114.01135,22.47851],[114.01034,22.476],[114.01043,22.4758],[114.01147,22.47454],[114.01199,22.47435],[114.01245,22.47399],[114.01254,22.47408],[114.01259,22.47495],[114.01324,22.47519],[114.01328,22.47514],[114.0131,22.47492],[114.01328,22.47477],[114.01352,22.47479],[114.01362,22.47471],[114.01389,22.47372],[114.01394,22.47366],[114.01408,22.47372],[114.01431,22.47407],[114.01538,22.47517],[114.01579,22.47582],[114.01589,22.47581],[114.01594,22.47561],[114.01604,22.47554],[114.01628,22.47555],[114.0165,22.4758],[114.01654,22.47618],[114.01685,22.47656],[114.01769,22.47707],[114.01781,22.47741],[114.01959,22.47824],[114.01989,22.47818],[114.02009,22.47827],[114.02024,22.47845],[114.02047,22.47835],[114.02094,22.47846],[114.02451,22.47954],[114.02514,22.47947],[114.02555,22.4797],[114.02645,22.47954],[114.02751,22.48021],[114.02767,22.48025],[114.0282,22.48015],[114.02842,22.4803],[114.02854,22.48028],[114.02863,22.47981],[114.02907,22.47925],[114.0293,22.47831],[114.02992,22.47501],[114.02992,22.47455],[114.03038,22.47214],[114.03039,22.47154],[114.03009,22.47053],[114.02954,22.46968],[114.0285,22.46841],[114.02795,22.46705],[114.02815,22.46853],[114.02838,22.46934],[114.02622,22.46938],[114.02608,22.46924],[114.02528,22.46653],[114.02399,22.46628],[114.02403,22.46736],[114.02383,22.468],[114.02382,22.46862],[114.02318,22.46855],[114.02257,22.46837],[114.02232,22.46795],[114.02171,22.4676],[114.02083,22.46745],[114.02042,22.46718],[114.01953,22.46633],[114.01923,22.46569],[114.01872,22.46534],[114.0178,22.46497],[114.0171,22.46435],[114.01713,22.46409],[114.01704,22.46401],[114.01605,22.46382],[114.01595,22.46384],[114.01583,22.46403],[114.01513,22.46399],[114.01507,22.46393],[114.01509,22.46353],[114.01493,22.46348],[114.01452,22.4635],[114.01386,22.46372],[114.01341,22.46374],[114.01264,22.46348],[114.01028,22.46308],[114.0093,22.46275],[114.00857,22.46367],[114.00855,22.4638],[114.00862,22.46391],[114.00979,22.46458],[114.01003,22.46513],[114.01359,22.46635],[114.01279,22.46786],[114.01025,22.47083],[114.01065,22.47117],[114.01051,22.47135],[114.0096,22.47233],[114.00802,22.47436],[114.00777,22.4743],[114.00712,22.47448],[114.00591,22.47456],[114.00516,22.47445],[114.00429,22.47421],[114.00109,22.47443],[114.00043,22.47441],[113.99942,22.47424],[113.99906,22.47358],[113.99929,22.47327],[113.99917,22.47294],[113.99872,22.47327],[113.99723,22.47221],[113.99653,22.47094],[113.9965,22.4708],[113.99663,22.4706],[113.99666,22.4703],[113.99626,22.46936],[113.9943,22.46766],[113.99409,22.46691],[113.99398,22.466],[113.99434,22.46587],[113.99402,22.46484],[113.99411,22.46453],[113.99389,22.46415],[113.99413,22.46363],[113.99355,22.46319],[113.99289,22.46298],[113.99263,22.46281],[113.99253,22.46243],[113.99253,22.46164],[113.99047,22.46121],[113.9898,22.46099],[113.98815,22.46222],[113.98767,22.46296],[113.98674,22.46415],[113.98428,22.46713],[113.98427,22.46727],[113.98402,22.46715],[113.98381,22.4642],[113.98371,22.46383],[113.98356,22.4636],[113.98335,22.46369],[113.98342,22.46404],[113.98318,22.46439],[113.98207,22.46394],[113.98165,22.46384],[113.98089,22.46391],[113.98019,22.46417],[113.98018,22.46441],[113.97998,22.46445],[113.98001,22.46472],[113.98049,22.46572],[113.98046,22.46593],[113.98103,22.46687],[113.98174,22.46728],[113.98185,22.46746],[113.9817,22.46766],[113.98185,22.46763],[113.98193,22.46776],[113.98186,22.46811],[113.98203,22.4685],[113.98143,22.46891],[113.98149,22.46898],[113.98215,22.46851],[113.98228,22.46859],[113.98234,22.46875],[113.98218,22.4689],[113.98223,22.46894],[113.98249,22.46869],[113.98273,22.46869],[113.98315,22.46904],[113.98357,22.4696],[113.98379,22.46968],[113.9842,22.47024],[113.98468,22.47069],[113.98475,22.47093],[113.9846,22.4712],[113.98464,22.47152],[113.98501,22.47224],[113.98552,22.47235],[113.98573,22.47264],[113.98615,22.47293],[113.98626,22.47313],[113.98664,22.47304],[113.98705,22.47314],[113.98744,22.47352],[113.98765,22.47352],[113.98857,22.47404],[113.98903,22.47443],[113.99003,22.47562],[113.99055,22.47597],[113.99076,22.47592],[113.99092,22.47599],[113.99206,22.47699],[113.99265,22.47721],[113.99278,22.47789],[113.99314,22.47863],[113.99315,22.47892],[113.99348,22.47948],[113.99352,22.47991],[113.9933,22.48011],[113.99396,22.48025],[113.99406,22.4804],[113.99417,22.4813],[113.99443,22.48172],[113.99464,22.48187],[113.99483,22.48235],[113.99488,22.48287],[113.99499,22.48306],[113.99506,22.48393],[113.99513,22.48401],[113.9951,22.48444],[113.99561,22.48553],[113.99594,22.48569],[113.99647,22.48627],[113.99763,22.48709],[113.99833,22.48789],[113.99857,22.48951],[113.99924,22.48918],[113.99954,22.48894],[113.99957,22.4889]]]}},{"type":"Feature","id":"OZP-S-YL-KTS-15","properties":{"id":"OZP-S-YL-KTS-15","micro_district":"法定规划区 (S/YL-KTS/15)","micro_district_en":"Statutory Scheme (S/YL-KTS/15)","main_area":"新界其他","color":"#3b82f6"},"geometry":{"type":"Polygon","coordinates":[[[114.07033,22.43988],[114.07126,22.43899],[114.07429,22.43784],[114.07406,22.43678],[114.0744,22.43574],[114.07437,22.43454],[114.07429,22.43444],[114.07396,22.43434],[114.07378,22.43407],[114.07381,22.43389],[114.07411,22.43365],[114.07422,22.4334],[114.07395,22.43261],[114.07484,22.43163],[114.07556,22.43136],[114.07581,22.43115],[114.07584,22.43103],[114.07629,22.43083],[114.07654,22.43039],[114.07651,22.42998],[114.07696,22.42974],[114.07731,22.42908],[114.07766,22.42882],[114.07853,22.42875],[114.07873,22.42854],[114.07929,22.42863],[114.07957,22.4288],[114.07981,22.42884],[114.08044,22.42855],[114.08084,22.42824],[114.08108,22.42818],[114.08138,22.42817],[114.08185,22.42826],[114.0819,22.42833],[114.08217,22.42833],[114.08215,22.42796],[114.0825,22.42757],[114.08251,22.4274],[114.08225,22.42675],[114.08194,22.4266],[114.08186,22.42647],[114.08176,22.42579],[114.08184,22.42555],[114.08215,22.42512],[114.08207,22.42482],[114.08194,22.42472],[114.08187,22.42417],[114.08169,22.42395],[114.0815,22.42326],[114.08088,22.42189],[114.08079,22.42147],[114.08094,22.42059],[114.0809,22.42041],[114.08124,22.41944],[114.08125,22.41911],[114.082,22.41797],[114.08218,22.41779],[114.08275,22.41751],[114.08312,22.41702],[114.08392,22.41671],[114.08404,22.41659],[114.08435,22.41655],[114.0844,22.4163],[114.08453,22.4162],[114.08472,22.41579],[114.08459,22.41566],[114.08396,22.41601],[114.08343,22.41585],[114.08205,22.4164],[114.08189,22.41674],[114.08149,22.41683],[114.08097,22.41669],[114.08044,22.41675],[114.0798,22.41609],[114.0792,22.41521],[114.07838,22.41443],[114.07764,22.41396],[114.07762,22.41343],[114.0775,22.41316],[114.07719,22.41285],[114.07676,22.41264],[114.07657,22.41241],[114.0761,22.41238],[114.07535,22.41263],[114.07412,22.41227],[114.07341,22.41191],[114.07308,22.41182],[114.07257,22.41189],[114.07229,22.41182],[114.07204,22.41163],[114.07192,22.41132],[114.07235,22.41085],[114.07229,22.41064],[114.07221,22.41059],[114.07172,22.41095],[114.07128,22.41107],[114.07107,22.41133],[114.07083,22.41146],[114.06978,22.41155],[114.06924,22.41145],[114.06887,22.41124],[114.06873,22.41135],[114.06864,22.41204],[114.06851,22.41209],[114.06824,22.41193],[114.06793,22.41159],[114.06725,22.41132],[114.06701,22.41132],[114.06692,22.41148],[114.06677,22.41156],[114.06572,22.41076],[114.06555,22.41045],[114.06575,22.40999],[114.06573,22.40964],[114.06559,22.40919],[114.06519,22.4087],[114.06511,22.40834],[114.06493,22.40813],[114.06482,22.40781],[114.06427,22.40781],[114.06374,22.40762],[114.06275,22.4075],[114.06243,22.40735],[114.06164,22.40771],[114.06088,22.40727],[114.05996,22.40739],[114.05992,22.40885],[114.05722,22.40888],[114.05748,22.4091],[114.05742,22.40933],[114.05752,22.40961],[114.05817,22.40989],[114.05836,22.41013],[114.05891,22.41037],[114.0591,22.41057],[114.05913,22.41123],[114.05922,22.41137],[114.05964,22.41156],[114.06009,22.41156],[114.06032,22.41172],[114.06035,22.41216],[114.05994,22.41253],[114.05988,22.41288],[114.05979,22.41293],[114.06029,22.41296],[114.06047,22.41339],[114.06085,22.41348],[114.06206,22.41457],[114.06209,22.41491],[114.06234,22.4154],[114.06205,22.4158],[114.06205,22.41605],[114.0621,22.41623],[114.06237,22.41631],[114.06242,22.41649],[114.06232,22.4167],[114.06194,22.41697],[114.0616,22.41737],[114.06102,22.4175],[114.06083,22.41812],[114.06093,22.4185],[114.06084,22.41874],[114.06008,22.41897],[114.05974,22.41916],[114.05938,22.4191],[114.0592,22.41929],[114.05889,22.41931],[114.05873,22.41944],[114.05856,22.41945],[114.05872,22.4196],[114.05905,22.41962],[114.0593,22.41979],[114.05964,22.41984],[114.05988,22.41975],[114.06065,22.42],[114.0607,22.42018],[114.06058,22.42146],[114.0606,22.42201],[114.06069,22.42213],[114.06112,22.42216],[114.06152,22.42202],[114.06195,22.42198],[114.06263,22.42181],[114.06342,22.42142],[114.06351,22.42147],[114.06363,22.42178],[114.06339,22.42224],[114.06344,22.42256],[114.06324,22.42279],[114.06284,22.42299],[114.06284,22.4231],[114.06297,22.42319],[114.06401,22.42318],[114.06526,22.42352],[114.06574,22.42377],[114.06606,22.42419],[114.0663,22.42526],[114.06669,22.42571],[114.06624,22.42568],[114.06491,22.4248],[114.06453,22.4247],[114.06361,22.42487],[114.06348,22.42497],[114.06319,22.42594],[114.06273,22.42625],[114.06225,22.42625],[114.06193,22.42642],[114.06173,22.42643],[114.06142,22.42669],[114.06122,22.42669],[114.06084,22.42686],[114.06059,22.42679],[114.06037,22.42661],[114.06001,22.42666],[114.05979,22.42653],[114.05932,22.42651],[114.059,22.42629],[114.05899,22.42612],[114.05872,22.42585],[114.05788,22.42546],[114.05759,22.42514],[114.05736,22.42457],[114.05705,22.42423],[114.05692,22.42422],[114.05657,22.42396],[114.05606,22.42342],[114.05563,22.42336],[114.05534,22.42316],[114.05525,22.42295],[114.05547,22.42241],[114.05545,22.42207],[114.05557,22.4217],[114.0555,22.42121],[114.05539,22.421],[114.05509,22.42112],[114.05473,22.42108],[114.05369,22.42051],[114.05299,22.42028],[114.05205,22.42013],[114.05184,22.41994],[114.05186,22.42427],[114.05196,22.42454],[114.0532,22.42648],[114.05001,22.43042],[114.05001,22.43088],[114.04982,22.4315],[114.04996,22.43221],[114.04998,22.43301],[114.04996,22.43356],[114.0498,22.43417],[114.05007,22.43488],[114.05005,22.43521],[114.05016,22.43556],[114.05009,22.4359],[114.04996,22.43611],[114.04971,22.4363],[114.04961,22.43666],[114.0492,22.43711],[114.04914,22.43789],[114.0486,22.43888],[114.04817,22.4401],[114.04785,22.44047],[114.04802,22.44124],[114.04812,22.44225],[114.04802,22.4428],[114.04828,22.44406],[114.04942,22.44358],[114.05581,22.44045],[114.05715,22.43989],[114.06188,22.43988],[114.0638,22.44011],[114.06601,22.43987],[114.06746,22.43954],[114.06847,22.43978],[114.07019,22.43987],[114.07033,22.43988]]]}},{"type":"Feature","id":"OZP-S-YL-KTN-9","properties":{"id":"OZP-S-YL-KTN-9","micro_district":"法定规划区 (S/YL-KTN/9)","micro_district_en":"Statutory Scheme (S/YL-KTN/9)","main_area":"新界其他","color":"#3b82f6"},"geometry":{"type":"Polygon","coordinates":[[[114.06155,22.46812],[114.06118,22.46808],[114.06083,22.4679],[114.06042,22.46761],[114.05991,22.467],[114.05968,22.46545],[114.05972,22.46456],[114.05923,22.4645],[114.05907,22.46456],[114.0585,22.46445],[114.05833,22.46457],[114.05791,22.46456],[114.0576,22.46466],[114.05734,22.46492],[114.05675,22.4648],[114.05665,22.46446],[114.05669,22.46411],[114.05699,22.46389],[114.05696,22.46371],[114.05731,22.46357],[114.05742,22.4633],[114.0573,22.46287],[114.05716,22.46266],[114.05717,22.46249],[114.05767,22.46185],[114.05796,22.46167],[114.05794,22.46102],[114.05818,22.46082],[114.05832,22.46028],[114.0583,22.46],[114.0576,22.45946],[114.05728,22.45935],[114.05695,22.45898],[114.05669,22.45888],[114.05683,22.45779],[114.05726,22.4578],[114.0577,22.45806],[114.05925,22.45827],[114.05965,22.45839],[114.06001,22.45826],[114.0602,22.45864],[114.06051,22.45879],[114.06182,22.45833],[114.06173,22.45775],[114.06197,22.45726],[114.06233,22.45702],[114.06274,22.45695],[114.06326,22.45703],[114.06342,22.45723],[114.06353,22.45773],[114.06369,22.45783],[114.06512,22.45816],[114.06565,22.45819],[114.06586,22.45814],[114.06601,22.45801],[114.06612,22.45753],[114.06633,22.45726],[114.06673,22.45707],[114.06718,22.45707],[114.06734,22.45699],[114.06726,22.45633],[114.06746,22.45597],[114.06782,22.45577],[114.06809,22.45653],[114.06819,22.45657],[114.0683,22.4565],[114.06862,22.45595],[114.0691,22.45578],[114.06914,22.45536],[114.06959,22.45517],[114.06975,22.45499],[114.06979,22.45392],[114.06992,22.4537],[114.07036,22.45336],[114.07031,22.45321],[114.06997,22.45294],[114.06905,22.45276],[114.06821,22.45179],[114.06512,22.45311],[114.06438,22.45113],[114.06493,22.45102],[114.06566,22.45118],[114.06699,22.45094],[114.06623,22.45003],[114.06616,22.44984],[114.0663,22.44941],[114.06667,22.44915],[114.06726,22.44918],[114.06792,22.4494],[114.06916,22.45009],[114.07011,22.45095],[114.08248,22.45117],[114.08249,22.44921],[114.08289,22.44811],[114.08278,22.44738],[114.08239,22.44692],[114.08233,22.44675],[114.08248,22.44623],[114.08281,22.44585],[114.08315,22.44571],[114.08332,22.44541],[114.0833,22.44525],[114.08307,22.44501],[114.08332,22.4446],[114.0833,22.44443],[114.08285,22.44411],[114.0827,22.44372],[114.08291,22.44345],[114.08287,22.44305],[114.08296,22.44285],[114.08341,22.44238],[114.08328,22.44217],[114.083,22.44204],[114.08288,22.44182],[114.08253,22.44163],[114.08253,22.44153],[114.08103,22.4413],[114.08032,22.4407],[114.07988,22.44048],[114.07869,22.44053],[114.07581,22.44029],[114.07589,22.43951],[114.07542,22.43956],[114.07479,22.43976],[114.07475,22.43942],[114.07296,22.44008],[114.0699,22.43982],[114.0685,22.43978],[114.06746,22.43954],[114.06601,22.43987],[114.0638,22.44011],[114.06188,22.43988],[114.05734,22.43987],[114.0569,22.43996],[114.05581,22.44045],[114.04942,22.44358],[114.04828,22.44406],[114.04829,22.44418],[114.04782,22.44439],[114.04794,22.44479],[114.04902,22.44616],[114.04942,22.44713],[114.05542,22.47125],[114.06187,22.46826],[114.06159,22.46814],[114.06155,22.46812]]]}},{"type":"Feature","id":"OZP-S-YL-HTF-12","properties":{"id":"OZP-S-YL-HTF-12","micro_district":"法定规划区 (S/YL-HTF/12)","micro_district_en":"Statutory Scheme (S/YL-HTF/12)","main_area":"新界其他","color":"#3b82f6"},"geometry":{"type":"Polygon","coordinates":[[[113.98338,22.46386],[113.98335,22.46369],[113.98356,22.4636],[113.98331,22.46336],[113.98433,22.46235],[113.98443,22.46198],[113.98469,22.46169],[113.98447,22.46121],[113.98368,22.46083],[113.98324,22.46075],[113.98311,22.46064],[113.98315,22.4605],[113.98337,22.46029],[113.9855,22.46004],[113.98579,22.45987],[113.98598,22.45961],[113.98553,22.45943],[113.98543,22.45926],[113.985,22.45925],[113.9846,22.45903],[113.98387,22.45886],[113.98338,22.45862],[113.98303,22.45811],[113.98265,22.45788],[113.98251,22.45741],[113.98216,22.45721],[113.9818,22.4563],[113.98098,22.45521],[113.98058,22.45505],[113.97973,22.4559],[113.97767,22.454],[113.97735,22.45407],[113.97733,22.45395],[113.97756,22.45388],[113.97773,22.45364],[113.97757,22.453],[113.97762,22.45281],[113.97737,22.45271],[113.97678,22.45274],[113.976,22.45252],[113.97512,22.4527],[113.9737,22.45255],[113.9759,22.45072],[113.97626,22.45022],[113.97686,22.44911],[113.97754,22.44841],[113.97823,22.44801],[113.97908,22.44776],[113.97937,22.44759],[113.97974,22.44756],[113.9805,22.44715],[113.98176,22.44629],[113.98199,22.44598],[113.98233,22.44588],[113.98356,22.44488],[113.9847,22.44329],[113.98517,22.4425],[113.98547,22.44164],[113.98556,22.44073],[113.9852,22.44078],[113.98492,22.44051],[113.98463,22.43948],[113.98448,22.43844],[113.98419,22.43826],[113.9834,22.43846],[113.98307,22.43836],[113.98288,22.4381],[113.98279,22.43738],[113.98235,22.43689],[113.98242,22.43689],[113.98221,22.43646],[113.9819,22.43633],[113.98167,22.43598],[113.9817,22.43568],[113.98233,22.43526],[113.98245,22.43493],[113.98261,22.43503],[113.9828,22.43539],[113.98317,22.43574],[113.98361,22.43587],[113.98365,22.43581],[113.98354,22.43574],[113.98388,22.43481],[113.98385,22.43429],[113.98372,22.43412],[113.98284,22.4341],[113.98265,22.43392],[113.98255,22.4337],[113.9828,22.43351],[113.98319,22.43341],[113.98322,22.43316],[113.98242,22.43286],[113.98211,22.43233],[113.98225,22.43224],[113.98216,22.43204],[113.98206,22.43204],[113.98208,22.43171],[113.98188,22.43175],[113.98164,22.43165],[113.98111,22.43115],[113.98091,22.43087],[113.9809,22.43044],[113.97488,22.43045],[113.97877,22.43717],[113.96823,22.44627],[113.96315,22.44701],[113.96174,22.4481],[113.9614,22.4479],[113.96129,22.448],[113.96119,22.44816],[113.96124,22.44839],[113.96119,22.44844],[113.96107,22.44836],[113.96088,22.44861],[113.96096,22.44871],[113.96087,22.44887],[113.96096,22.44933],[113.96032,22.44996],[113.96067,22.44981],[113.96073,22.44971],[113.96094,22.44976],[113.96113,22.45006],[113.961,22.45011],[113.96149,22.4504],[113.96161,22.45076],[113.9619,22.45119],[113.96238,22.45147],[113.963,22.45202],[113.96331,22.4522],[113.96357,22.45203],[113.96353,22.45183],[113.96331,22.45159],[113.96327,22.45144],[113.96337,22.45141],[113.96361,22.4515],[113.96376,22.45166],[113.96376,22.45184],[113.96403,22.45202],[113.96399,22.45231],[113.96434,22.45248],[113.96443,22.4522],[113.96435,22.45213],[113.96473,22.45201],[113.96502,22.45215],[113.96539,22.45252],[113.96591,22.45281],[113.96667,22.45305],[113.9671,22.45302],[113.96763,22.45284],[113.96782,22.45318],[113.96782,22.45335],[113.96881,22.4536],[113.96909,22.45376],[113.96956,22.4537],[113.97002,22.45382],[113.97134,22.45443],[113.97158,22.4544],[113.9721,22.45462],[113.97241,22.45462],[113.97255,22.45475],[113.97299,22.45487],[113.97366,22.45534],[113.97392,22.45572],[113.97386,22.45589],[113.97396,22.45609],[113.9744,22.45628],[113.97475,22.45624],[113.97523,22.45659],[113.9752,22.45684],[113.97527,22.45695],[113.9755,22.45695],[113.9757,22.45681],[113.97611,22.45702],[113.97635,22.4572],[113.97657,22.45752],[113.97729,22.45811],[113.97733,22.45839],[113.9775,22.45862],[113.97757,22.45859],[113.97771,22.45876],[113.97782,22.45866],[113.97873,22.46034],[113.97902,22.46126],[113.97892,22.46129],[113.97897,22.46139],[113.97905,22.46137],[113.97917,22.46162],[113.97905,22.46175],[113.97922,22.46176],[113.97943,22.46235],[113.97964,22.46333],[113.97999,22.464],[113.98013,22.46413],[113.98019,22.46417],[113.98089,22.46391],[113.98165,22.46384],[113.98207,22.46394],[113.98317,22.46439],[113.98342,22.46406],[113.98339,22.46388],[113.98338,22.46386]]]}},{"type":"Feature","id":"OZP-S-YL-25","properties":{"id":"OZP-S-YL-25","micro_district":"元朗市中心及YOHO","micro_district_en":"Statutory Scheme (S/YL/25)","main_area":"新界元朗及天水围","color":"#16a34a"},"geometry":{"type":"Polygon","coordinates":[[[114.02635,22.46938],[114.02838,22.46934],[114.02815,22.46853],[114.02795,22.46707],[114.02798,22.46548],[114.02812,22.4648],[114.02857,22.46403],[114.03185,22.46019],[114.03214,22.45969],[114.03247,22.45875],[114.03247,22.45838],[114.03234,22.45801],[114.03059,22.4552],[114.02843,22.4529],[114.03071,22.45242],[114.03169,22.45183],[114.03242,22.45233],[114.03293,22.45166],[114.03816,22.45346],[114.03867,22.45332],[114.03986,22.45334],[114.04008,22.45251],[114.04036,22.45234],[114.04038,22.45225],[114.04003,22.45166],[114.04002,22.45142],[114.04019,22.451],[114.04057,22.45073],[114.04132,22.44962],[114.04132,22.44932],[114.04117,22.44912],[114.04121,22.44894],[114.04084,22.44818],[114.04119,22.44778],[114.04082,22.44762],[114.04023,22.44698],[114.03992,22.4464],[114.03966,22.44563],[114.03959,22.44478],[114.03998,22.44458],[114.03998,22.44415],[114.03981,22.44411],[114.03974,22.44398],[114.03984,22.44305],[114.03976,22.44129],[114.03952,22.44022],[114.03891,22.43892],[114.03775,22.43746],[114.03659,22.43643],[114.03596,22.43598],[114.03571,22.43564],[114.03407,22.43472],[114.03277,22.43422],[114.03173,22.43398],[114.03058,22.43389],[114.02957,22.43397],[114.02008,22.43564],[114.01881,22.43603],[114.01619,22.43719],[114.01546,22.43732],[114.01645,22.44067],[114.01751,22.44466],[114.01601,22.44715],[114.01685,22.4474],[114.01907,22.44877],[114.02116,22.44971],[114.02155,22.44996],[114.02205,22.4504],[114.02253,22.451],[114.02345,22.4527],[114.02372,22.45291],[114.0242,22.45307],[114.02366,22.45685],[114.02274,22.45664],[114.02063,22.46105],[114.02059,22.46132],[114.0234,22.46337],[114.02365,22.46366],[114.02391,22.46432],[114.02399,22.46628],[114.02528,22.46653],[114.0261,22.46928],[114.02627,22.46938],[114.02635,22.46938]]]}},{"type":"Feature","id":"OZP-S-TWW-19","properties":{"id":"OZP-S-TWW-19","micro_district":"法定规划区 (S/TWW/19)","micro_district_en":"Statutory Scheme (S/TWW/19)","main_area":"新界其他","color":"#3b82f6"},"geometry":{"type":"Polygon","coordinates":[[[114.06714,22.37682],[114.06776,22.37672],[114.06834,22.37672],[114.06834,22.37648],[114.06887,22.37605],[114.06907,22.376],[114.0696,22.3762],[114.07005,22.37611],[114.07019,22.37591],[114.07006,22.37577],[114.07005,22.37554],[114.07095,22.37483],[114.07211,22.37417],[114.07267,22.37421],[114.07367,22.3737],[114.07415,22.37375],[114.07465,22.37419],[114.07483,22.37418],[114.07494,22.37411],[114.07506,22.37323],[114.07581,22.37269],[114.07669,22.37225],[114.07703,22.37198],[114.07717,22.37195],[114.07752,22.37209],[114.07769,22.3723],[114.07796,22.37246],[114.07903,22.37253],[114.07955,22.37305],[114.07967,22.37336],[114.07984,22.37346],[114.08005,22.37258],[114.08042,22.37225],[114.08074,22.3721],[114.08165,22.37199],[114.0817,22.37176],[114.08211,22.37165],[114.08224,22.37155],[114.08227,22.37138],[114.08312,22.37071],[114.08398,22.37038],[114.08463,22.37027],[114.08505,22.37031],[114.08552,22.37017],[114.086,22.37014],[114.08683,22.36968],[114.08728,22.3699],[114.08745,22.36989],[114.08789,22.36949],[114.0882,22.36934],[114.0887,22.36942],[114.08911,22.36729],[114.08675,22.36731],[114.08595,22.36745],[114.0853,22.3674],[114.08484,22.36746],[114.08404,22.36787],[114.08406,22.36795],[114.08348,22.3683],[114.08211,22.36894],[114.08111,22.36923],[114.08052,22.36924],[114.07982,22.36912],[114.07915,22.36875],[114.0791,22.36847],[114.07953,22.36788],[114.07954,22.3677],[114.07863,22.36685],[114.07853,22.36688],[114.08208,22.36015],[114.08168,22.36004],[114.07821,22.36657],[114.07793,22.36704],[114.07774,22.36709],[114.07732,22.36774],[114.07694,22.36764],[114.07548,22.3677],[114.07543,22.36755],[114.07521,22.36747],[114.07505,22.36758],[114.07454,22.36749],[114.07424,22.36725],[114.07424,22.36713],[114.07398,22.36709],[114.07365,22.36684],[114.07346,22.36657],[114.07317,22.36635],[114.07313,22.36619],[114.07279,22.36603],[114.07269,22.3661],[114.07249,22.36598],[114.07258,22.36573],[114.07251,22.36562],[114.072,22.36549],[114.07162,22.36526],[114.0713,22.36527],[114.07091,22.36492],[114.07079,22.36441],[114.07112,22.36412],[114.07112,22.36393],[114.07164,22.36399],[114.07164,22.3639],[114.07112,22.36389],[114.07096,22.3636],[114.07076,22.36356],[114.0693,22.36409],[114.06908,22.36397],[114.06915,22.36375],[114.06907,22.36357],[114.0685,22.36355],[114.06826,22.36342],[114.06822,22.36324],[114.06689,22.36357],[114.06588,22.36408],[114.06548,22.364],[114.0645,22.36403],[114.06371,22.36516],[114.06351,22.36526],[114.0631,22.36528],[114.06306,22.36545],[114.06077,22.36535],[114.06027,22.36647],[114.06004,22.36638],[114.06006,22.36632],[114.05834,22.3658],[114.05828,22.36586],[114.05777,22.36561],[114.05795,22.36513],[114.05809,22.36519],[114.05814,22.36508],[114.05793,22.36499],[114.0577,22.36555],[114.05689,22.3652],[114.0571,22.36482],[114.05687,22.36519],[114.05583,22.36471],[114.05535,22.36424],[114.05497,22.36412],[114.05464,22.36382],[114.05451,22.36357],[114.05392,22.36317],[114.05382,22.36298],[114.05351,22.3628],[114.05312,22.36281],[114.05304,22.36272],[114.05304,22.36235],[114.05295,22.36222],[114.0524,22.36214],[114.05228,22.36221],[114.05199,22.3622],[114.05184,22.36241],[114.05159,22.36231],[114.05147,22.36215],[114.05135,22.36213],[114.05127,22.36221],[114.05075,22.36201],[114.05008,22.36148],[114.04957,22.36136],[114.04933,22.36117],[114.04897,22.36112],[114.04807,22.36083],[114.04809,22.36068],[114.04798,22.36057],[114.04759,22.36067],[114.04746,22.36046],[114.04714,22.36039],[114.04694,22.36052],[114.04723,22.36089],[114.04668,22.36096],[114.04595,22.36121],[114.04547,22.3612],[114.04511,22.36136],[114.04521,22.36104],[114.04514,22.36095],[114.04519,22.36077],[114.04508,22.36075],[114.04506,22.36082],[114.04513,22.36084],[114.04497,22.36133],[114.04418,22.36123],[114.04286,22.36066],[114.04221,22.36048],[114.04114,22.35995],[114.04004,22.35912],[114.04006,22.359],[114.03968,22.35879],[114.03948,22.35854],[114.03949,22.3583],[114.03938,22.35822],[114.03885,22.35822],[114.03728,22.35787],[114.03667,22.35745],[114.03634,22.35734],[114.03615,22.3573],[114.03587,22.35737],[114.03445,22.35705],[114.03403,22.35688],[114.03371,22.3565],[114.03277,22.35633],[114.03213,22.35592],[114.03196,22.35594],[114.03148,22.35573],[114.0302,22.35562],[114.03003,22.35537],[114.02865,22.3554],[114.02865,22.3588],[114.03084,22.35804],[114.03606,22.36036],[114.03632,22.36055],[114.03688,22.36125],[114.03679,22.36152],[114.03684,22.36166],[114.03701,22.36179],[114.03718,22.36211],[114.03687,22.36273],[114.03719,22.36305],[114.03714,22.36351],[114.0372,22.36361],[114.03758,22.36374],[114.03797,22.36402],[114.03817,22.36393],[114.0387,22.3639],[114.03896,22.36408],[114.0394,22.36398],[114.03954,22.36405],[114.03961,22.36436],[114.03988,22.36467],[114.0398,22.36501],[114.0404,22.36545],[114.04075,22.36552],[114.04088,22.36545],[114.04106,22.36548],[114.04127,22.36591],[114.04162,22.36608],[114.04173,22.36623],[114.04182,22.36656],[114.04228,22.36661],[114.04269,22.36644],[114.04311,22.36589],[114.04332,22.36585],[114.04351,22.36557],[114.04368,22.36553],[114.04413,22.36578],[114.04469,22.36576],[114.0451,22.36616],[114.0462,22.36646],[114.04631,22.3667],[114.04665,22.36689],[114.04696,22.36731],[114.04786,22.36762],[114.0482,22.36798],[114.04834,22.36846],[114.04864,22.36864],[114.04864,22.36887],[114.04906,22.36957],[114.04936,22.36951],[114.04964,22.36929],[114.05014,22.3696],[114.05026,22.36959],[114.05048,22.3697],[114.05074,22.36957],[114.05106,22.36998],[114.05126,22.37007],[114.05172,22.36995],[114.05199,22.37011],[114.05246,22.37005],[114.05262,22.3701],[114.05272,22.37033],[114.05331,22.37069],[114.0537,22.37147],[114.05363,22.37169],[114.05481,22.37274],[114.05496,22.37302],[114.05523,22.3732],[114.05564,22.37374],[114.05583,22.37383],[114.05611,22.37419],[114.05644,22.37437],[114.05648,22.37459],[114.05643,22.37463],[114.0569,22.37506],[114.0568,22.37521],[114.05693,22.37534],[114.05759,22.37538],[114.05786,22.37497],[114.05798,22.3751],[114.05811,22.37494],[114.05824,22.37511],[114.05883,22.37519],[114.05912,22.37503],[114.05927,22.3746],[114.05968,22.37459],[114.06024,22.37473],[114.06073,22.37518],[114.06128,22.37524],[114.06151,22.37552],[114.06161,22.37615],[114.062,22.37625],[114.06218,22.37596],[114.06252,22.37591],[114.06349,22.37519],[114.06387,22.37538],[114.06406,22.37503],[114.06466,22.37468],[114.06504,22.37429],[114.0651,22.37438],[114.06504,22.37463],[114.06517,22.37484],[114.0651,22.37501],[114.06528,22.37544],[114.06538,22.37557],[114.06588,22.3758],[114.06625,22.37584],[114.06641,22.37596],[114.06643,22.37624],[114.06634,22.37661],[114.06641,22.37674],[114.06704,22.37685],[114.06714,22.37682]]]}},{"type":"Feature","id":"OZP-S-TW-35","properties":{"id":"OZP-S-TW-35","micro_district":"荃湾市中心及海滨","micro_district_en":"Statutory Scheme (S/TW/35)","main_area":"新界荃湾及葵青","color":"#0891b2"},"geometry":{"type":"Polygon","coordinates":[[[114.10751,22.38726],[114.1081,22.38716],[114.10816,22.38673],[114.1083,22.38658],[114.10899,22.38646],[114.10951,22.38607],[114.11007,22.3861],[114.11047,22.38567],[114.11139,22.38497],[114.11163,22.38496],[114.11199,22.38515],[114.11216,22.38509],[114.11239,22.38473],[114.11284,22.38437],[114.11279,22.38386],[114.11314,22.3836],[114.11327,22.38334],[114.11386,22.3831],[114.11428,22.38269],[114.11483,22.38262],[114.11504,22.38247],[114.11506,22.38227],[114.11463,22.38163],[114.11452,22.38114],[114.11458,22.38097],[114.11486,22.38079],[114.11493,22.38058],[114.11514,22.38054],[114.11536,22.38058],[114.11574,22.38087],[114.11652,22.38082],[114.11699,22.38121],[114.11741,22.38109],[114.1178,22.38121],[114.11825,22.38117],[114.11839,22.38129],[114.11846,22.38166],[114.11875,22.38185],[114.11959,22.38193],[114.12012,22.38176],[114.12043,22.38189],[114.12079,22.38237],[114.12052,22.38293],[114.12047,22.38337],[114.12065,22.38367],[114.12066,22.38404],[114.12087,22.38444],[114.1208,22.38479],[114.12088,22.38515],[114.12062,22.38552],[114.12081,22.38581],[114.12083,22.38621],[114.1219,22.38705],[114.12198,22.38723],[114.12193,22.38757],[114.1222,22.38773],[114.12239,22.38801],[114.12304,22.38809],[114.12335,22.38833],[114.12414,22.38808],[114.12441,22.38753],[114.1247,22.38718],[114.12491,22.38719],[114.1252,22.38734],[114.12569,22.38697],[114.12629,22.387],[114.12607,22.3861],[114.12624,22.38526],[114.12649,22.38496],[114.12711,22.38495],[114.12722,22.38488],[114.12738,22.3843],[114.12717,22.38337],[114.12728,22.38322],[114.12751,22.38311],[114.12904,22.38359],[114.12929,22.38336],[114.12983,22.38322],[114.13021,22.383],[114.13037,22.38302],[114.13074,22.38325],[114.131,22.38321],[114.13128,22.38299],[114.1316,22.38301],[114.13176,22.3831],[114.13194,22.38345],[114.13219,22.38365],[114.1323,22.38397],[114.13308,22.38419],[114.13344,22.38416],[114.13372,22.38424],[114.13438,22.38408],[114.13464,22.38418],[114.13509,22.38501],[114.13509,22.38523],[114.13547,22.38525],[114.13581,22.38546],[114.13603,22.38517],[114.13661,22.38473],[114.13703,22.3846],[114.13722,22.38425],[114.13745,22.38414],[114.13766,22.3842],[114.13828,22.38466],[114.1394,22.38457],[114.13967,22.38463],[114.14055,22.38558],[114.14084,22.38526],[114.14098,22.38496],[114.14129,22.38477],[114.14147,22.38435],[114.14173,22.38417],[114.14201,22.38417],[114.14347,22.38475],[114.14379,22.38454],[114.14356,22.38452],[114.14148,22.38364],[114.1388,22.38203],[114.13847,22.38201],[114.13796,22.38221],[114.13761,22.38221],[114.13727,22.382],[114.13712,22.38168],[114.13526,22.38158],[114.13453,22.38138],[114.13363,22.38093],[114.13391,22.38046],[114.13425,22.38028],[114.1362,22.38044],[114.13677,22.38033],[114.13702,22.3802],[114.1373,22.37991],[114.13748,22.37935],[114.13738,22.37878],[114.13645,22.3762],[114.13633,22.37249],[114.13608,22.37207],[114.13513,22.37141],[114.13509,22.37146],[114.13466,22.37108],[114.13421,22.37011],[114.13283,22.36968],[114.13077,22.37072],[114.1303,22.37088],[114.12968,22.37096],[114.12339,22.37037],[114.12307,22.3696],[114.12149,22.36717],[114.12107,22.36574],[114.12084,22.36524],[114.11984,22.36398],[114.11944,22.36372],[114.11771,22.36313],[114.11604,22.3623],[114.11418,22.36103],[114.1133,22.36061],[114.11169,22.3603],[114.1114,22.36186],[114.11239,22.36426],[114.11242,22.36476],[114.11215,22.36522],[114.11116,22.36637],[114.11086,22.36664],[114.11076,22.36654],[114.11054,22.36672],[114.11063,22.36682],[114.11028,22.36708],[114.11019,22.36697],[114.10999,22.36711],[114.11008,22.36722],[114.1089,22.36782],[114.10845,22.36817],[114.10805,22.36883],[114.10799,22.36971],[114.10556,22.37202],[114.10401,22.37218],[114.09916,22.3685],[114.09853,22.36848],[114.09772,22.36829],[114.09607,22.36832],[114.09471,22.36814],[114.0945,22.36789],[114.0941,22.36782],[114.09383,22.36787],[114.09383,22.36773],[114.09301,22.36781],[114.09261,22.36755],[114.09147,22.36732],[114.09121,22.36719],[114.09059,22.36728],[114.09058,22.36737],[114.08908,22.36744],[114.0887,22.36942],[114.08897,22.36959],[114.08905,22.36978],[114.08907,22.37057],[114.08864,22.37091],[114.08889,22.3714],[114.08912,22.37142],[114.08942,22.37114],[114.09,22.3712],[114.09047,22.37168],[114.09047,22.37179],[114.0903,22.372],[114.09047,22.37214],[114.09108,22.37223],[114.09138,22.37239],[114.09178,22.37236],[114.09203,22.37256],[114.09256,22.37275],[114.09356,22.37262],[114.0946,22.37313],[114.09494,22.37318],[114.09523,22.37355],[114.09601,22.37379],[114.09626,22.37375],[114.09654,22.37383],[114.09732,22.37385],[114.0989,22.37449],[114.09911,22.37494],[114.09955,22.37487],[114.0998,22.37512],[114.10029,22.37504],[114.1007,22.37545],[114.10085,22.37547],[114.10121,22.37529],[114.10147,22.3754],[114.10171,22.37564],[114.10172,22.37589],[114.1014,22.37619],[114.10156,22.37647],[114.10204,22.37676],[114.1023,22.37714],[114.10234,22.3778],[114.10253,22.37807],[114.10244,22.37846],[114.10263,22.37881],[114.10258,22.37974],[114.10304,22.38027],[114.10299,22.38106],[114.10318,22.3812],[114.1037,22.38107],[114.10383,22.38131],[114.10381,22.38165],[114.10416,22.3822],[114.10375,22.38256],[114.1032,22.38266],[114.10291,22.38298],[114.10249,22.38306],[114.10216,22.38292],[114.10174,22.38288],[114.10166,22.38333],[114.10144,22.38367],[114.10107,22.38374],[114.1009,22.38394],[114.10067,22.38402],[114.10045,22.38448],[114.10009,22.38472],[114.09971,22.38478],[114.09967,22.38493],[114.09973,22.38528],[114.09986,22.38533],[114.10013,22.38525],[114.10039,22.38504],[114.10082,22.38491],[114.10117,22.38469],[114.10132,22.38479],[114.10146,22.38505],[114.10148,22.38554],[114.10166,22.3856],[114.10194,22.38522],[114.10195,22.38491],[114.10235,22.38467],[114.10252,22.38476],[114.1026,22.38519],[114.10277,22.38537],[114.10301,22.3854],[114.10344,22.38529],[114.10416,22.38562],[114.10451,22.38562],[114.10458,22.38577],[114.10435,22.38622],[114.10443,22.38643],[114.10465,22.38662],[114.10472,22.38713],[114.10502,22.38817],[114.10514,22.38838],[114.10532,22.38849],[114.10563,22.38849],[114.10671,22.38762],[114.10748,22.3873],[114.10751,22.38726]]]}},{"type":"Feature","id":"OZP-S-I-TOTC-2","properties":{"id":"OZP-S-I-TOTC-2","micro_district":"法定规划区 (S/I-TOTC/2)","micro_district_en":"Statutory Scheme (S/I-TOTC/2)","main_area":"新界其他","color":"#3b82f6"},"geometry":{"type":"Polygon","coordinates":[[[113.86243,22.2577],[113.86285,22.25757],[113.8631,22.2573],[113.86335,22.2568],[113.86399,22.25624],[113.86426,22.25612],[113.86487,22.25602],[113.86557,22.25565],[113.86587,22.25539],[113.86618,22.2553],[113.86629,22.25517],[113.8666,22.25524],[113.8667,22.25503],[113.86709,22.25488],[113.86742,22.25455],[113.86783,22.25433],[113.86835,22.25423],[113.86876,22.25398],[113.86919,22.25398],[113.86931,22.25381],[113.86949,22.25373],[113.86955,22.25325],[113.86942,22.2533],[113.86858,22.25314],[113.86841,22.2533],[113.86826,22.25332],[113.86802,22.25309],[113.86799,22.25296],[113.86781,22.25294],[113.86743,22.25265],[113.86717,22.25234],[113.86712,22.25208],[113.86701,22.25207],[113.86694,22.25191],[113.86656,22.25151],[113.8665,22.25063],[113.86323,22.25007],[113.86293,22.2519],[113.86299,22.25226],[113.86197,22.25245],[113.86154,22.25288],[113.86176,22.253],[113.86166,22.25321],[113.86171,22.25325],[113.86131,22.25405],[113.86157,22.25417],[113.86153,22.25424],[113.86114,22.25421],[113.86073,22.25448],[113.86053,22.25436],[113.8604,22.25446],[113.85913,22.25452],[113.85851,22.25484],[113.85815,22.2549],[113.85803,22.25509],[113.85811,22.25526],[113.85787,22.25528],[113.85778,22.25513],[113.85759,22.25518],[113.85765,22.25529],[113.85742,22.25536],[113.85747,22.25547],[113.85741,22.25557],[113.85713,22.2556],[113.85649,22.25469],[113.85666,22.25465],[113.85655,22.25449],[113.85661,22.25442],[113.85673,22.25447],[113.85676,22.25439],[113.8569,22.2545],[113.85717,22.25429],[113.85708,22.25418],[113.85515,22.25318],[113.85498,22.25301],[113.85516,22.25282],[113.85498,22.25298],[113.85464,22.25309],[113.85329,22.25284],[113.85317,22.25278],[113.85298,22.25234],[113.85288,22.25238],[113.85313,22.25295],[113.85305,22.25297],[113.85313,22.253],[113.85307,22.2533],[113.85289,22.25346],[113.85335,22.25373],[113.85348,22.25353],[113.85377,22.25383],[113.85409,22.25373],[113.85413,22.25347],[113.85436,22.25359],[113.85486,22.25361],[113.85501,22.254],[113.85503,22.25468],[113.8554,22.25474],[113.8556,22.2549],[113.85583,22.25551],[113.85623,22.2558],[113.85647,22.25675],[113.85664,22.25682],[113.85665,22.25689],[113.85706,22.2569],[113.85716,22.25698],[113.85728,22.25693],[113.85726,22.25663],[113.8578,22.25604],[113.85842,22.25601],[113.85918,22.25613],[113.85973,22.25574],[113.86049,22.25545],[113.86122,22.2549],[113.86138,22.25486],[113.86251,22.25503],[113.86279,22.25532],[113.8626,22.25621],[113.86189,22.25685],[113.86179,22.2571],[113.86183,22.25727],[113.86223,22.25778],[113.86234,22.25774],[113.86243,22.2577]]]}},{"type":"Feature","id":"OZP-S-NE-TKL-14","properties":{"id":"OZP-S-NE-TKL-14","micro_district":"法定规划区 (S/NE-TKL/14)","micro_district_en":"Statutory Scheme (S/NE-TKL/14)","main_area":"新界其他","color":"#3b82f6"},"geometry":{"type":"Polygon","coordinates":[[[114.1588,22.53961],[114.15899,22.53948],[114.1592,22.53951],[114.15953,22.53922],[114.16014,22.53905],[114.16101,22.53831],[114.16118,22.53806],[114.1616,22.53803],[114.16198,22.53778],[114.16232,22.53792],[114.16245,22.53815],[114.16253,22.53814],[114.1626,22.53771],[114.16272,22.53754],[114.16311,22.53754],[114.16351,22.5373],[114.16378,22.53736],[114.16428,22.53707],[114.16431,22.53676],[114.16416,22.53616],[114.16436,22.53604],[114.16489,22.53547],[114.16504,22.53547],[114.1648,22.53508],[114.165,22.53478],[114.16505,22.53442],[114.16443,22.53415],[114.16415,22.53385],[114.16354,22.53359],[114.16335,22.53339],[114.16361,22.53273],[114.16366,22.53194],[114.16349,22.53139],[114.16353,22.53049],[114.16336,22.53025],[114.16331,22.53001],[114.16341,22.52973],[114.16359,22.52952],[114.164,22.52932],[114.16445,22.52923],[114.16486,22.52945],[114.16534,22.52937],[114.16548,22.52963],[114.1659,22.52983],[114.16593,22.53024],[114.1664,22.53063],[114.16658,22.53066],[114.16695,22.53048],[114.16694,22.53025],[114.16724,22.53013],[114.16851,22.53028],[114.16948,22.53015],[114.17068,22.5297],[114.17095,22.52923],[114.17087,22.52905],[114.17108,22.52852],[114.17117,22.52807],[114.17112,22.52793],[114.17101,22.52788],[114.17046,22.52799],[114.1703,22.52795],[114.17008,22.52759],[114.17015,22.52708],[114.16973,22.52673],[114.16981,22.52629],[114.16955,22.52577],[114.16919,22.52549],[114.16894,22.52556],[114.16877,22.52542],[114.1685,22.5254],[114.16834,22.5253],[114.16836,22.52468],[114.16853,22.52448],[114.1686,22.52393],[114.16892,22.5234],[114.16894,22.52287],[114.16921,22.52254],[114.16868,22.52217],[114.16859,22.52198],[114.1683,22.5219],[114.1683,22.52174],[114.16909,22.52182],[114.16908,22.52146],[114.16916,22.52114],[114.16914,22.52106],[114.1688,22.52092],[114.16868,22.52078],[114.16864,22.52042],[114.16851,22.52018],[114.16855,22.51993],[114.16816,22.51971],[114.16827,22.51951],[114.16828,22.51911],[114.16854,22.51905],[114.16884,22.51927],[114.16913,22.5191],[114.16948,22.51909],[114.1697,22.5192],[114.1698,22.51936],[114.17035,22.51964],[114.17036,22.51974],[114.16989,22.52005],[114.17013,22.52048],[114.16984,22.52064],[114.16968,22.52094],[114.16981,22.52114],[114.16995,22.52159],[114.17026,22.52165],[114.17034,22.52186],[114.17066,22.52207],[114.17073,22.52247],[114.17111,22.52252],[114.1712,22.52316],[114.17144,22.52314],[114.17154,22.52294],[114.17174,22.5229],[114.17154,22.52327],[114.17176,22.52348],[114.17193,22.52351],[114.17198,22.52364],[114.1723,22.52363],[114.17247,22.524],[114.17268,22.52373],[114.1729,22.52366],[114.17314,22.52375],[114.17335,22.52395],[114.17353,22.52383],[114.17401,22.52384],[114.17447,22.524],[114.17409,22.52367],[114.17409,22.52338],[114.17398,22.52316],[114.17431,22.52289],[114.17444,22.52267],[114.17446,22.5222],[114.17485,22.52123],[114.17499,22.52106],[114.17528,22.52093],[114.17578,22.52041],[114.17615,22.52018],[114.17596,22.51994],[114.176,22.51983],[114.17613,22.51979],[114.17642,22.51989],[114.17589,22.51917],[114.17529,22.51864],[114.16925,22.51514],[114.16623,22.51283],[114.16521,22.51215],[114.15845,22.50943],[114.15695,22.50871],[114.15619,22.50963],[114.15488,22.50952],[114.15451,22.50966],[114.15408,22.51003],[114.1536,22.51016],[114.1537,22.51057],[114.15428,22.51099],[114.15444,22.51128],[114.1548,22.51157],[114.15485,22.51169],[114.15459,22.51225],[114.15376,22.51268],[114.15355,22.51346],[114.15381,22.51354],[114.15403,22.51376],[114.15412,22.51403],[114.1543,22.51411],[114.15435,22.51444],[114.15502,22.51498],[114.15503,22.5151],[114.1547,22.51534],[114.15466,22.51567],[114.15495,22.51579],[114.15484,22.51603],[114.15508,22.51611],[114.1552,22.51647],[114.15533,22.51657],[114.15564,22.51637],[114.1558,22.51639],[114.15606,22.51616],[114.15632,22.51609],[114.15652,22.51614],[114.15663,22.5164],[114.15657,22.51663],[114.1568,22.5169],[114.15692,22.51696],[114.15736,22.51691],[114.15748,22.51704],[114.15753,22.51734],[114.1578,22.51728],[114.15806,22.51733],[114.15817,22.51741],[114.15821,22.51757],[114.15837,22.51752],[114.15854,22.5176],[114.15872,22.5179],[114.15867,22.51813],[114.15895,22.51832],[114.1592,22.51884],[114.1594,22.51895],[114.15947,22.51911],[114.16002,22.51962],[114.16003,22.51984],[114.15966,22.52004],[114.15944,22.51981],[114.15911,22.51966],[114.15878,22.51992],[114.15865,22.51994],[114.15814,22.51958],[114.1582,22.51924],[114.15799,22.5191],[114.15766,22.51914],[114.15749,22.51891],[114.15714,22.51894],[114.15696,22.51912],[114.15673,22.5191],[114.15652,22.51932],[114.1564,22.51922],[114.15631,22.51883],[114.15604,22.51872],[114.15577,22.51839],[114.15532,22.51888],[114.15497,22.51887],[114.15471,22.51871],[114.15446,22.51825],[114.15422,22.51833],[114.15403,22.51816],[114.1538,22.51815],[114.15351,22.51797],[114.15322,22.51793],[114.15283,22.51768],[114.15247,22.51759],[114.15238,22.51767],[114.15236,22.51808],[114.15203,22.51829],[114.15191,22.51847],[114.15211,22.51882],[114.15203,22.51918],[114.1522,22.51972],[114.15217,22.51984],[114.15144,22.51973],[114.15136,22.51979],[114.15135,22.52007],[114.15094,22.52011],[114.15063,22.51973],[114.15065,22.51946],[114.15056,22.51929],[114.15029,22.51917],[114.15008,22.51879],[114.14951,22.51852],[114.14919,22.51859],[114.1489,22.51893],[114.14874,22.51889],[114.14851,22.51899],[114.14841,22.51918],[114.14867,22.51976],[114.1486,22.5201],[114.14837,22.52046],[114.1484,22.5206],[114.14857,22.5209],[114.14868,22.52147],[114.14905,22.52159],[114.14942,22.52154],[114.14954,22.52165],[114.14964,22.52258],[114.14954,22.52311],[114.14958,22.52366],[114.14986,22.52396],[114.14992,22.52413],[114.14967,22.52455],[114.14958,22.52498],[114.14959,22.52549],[114.14947,22.52596],[114.14951,22.52672],[114.14941,22.52709],[114.14926,22.52723],[114.14873,22.52728],[114.14838,22.52753],[114.14718,22.52884],[114.14685,22.52951],[114.14606,22.53024],[114.14578,22.53085],[114.14547,22.53102],[114.14598,22.53129],[114.14622,22.53191],[114.1461,22.53229],[114.1462,22.53268],[114.14594,22.53291],[114.14599,22.53329],[114.14704,22.53404],[114.14668,22.53418],[114.14678,22.53461],[114.14701,22.53476],[114.14684,22.53524],[114.14824,22.53592],[114.15197,22.53631],[114.15824,22.53969],[114.15834,22.53961],[114.1586,22.53976],[114.15878,22.53964],[114.1588,22.53961]]]}},{"type":"Feature","id":"OZP-S-NE-TK-19","properties":{"id":"OZP-S-NE-TK-19","micro_district":"法定规划区 (S/NE-TK/19)","micro_district_en":"Statutory Scheme (S/NE-TK/19)","main_area":"新界其他","color":"#3b82f6"},"geometry":{"type":"Polygon","coordinates":[[[114.19866,22.47305],[114.19875,22.47342],[114.19878,22.47451],[114.19896,22.47479],[114.1995,22.47508],[114.19957,22.47544],[114.19968,22.47559],[114.19988,22.47562],[114.20001,22.47553],[114.20026,22.47446],[114.20043,22.47411],[114.20061,22.47424],[114.20083,22.47485],[114.20118,22.47532],[114.20179,22.47532],[114.20333,22.47578],[114.20459,22.47643],[114.20527,22.47663],[114.20578,22.47659],[114.2071,22.47607],[114.20742,22.47603],[114.20761,22.47622],[114.2077,22.47684],[114.20789,22.47697],[114.20813,22.4768],[114.20874,22.47597],[114.20934,22.47547],[114.20971,22.47535],[114.21083,22.47526],[114.21168,22.47473],[114.21187,22.47487],[114.21241,22.4756],[114.21296,22.47604],[114.21291,22.47626],[114.21232,22.47663],[114.21219,22.47684],[114.21217,22.47788],[114.21249,22.47802],[114.21267,22.47797],[114.21274,22.47781],[114.21264,22.47725],[114.21265,22.47683],[114.21324,22.47653],[114.21316,22.47574],[114.21322,22.47545],[114.21335,22.4753],[114.21379,22.47527],[114.21466,22.47554],[114.21538,22.4756],[114.21593,22.47554],[114.21617,22.47562],[114.21636,22.47557],[114.21666,22.47573],[114.21697,22.4757],[114.21719,22.47542],[114.21731,22.4751],[114.21748,22.475],[114.21762,22.47466],[114.21809,22.47464],[114.21851,22.47499],[114.21884,22.47515],[114.21883,22.47566],[114.21918,22.47632],[114.21913,22.47652],[114.2187,22.47677],[114.21753,22.47686],[114.21627,22.47771],[114.21602,22.47801],[114.21608,22.47821],[114.21692,22.47898],[114.21697,22.4797],[114.21726,22.48013],[114.21747,22.48022],[114.21764,22.48019],[114.21776,22.48005],[114.21809,22.47848],[114.21826,22.47808],[114.21825,22.47786],[114.2184,22.47761],[114.21858,22.47752],[114.21906,22.47766],[114.21936,22.47756],[114.22015,22.4769],[114.22081,22.47592],[114.22089,22.47566],[114.22058,22.47494],[114.22078,22.47468],[114.22085,22.47429],[114.22116,22.47369],[114.22158,22.4742],[114.22224,22.47451],[114.22309,22.47517],[114.22383,22.47644],[114.22417,22.47643],[114.22456,22.47589],[114.22478,22.47578],[114.2253,22.47609],[114.22572,22.47591],[114.22594,22.47591],[114.22621,22.47607],[114.2264,22.47645],[114.22653,22.47653],[114.22748,22.47642],[114.22805,22.47708],[114.22813,22.47696],[114.22802,22.47624],[114.22772,22.47559],[114.22801,22.47552],[114.22822,22.47583],[114.22831,22.47584],[114.22875,22.47565],[114.22885,22.47533],[114.229,22.47519],[114.22913,22.47523],[114.22935,22.4756],[114.22978,22.47561],[114.22992,22.47577],[114.22991,22.47594],[114.22941,22.47646],[114.22935,22.47674],[114.2294,22.47695],[114.22967,22.47655],[114.23046,22.47617],[114.23096,22.47544],[114.23119,22.47536],[114.23133,22.47539],[114.23202,22.47591],[114.23269,22.47605],[114.23274,22.47612],[114.23263,22.47647],[114.23267,22.47661],[114.23319,22.47653],[114.23397,22.47726],[114.23446,22.47726],[114.23479,22.47744],[114.23504,22.47738],[114.23521,22.47744],[114.23542,22.47733],[114.23564,22.47736],[114.2364,22.47689],[114.23648,22.47659],[114.23638,22.47625],[114.23667,22.47576],[114.23676,22.47544],[114.23631,22.47407],[114.23569,22.47315],[114.23569,22.47244],[114.23539,22.47221],[114.23428,22.47166],[114.23405,22.47103],[114.23384,22.47083],[114.23348,22.47083],[114.23306,22.47103],[114.23323,22.47132],[114.23327,22.47159],[114.23305,22.47283],[114.23172,22.47268],[114.23116,22.47252],[114.23051,22.47197],[114.22961,22.47204],[114.22845,22.47186],[114.22912,22.47094],[114.22862,22.47159],[114.22697,22.47062],[114.2273,22.47014],[114.22669,22.47095],[114.22659,22.47078],[114.22615,22.47107],[114.22569,22.47119],[114.22489,22.46987],[114.22455,22.46963],[114.22433,22.46917],[114.22359,22.4689],[114.22366,22.46873],[114.22348,22.46848],[114.2235,22.46835],[114.22294,22.46833],[114.22282,22.4684],[114.22283,22.46864],[114.22268,22.46857],[114.22275,22.46883],[114.22256,22.46896],[114.22232,22.46888],[114.22232,22.46765],[114.20973,22.46765],[114.20955,22.4671],[114.20907,22.46694],[114.20877,22.46516],[114.20916,22.46493],[114.20949,22.46461],[114.20958,22.46428],[114.20954,22.46399],[114.209,22.46307],[114.20891,22.46267],[114.2088,22.46251],[114.20835,22.46228],[114.20824,22.46185],[114.20823,22.46112],[114.20852,22.45989],[114.2089,22.459],[114.20924,22.45866],[114.20893,22.45826],[114.2085,22.45814],[114.2083,22.45818],[114.20808,22.45834],[114.20787,22.45884],[114.20771,22.45896],[114.20695,22.45878],[114.20657,22.45893],[114.20608,22.46028],[114.20626,22.461],[114.20568,22.46148],[114.20537,22.46138],[114.2052,22.46109],[114.205,22.46109],[114.20485,22.46098],[114.20308,22.46174],[114.20308,22.46201],[114.20382,22.46306],[114.20367,22.46322],[114.2038,22.46341],[114.20376,22.46361],[114.20381,22.4638],[114.20365,22.46447],[114.20376,22.4646],[114.20386,22.46506],[114.20401,22.46525],[114.204,22.46569],[114.20406,22.4659],[114.20422,22.46607],[114.20432,22.46686],[114.20429,22.46701],[114.20415,22.46711],[114.20409,22.46738],[114.20404,22.46767],[114.20412,22.4679],[114.20321,22.46836],[114.20212,22.46912],[114.20132,22.46982],[114.20079,22.47038],[114.20059,22.47078],[114.2001,22.47138],[114.19911,22.47215],[114.19881,22.47259],[114.19866,22.47303],[114.19866,22.47305]]]}},{"type":"Feature","id":"OZP-S-NE-STK-2","properties":{"id":"OZP-S-NE-STK-2","micro_district":"法定规划区 (S/NE-STK/2)","micro_district_en":"Statutory Scheme (S/NE-STK/2)","main_area":"新界其他","color":"#3b82f6"},"geometry":{"type":"Polygon","coordinates":[[[114.20113,22.55663],[114.20155,22.55609],[114.20199,22.55622],[114.20289,22.55611],[114.20428,22.55635],[114.20491,22.55632],[114.20631,22.55654],[114.20674,22.55653],[114.20849,22.55693],[114.2091,22.55651],[114.20955,22.55639],[114.20988,22.55618],[114.21004,22.5562],[114.21014,22.55605],[114.2106,22.5559],[114.21073,22.55594],[114.2113,22.55649],[114.21163,22.55625],[114.21163,22.55608],[114.21185,22.55593],[114.2119,22.5557],[114.21242,22.55542],[114.21268,22.55509],[114.21345,22.55479],[114.21526,22.55497],[114.21577,22.55531],[114.21605,22.55527],[114.21618,22.55504],[114.2163,22.55502],[114.21692,22.55526],[114.21701,22.55549],[114.21694,22.55569],[114.21707,22.55578],[114.21732,22.55576],[114.21783,22.55597],[114.21843,22.55554],[114.21896,22.55503],[114.21935,22.55452],[114.21951,22.55414],[114.21969,22.55399],[114.21979,22.55372],[114.22005,22.55357],[114.22034,22.55366],[114.22049,22.55356],[114.22082,22.55306],[114.22087,22.55234],[114.22118,22.55183],[114.2215,22.55158],[114.22188,22.55154],[114.22265,22.55127],[114.22276,22.55088],[114.22276,22.5504],[114.22285,22.55035],[114.22302,22.54985],[114.22298,22.54943],[114.22285,22.54918],[114.2229,22.54901],[114.22279,22.54859],[114.22258,22.54818],[114.22204,22.54778],[114.22191,22.54813],[114.22087,22.5472],[114.22027,22.54615],[114.22036,22.54587],[114.22057,22.54594],[114.22079,22.54585],[114.22081,22.54529],[114.22106,22.544],[114.22089,22.54398],[114.22091,22.5438],[114.22056,22.5438],[114.2201,22.54398],[114.21974,22.54433],[114.21959,22.54476],[114.21949,22.54473],[114.21928,22.54442],[114.21881,22.54415],[114.21941,22.54362],[114.21946,22.54351],[114.21926,22.54334],[114.2184,22.54296],[114.21802,22.54286],[114.21765,22.54287],[114.2171,22.54172],[114.21675,22.5416],[114.21579,22.54088],[114.21539,22.5403],[114.21534,22.54004],[114.21504,22.53987],[114.21506,22.53965],[114.21525,22.53954],[114.21563,22.53892],[114.21516,22.5385],[114.21496,22.53797],[114.21491,22.53766],[114.215,22.53688],[114.21489,22.53661],[114.2142,22.53659],[114.21137,22.53809],[114.20857,22.53851],[114.20846,22.53832],[114.20842,22.53792],[114.20789,22.53744],[114.20691,22.53703],[114.20678,22.53651],[114.20627,22.53697],[114.20593,22.53713],[114.20584,22.53727],[114.20581,22.53764],[114.20605,22.53867],[114.20606,22.53881],[114.206,22.53884],[114.20579,22.53834],[114.20524,22.53773],[114.2051,22.53724],[114.20438,22.53644],[114.20475,22.53634],[114.20433,22.5357],[114.20347,22.53542],[114.20293,22.5358],[114.20275,22.53546],[114.20233,22.53525],[114.20218,22.53481],[114.20183,22.53469],[114.20134,22.53486],[114.20142,22.53552],[114.20129,22.5358],[114.20111,22.53588],[114.20077,22.53566],[114.20047,22.53571],[114.20036,22.53531],[114.19947,22.53435],[114.19911,22.5343],[114.19883,22.53446],[114.19808,22.53402],[114.19727,22.53399],[114.19675,22.53385],[114.19683,22.53355],[114.19716,22.5337],[114.19739,22.53368],[114.19801,22.53315],[114.19746,22.53306],[114.197,22.53263],[114.19669,22.53266],[114.19617,22.53205],[114.19586,22.53189],[114.19585,22.53269],[114.19546,22.53286],[114.19493,22.53328],[114.19449,22.5341],[114.19357,22.53471],[114.19293,22.53469],[114.19267,22.53484],[114.19249,22.53528],[114.19244,22.53573],[114.1922,22.53604],[114.19233,22.53629],[114.19197,22.53662],[114.19214,22.53697],[114.19183,22.5371],[114.19174,22.53722],[114.19187,22.53743],[114.19187,22.53795],[114.1923,22.53936],[114.19249,22.53945],[114.19276,22.53941],[114.19296,22.53952],[114.19328,22.54017],[114.19331,22.54068],[114.193,22.54116],[114.19278,22.54175],[114.19281,22.5422],[114.19292,22.54234],[114.19307,22.54233],[114.19324,22.54253],[114.19367,22.54282],[114.1938,22.54262],[114.19409,22.54282],[114.19427,22.54273],[114.19508,22.5453],[114.19612,22.54671],[114.19643,22.54748],[114.19664,22.54771],[114.19664,22.54801],[114.19635,22.54837],[114.1971,22.54943],[114.1977,22.54985],[114.19759,22.55049],[114.19763,22.55094],[114.19742,22.55135],[114.19725,22.55149],[114.19732,22.55205],[114.19713,22.5525],[114.19677,22.55291],[114.19645,22.55311],[114.1963,22.55368],[114.19595,22.55431],[114.19597,22.55471],[114.19616,22.55512],[114.19588,22.55568],[114.19597,22.55583],[114.19594,22.55632],[114.19614,22.55692],[114.19636,22.55695],[114.19693,22.55682],[114.19754,22.5565],[114.19805,22.55662],[114.19808,22.5567],[114.19901,22.55663],[114.19938,22.55676],[114.2001,22.55732],[114.20065,22.55752],[114.20093,22.55743],[114.20108,22.55722],[114.20111,22.55667],[114.20113,22.55663]]]}},{"type":"Feature","id":"OZP-S-NE-SLT-4","properties":{"id":"OZP-S-NE-SLT-4","micro_district":"法定规划区 (S/NE-SLT/4)","micro_district_en":"Statutory Scheme (S/NE-SLT/4)","main_area":"新界其他","color":"#3b82f6"},"geometry":{"type":"Polygon","coordinates":[[[114.18746,22.48124],[114.18738,22.48089],[114.18792,22.48031],[114.18811,22.47974],[114.18757,22.47961],[114.18814,22.47865],[114.18795,22.47835],[114.18777,22.47853],[114.1871,22.47811],[114.18651,22.47822],[114.18618,22.47754],[114.18616,22.47705],[114.18638,22.47675],[114.18592,22.47605],[114.18482,22.4758],[114.1845,22.47599],[114.18307,22.47526],[114.18327,22.47397],[114.18375,22.4736],[114.18351,22.47288],[114.18298,22.47267],[114.18253,22.47309],[114.18266,22.47368],[114.18182,22.47487],[114.18124,22.4744],[114.18106,22.47447],[114.18098,22.47505],[114.18125,22.47556],[114.18053,22.47522],[114.18081,22.47511],[114.18082,22.47469],[114.18043,22.47452],[114.17937,22.47479],[114.1794,22.4751],[114.17873,22.47482],[114.17871,22.47538],[114.17911,22.47523],[114.17941,22.47583],[114.17842,22.47658],[114.17919,22.47736],[114.17786,22.47696],[114.17737,22.47722],[114.1775,22.47748],[114.17826,22.47749],[114.17801,22.47779],[114.17812,22.47819],[114.1787,22.47836],[114.1787,22.47877],[114.17807,22.47891],[114.17965,22.47933],[114.18008,22.48005],[114.18051,22.48034],[114.18126,22.48045],[114.18165,22.48081],[114.18199,22.48074],[114.18298,22.4818],[114.18355,22.4819],[114.18411,22.48134],[114.18507,22.4814],[114.18545,22.48155],[114.1861,22.48151],[114.18689,22.48124],[114.18729,22.48224],[114.18765,22.48204],[114.18756,22.48163],[114.18746,22.48124]]]}},{"type":"Feature","id":"OZP-S-NE-SLP-4","properties":{"id":"OZP-S-NE-SLP-4","micro_district":"法定规划区 (S/NE-SLP/4)","micro_district_en":"Statutory Scheme (S/NE-SLP/4)","main_area":"新界其他","color":"#3b82f6"},"geometry":{"type":"Polygon","coordinates":[[[114.2559,22.53881],[114.25607,22.53877],[114.2569,22.53823],[114.25718,22.53786],[114.25645,22.53745],[114.2557,22.53669],[114.25504,22.53658],[114.25451,22.5362],[114.25402,22.5357],[114.25334,22.53541],[114.25288,22.53509],[114.25206,22.53382],[114.25177,22.53307],[114.25158,22.53279],[114.25123,22.53282],[114.25099,22.53299],[114.25098,22.5331],[114.25072,22.53297],[114.25051,22.53273],[114.25025,22.53261],[114.25023,22.5324],[114.24988,22.53206],[114.24938,22.53201],[114.24904,22.53158],[114.24823,22.53132],[114.24753,22.53013],[114.24728,22.53006],[114.24709,22.53016],[114.2466,22.53072],[114.24666,22.53114],[114.24788,22.53214],[114.24801,22.5324],[114.24807,22.53285],[114.24836,22.53333],[114.24863,22.53347],[114.24878,22.53329],[114.24907,22.5333],[114.24932,22.53366],[114.24933,22.53392],[114.24984,22.53429],[114.25017,22.5344],[114.25013,22.53494],[114.25047,22.53522],[114.25048,22.53552],[114.25072,22.53553],[114.25084,22.5357],[114.25053,22.53614],[114.2505,22.53661],[114.25057,22.53677],[114.251,22.5371],[114.25149,22.53716],[114.25166,22.53743],[114.25262,22.53766],[114.25291,22.53812],[114.25329,22.53814],[114.25382,22.53795],[114.25411,22.53799],[114.2543,22.53821],[114.25433,22.53866],[114.25441,22.53876],[114.25458,22.53876],[114.25476,22.5386],[114.25499,22.5386],[114.25542,22.53867],[114.25576,22.53893],[114.25589,22.53881],[114.2559,22.53881]]]}},{"type":"Feature","id":"OZP-S-NE-PC-1","properties":{"id":"OZP-S-NE-PC-1","micro_district":"法定规划区 (S/NE-PC/1)","micro_district_en":"Statutory Scheme (S/NE-PC/1)","main_area":"新界其他","color":"#3b82f6"},"geometry":{"type":"MultiPolygon","coordinates":[[[[114.43012,22.55324],[114.43041,22.55313],[114.43055,22.55264],[114.43049,22.55242],[114.4305,22.55171],[114.43029,22.5515],[114.43011,22.55074],[114.43014,22.54985],[114.43039,22.54828],[114.43059,22.54809],[114.43065,22.5479],[114.43053,22.5472],[114.4308,22.54682],[114.43073,22.54668],[114.43081,22.54662],[114.43075,22.54658],[114.43072,22.54599],[114.43109,22.5452],[114.4313,22.54508],[114.4314,22.54487],[114.43165,22.54463],[114.43221,22.54437],[114.43249,22.54439],[114.43268,22.54459],[114.43269,22.54478],[114.43288,22.54463],[114.43318,22.54486],[114.43324,22.54479],[114.43297,22.54459],[114.43297,22.54446],[114.43344,22.54359],[114.43372,22.54333],[114.43395,22.54331],[114.43467,22.54289],[114.43518,22.54223],[114.43598,22.5417],[114.4365,22.54157],[114.43687,22.54158],[114.43702,22.54166],[114.43698,22.54172],[114.438,22.5423],[114.43831,22.54218],[114.4388,22.54228],[114.43902,22.54224],[114.43914,22.54217],[114.4391,22.54211],[114.43918,22.54203],[114.43953,22.54201],[114.4396,22.54186],[114.4401,22.54158],[114.44039,22.5415],[114.44091,22.54161],[114.44128,22.54149],[114.44134,22.54129],[114.44145,22.54126],[114.44157,22.54104],[114.4418,22.54096],[114.44192,22.5408],[114.44197,22.54054],[114.44186,22.54035],[114.44143,22.54007],[114.44158,22.54038],[114.44155,22.54061],[114.44116,22.54126],[114.44094,22.54145],[114.44001,22.54144],[114.43951,22.54179],[114.43924,22.54183],[114.43886,22.54208],[114.43826,22.54202],[114.43796,22.54209],[114.43726,22.54171],[114.43745,22.54107],[114.43708,22.54029],[114.43642,22.53963],[114.43524,22.53994],[114.43424,22.53911],[114.4326,22.54011],[114.43246,22.54131],[114.43304,22.54181],[114.43404,22.541],[114.43456,22.54258],[114.43437,22.54281],[114.43399,22.54304],[114.43336,22.5433],[114.43275,22.54426],[114.43188,22.54419],[114.43158,22.54444],[114.43049,22.54445],[114.4301,22.54486],[114.42873,22.54515],[114.42844,22.54584],[114.42898,22.54614],[114.42975,22.5463],[114.43037,22.5463],[114.4304,22.54638],[114.43022,22.54759],[114.43033,22.54784],[114.43022,22.54805],[114.42974,22.54834],[114.42971,22.54859],[114.42983,22.54905],[114.42961,22.54953],[114.42806,22.54975],[114.42785,22.55029],[114.42839,22.55125],[114.43014,22.55186],[114.43022,22.55202],[114.43025,22.5526],[114.43025,22.55286],[114.43014,22.55301],[114.42937,22.55273],[114.42923,22.55277],[114.43011,22.55323],[114.43012,22.55324]]],[[[114.42931,22.54675],[114.42758,22.54667],[114.42711,22.54711],[114.42806,22.54819],[114.42937,22.54728],[114.42931,22.54675]]],[[[114.42509,22.54802],[114.42538,22.54804],[114.42542,22.54795],[114.42574,22.54779],[114.42601,22.5471],[114.42601,22.54668],[114.42589,22.5466],[114.42582,22.54597],[114.42593,22.54507],[114.42579,22.54493],[114.42577,22.54473],[114.42578,22.5445],[114.42594,22.54434],[114.4261,22.544],[114.42609,22.54379],[114.42592,22.54358],[114.42588,22.54329],[114.42595,22.54295],[114.42621,22.54267],[114.42723,22.54194],[114.4275,22.54098],[114.42764,22.54074],[114.42804,22.54064],[114.42813,22.54095],[114.42825,22.541],[114.42829,22.54113],[114.42866,22.54097],[114.42832,22.54075],[114.42824,22.54061],[114.4278,22.5405],[114.4275,22.54072],[114.42728,22.54103],[114.42706,22.54172],[114.42658,22.54222],[114.42638,22.54227],[114.42632,22.54241],[114.42615,22.54239],[114.42568,22.54302],[114.42577,22.54327],[114.42587,22.54302],[114.42578,22.5435],[114.42587,22.54372],[114.42578,22.54407],[114.42555,22.54449],[114.42551,22.54488],[114.42554,22.54496],[114.42566,22.54497],[114.42562,22.5457],[114.4257,22.54569],[114.42572,22.54582],[114.42565,22.54589],[114.42568,22.54638],[114.42581,22.54638],[114.4258,22.54651],[114.42575,22.54643],[114.42569,22.54657],[114.42577,22.54661],[114.42583,22.5472],[114.42569,22.54737],[114.42565,22.54768],[114.42539,22.54786],[114.42489,22.548],[114.42476,22.54778],[114.42475,22.54794],[114.42493,22.54804],[114.42508,22.54802],[114.42509,22.54802]]]]}},{"type":"Feature","id":"OZP-S-NE-MUP-11","properties":{"id":"OZP-S-NE-MUP-11","micro_district":"法定规划区 (S/NE-MUP/11)","micro_district_en":"Statutory Scheme (S/NE-MUP/11)","main_area":"新界其他","color":"#3b82f6"},"geometry":{"type":"Polygon","coordinates":[[[114.18746,22.53249],[114.18774,22.53234],[114.18803,22.53235],[114.18884,22.53287],[114.18894,22.53265],[114.18936,22.5326],[114.18956,22.53248],[114.18975,22.53223],[114.18975,22.53185],[114.18982,22.53169],[114.1901,22.53149],[114.19039,22.53157],[114.19094,22.53223],[114.19116,22.53224],[114.19127,22.53189],[114.19105,22.53153],[114.19107,22.53119],[114.19094,22.531],[114.19095,22.53084],[114.19122,22.5307],[114.19184,22.53083],[114.19211,22.53079],[114.19209,22.53044],[114.19185,22.53018],[114.19135,22.53],[114.19112,22.52982],[114.1904,22.52996],[114.19051,22.53025],[114.19049,22.53047],[114.19041,22.53066],[114.19012,22.53087],[114.18871,22.53053],[114.18846,22.5306],[114.18774,22.53003],[114.18725,22.52996],[114.18639,22.52945],[114.18508,22.52925],[114.18488,22.52917],[114.18468,22.52894],[114.18485,22.529],[114.18504,22.52893],[114.18532,22.52843],[114.18575,22.52818],[114.18593,22.52794],[114.1864,22.52771],[114.18684,22.52764],[114.18763,22.52776],[114.18815,22.52819],[114.18821,22.52834],[114.18868,22.52847],[114.18911,22.52882],[114.18964,22.52888],[114.18904,22.52834],[114.189,22.52812],[114.18909,22.52751],[114.18922,22.5273],[114.18946,22.52735],[114.18983,22.52763],[114.19029,22.52835],[114.19051,22.52841],[114.1908,22.52834],[114.19082,22.52822],[114.19061,22.52808],[114.19077,22.52766],[114.19096,22.52753],[114.19134,22.52753],[114.191,22.527],[114.19057,22.52711],[114.19029,22.52706],[114.19018,22.5269],[114.19023,22.52668],[114.1905,22.52643],[114.19092,22.5267],[114.19123,22.52664],[114.19172,22.52676],[114.19189,22.52661],[114.19231,22.52661],[114.19238,22.52653],[114.19239,22.52586],[114.19259,22.52514],[114.19156,22.52479],[114.1913,22.52461],[114.1911,22.52434],[114.19071,22.52416],[114.18994,22.52296],[114.18957,22.52253],[114.18929,22.52127],[114.18932,22.52091],[114.18912,22.52009],[114.1892,22.51985],[114.18906,22.51945],[114.18918,22.51887],[114.1891,22.51871],[114.18876,22.51843],[114.18823,22.51825],[114.18789,22.518],[114.18774,22.51756],[114.18711,22.51703],[114.18699,22.51677],[114.18683,22.51665],[114.1866,22.51615],[114.18609,22.51572],[114.18477,22.51509],[114.18418,22.515],[114.18366,22.51504],[114.18314,22.51526],[114.18242,22.51607],[114.18162,22.51641],[114.18137,22.51689],[114.18105,22.51717],[114.18044,22.51743],[114.17942,22.51765],[114.17927,22.51788],[114.1792,22.51847],[114.17876,22.51913],[114.17828,22.51923],[114.17779,22.51947],[114.17723,22.51927],[114.17685,22.51961],[114.17631,22.51975],[114.17642,22.51989],[114.17613,22.51979],[114.176,22.51983],[114.17596,22.51994],[114.17615,22.52018],[114.17567,22.5205],[114.17527,22.52094],[114.1749,22.52115],[114.17446,22.5222],[114.17444,22.52267],[114.17431,22.52289],[114.17398,22.52316],[114.17409,22.52338],[114.17409,22.52367],[114.17447,22.524],[114.17433,22.52359],[114.17437,22.52328],[114.17476,22.52261],[114.175,22.52248],[114.17513,22.52267],[114.17534,22.52375],[114.17561,22.52439],[114.17643,22.52453],[114.17663,22.52492],[114.17712,22.52507],[114.17752,22.52496],[114.17823,22.52523],[114.17862,22.52505],[114.17917,22.5254],[114.17928,22.5256],[114.17916,22.52589],[114.17927,22.52625],[114.17902,22.52689],[114.17842,22.52712],[114.17841,22.52751],[114.17829,22.52779],[114.178,22.52773],[114.17804,22.52803],[114.17783,22.5287],[114.17797,22.52918],[114.17863,22.52877],[114.17883,22.52876],[114.17896,22.52891],[114.17925,22.52902],[114.17939,22.5293],[114.18002,22.52968],[114.18045,22.53022],[114.18079,22.5298],[114.18081,22.5296],[114.18094,22.52951],[114.18171,22.52959],[114.18183,22.52971],[114.18213,22.53051],[114.18229,22.53057],[114.18177,22.53105],[114.18236,22.53098],[114.18245,22.53129],[114.18328,22.53123],[114.18388,22.53159],[114.18401,22.53153],[114.18411,22.53112],[114.18425,22.532],[114.18499,22.53277],[114.18569,22.5325],[114.18622,22.53252],[114.18655,22.53273],[114.18701,22.53339],[114.18723,22.53325],[114.18729,22.53275],[114.18743,22.53252],[114.18746,22.53249]]]}},{"type":"Feature","id":"OZP-S-NE-KP-2","properties":{"id":"OZP-S-NE-KP-2","micro_district":"法定规划区 (S/NE-KP/2)","micro_district_en":"Statutory Scheme (S/NE-KP/2)","main_area":"新界其他","color":"#3b82f6"},"geometry":{"type":"MultiPolygon","coordinates":[[[[114.23661,22.53407],[114.23666,22.53371],[114.23721,22.53328],[114.23749,22.53276],[114.23771,22.53255],[114.23863,22.53257],[114.23912,22.53225],[114.23964,22.53207],[114.23892,22.53168],[114.23923,22.53136],[114.23912,22.53023],[114.23962,22.52968],[114.23942,22.52931],[114.23983,22.52885],[114.23989,22.52859],[114.23949,22.52825],[114.23906,22.52851],[114.23892,22.5285],[114.23832,22.52794],[114.23827,22.52767],[114.23834,22.5272],[114.23869,22.527],[114.23865,22.52675],[114.2389,22.52646],[114.23913,22.52634],[114.2395,22.52573],[114.23918,22.52571],[114.23862,22.52584],[114.23793,22.52625],[114.23725,22.52718],[114.23732,22.52753],[114.23701,22.52784],[114.23704,22.52816],[114.23696,22.52864],[114.23683,22.52879],[114.23582,22.52914],[114.2357,22.5293],[114.23506,22.52935],[114.23448,22.52919],[114.23436,22.529],[114.23435,22.52882],[114.23478,22.52847],[114.23505,22.52787],[114.23546,22.52755],[114.23543,22.52734],[114.2355,22.52723],[114.23597,22.52685],[114.23607,22.52648],[114.2362,22.52632],[114.2362,22.52593],[114.23637,22.52573],[114.23664,22.52564],[114.237,22.52572],[114.23737,22.52518],[114.23791,22.52508],[114.23807,22.52482],[114.23853,22.52446],[114.23917,22.52455],[114.23917,22.52437],[114.23926,22.52421],[114.23896,22.52397],[114.23848,22.52388],[114.23782,22.52436],[114.23752,22.52436],[114.2371,22.5242],[114.23682,22.52452],[114.2364,22.52453],[114.2358,22.5242],[114.23537,22.52414],[114.23523,22.52333],[114.23504,22.52301],[114.23488,22.52293],[114.23483,22.52315],[114.23453,22.52336],[114.23426,22.52332],[114.23397,22.52261],[114.23385,22.52255],[114.2337,22.52265],[114.23366,22.52285],[114.2339,22.52322],[114.23391,22.52338],[114.23347,22.52342],[114.23324,22.5237],[114.23372,22.52401],[114.23396,22.52443],[114.23427,22.52466],[114.23419,22.52546],[114.23475,22.5261],[114.23478,22.52651],[114.23459,22.52659],[114.23406,22.52654],[114.23329,22.526],[114.233,22.52543],[114.23202,22.5242],[114.23198,22.52437],[114.23215,22.52477],[114.23207,22.52502],[114.23162,22.52508],[114.23118,22.5255],[114.23099,22.52621],[114.23082,22.52627],[114.23026,22.52618],[114.23002,22.52644],[114.23088,22.5268],[114.23161,22.52741],[114.23185,22.52791],[114.23239,22.52864],[114.23239,22.52892],[114.23223,22.52906],[114.23154,22.52883],[114.23124,22.52853],[114.23112,22.52874],[114.23125,22.52927],[114.23118,22.52942],[114.2315,22.53],[114.23135,22.53039],[114.23132,22.53086],[114.23153,22.53115],[114.23154,22.53196],[114.23177,22.53239],[114.23268,22.53199],[114.23285,22.53205],[114.23333,22.53177],[114.23395,22.53228],[114.23611,22.53366],[114.23609,22.53399],[114.23563,22.53422],[114.23605,22.53405],[114.23622,22.53427],[114.23628,22.53452],[114.23661,22.53488],[114.2367,22.53457],[114.23661,22.53411],[114.23661,22.53407]]],[[[114.24927,22.54457],[114.24967,22.54481],[114.25034,22.54499],[114.2505,22.54468],[114.2503,22.54422],[114.24985,22.54398],[114.24923,22.54407],[114.2489,22.54396],[114.24907,22.54369],[114.24893,22.54332],[114.24878,22.54326],[114.24858,22.54332],[114.24841,22.54302],[114.24831,22.54303],[114.24826,22.54316],[114.24827,22.54358],[114.2481,22.5436],[114.24763,22.54302],[114.24752,22.54262],[114.24772,22.54235],[114.24826,22.54217],[114.24845,22.54196],[114.24895,22.54168],[114.24918,22.54136],[114.24917,22.54116],[114.24852,22.54144],[114.24798,22.54146],[114.2477,22.54169],[114.24735,22.54178],[114.24714,22.54203],[114.24682,22.54206],[114.24654,22.54201],[114.24566,22.5415],[114.2454,22.54119],[114.24501,22.54114],[114.24453,22.5407],[114.24448,22.54075],[114.24453,22.54109],[114.24412,22.54105],[114.24372,22.54084],[114.24341,22.54079],[114.2432,22.54084],[114.24282,22.54114],[114.2428,22.54147],[114.24314,22.54171],[114.24322,22.54189],[114.24281,22.54233],[114.2425,22.543],[114.24239,22.54358],[114.24252,22.54382],[114.2427,22.54383],[114.24284,22.54372],[114.24312,22.54305],[114.24367,22.54222],[114.24385,22.5418],[114.24446,22.54195],[114.2454,22.54196],[114.24582,22.5422],[114.24593,22.54252],[114.24641,22.54274],[114.24642,22.54293],[114.24564,22.54436],[114.24556,22.54495],[114.2458,22.54557],[114.2467,22.54628],[114.24698,22.54627],[114.24755,22.54595],[114.24888,22.54499],[114.24925,22.5446],[114.24927,22.54457]]],[[[114.2261,22.52891],[114.22617,22.52805],[114.22685,22.52746],[114.2269,22.52726],[114.22675,22.52696],[114.22729,22.52654],[114.22719,22.52634],[114.22687,22.52631],[114.22647,22.52592],[114.22648,22.52578],[114.22673,22.52564],[114.2269,22.52541],[114.22691,22.5253],[114.22677,22.52521],[114.22632,22.52535],[114.22578,22.52532],[114.22522,22.52566],[114.22462,22.52668],[114.22429,22.52675],[114.22395,22.52699],[114.22394,22.52745],[114.2237,22.52778],[114.2237,22.52825],[114.22377,22.52857],[114.22388,22.52871],[114.22399,22.52856],[114.22423,22.52856],[114.22439,22.52871],[114.22471,22.52861],[114.2252,22.52896],[114.2259,22.52923],[114.22574,22.52943],[114.22596,22.52926],[114.22606,22.529],[114.2261,22.52891]]]]}},{"type":"Feature","id":"OZP-S-NE-MTL-3","properties":{"id":"OZP-S-NE-MTL-3","micro_district":"法定规划区 (S/NE-MTL/3)","micro_district_en":"Statutory Scheme (S/NE-MTL/3)","main_area":"新界其他","color":"#3b82f6"},"geometry":{"type":"Polygon","coordinates":[[[114.09713,22.53348],[114.09806,22.53353],[114.10312,22.53456],[114.10391,22.53459],[114.10462,22.53444],[114.10546,22.53409],[114.10753,22.53306],[114.10793,22.53262],[114.10864,22.53104],[114.10908,22.53043],[114.10962,22.52995],[114.11103,22.52913],[114.11128,22.52893],[114.11169,22.52837],[114.1126,22.52888],[114.11287,22.52832],[114.11336,22.52612],[114.11537,22.52231],[114.1157,22.52156],[114.11593,22.52068],[114.116,22.52009],[114.11593,22.51936],[114.11555,22.5176],[114.11458,22.51805],[114.11419,22.51807],[114.11395,22.51795],[114.11332,22.51717],[114.11315,22.51708],[114.11316,22.51737],[114.1126,22.51774],[114.11282,22.51804],[114.11254,22.51823],[114.11232,22.51809],[114.11199,22.51768],[114.11167,22.51749],[114.11124,22.51772],[114.11117,22.51784],[114.11116,22.51835],[114.1108,22.51856],[114.11025,22.51862],[114.11002,22.51907],[114.10922,22.51972],[114.1092,22.51989],[114.10906,22.52003],[114.10837,22.52036],[114.10776,22.5205],[114.1063,22.52031],[114.10605,22.52014],[114.10563,22.51956],[114.10491,22.5189],[114.1046,22.51878],[114.10452,22.51865],[114.10394,22.51867],[114.10362,22.51843],[114.10339,22.51837],[114.10349,22.51866],[114.10329,22.51908],[114.103,22.51939],[114.10273,22.51945],[114.10231,22.51925],[114.1008,22.51826],[114.10097,22.5186],[114.10093,22.51927],[114.10108,22.51956],[114.10102,22.51974],[114.10078,22.51995],[114.09912,22.51924],[114.09845,22.51983],[114.09762,22.52021],[114.09664,22.5198],[114.09656,22.52005],[114.09627,22.51998],[114.09633,22.51975],[114.09581,22.51962],[114.09555,22.51946],[114.09566,22.51868],[114.09606,22.5179],[114.09399,22.517],[114.09105,22.51477],[114.09084,22.51483],[114.09068,22.51498],[114.09061,22.51525],[114.09075,22.51554],[114.09109,22.51588],[114.09115,22.51643],[114.09135,22.51655],[114.09135,22.51701],[114.09119,22.51774],[114.09176,22.51946],[114.0917,22.51968],[114.09178,22.52009],[114.09158,22.52076],[114.09099,22.52167],[114.09048,22.52217],[114.08997,22.52241],[114.08929,22.52246],[114.08857,22.52235],[114.08789,22.52189],[114.08713,22.52097],[114.08554,22.51951],[114.08507,22.51923],[114.08469,22.51927],[114.08394,22.51983],[114.08482,22.52097],[114.08533,22.52185],[114.08555,22.52259],[114.08559,22.52304],[114.08557,22.52344],[114.08534,22.52393],[114.08492,22.5245],[114.08387,22.5254],[114.08314,22.5259],[114.08119,22.5267],[114.08019,22.52725],[114.07948,22.52786],[114.07859,22.52896],[114.07909,22.52952],[114.07977,22.52993],[114.08482,22.5315],[114.08578,22.53195],[114.08665,22.53266],[114.08859,22.53532],[114.08912,22.53573],[114.08977,22.53601],[114.09171,22.53629],[114.09229,22.53626],[114.09278,22.53613],[114.09357,22.53571],[114.09491,22.5344],[114.09542,22.53402],[114.09622,22.53365],[114.09702,22.53349],[114.09713,22.53348]]]}},{"type":"Feature","id":"OZP-S-NE-MKT-4","properties":{"id":"OZP-S-NE-MKT-4","micro_district":"法定规划区 (S/NE-MKT/4)","micro_district_en":"Statutory Scheme (S/NE-MKT/4)","main_area":"新界其他","color":"#3b82f6"},"geometry":{"type":"Polygon","coordinates":[[[114.14071,22.54261],[114.14106,22.54264],[114.14132,22.54253],[114.14164,22.54215],[114.14174,22.54183],[114.14297,22.54092],[114.143,22.5415],[114.14316,22.54167],[114.14338,22.54175],[114.14387,22.54167],[114.14426,22.54117],[114.14465,22.541],[114.14579,22.54105],[114.14747,22.54146],[114.14797,22.54094],[114.14816,22.54086],[114.14809,22.54045],[114.14864,22.5402],[114.15064,22.53617],[114.14824,22.53592],[114.13668,22.53007],[114.13635,22.53051],[114.13569,22.5309],[114.13549,22.5311],[114.1353,22.53145],[114.13505,22.53153],[114.13471,22.53142],[114.13399,22.53042],[114.13364,22.53034],[114.13326,22.5304],[114.13345,22.53154],[114.13325,22.53206],[114.13333,22.53253],[114.13304,22.53314],[114.13354,22.53331],[114.1339,22.53384],[114.13402,22.53468],[114.13434,22.53526],[114.13411,22.53544],[114.13364,22.53551],[114.13334,22.5357],[114.13252,22.53535],[114.13171,22.53483],[114.13161,22.53502],[114.1312,22.53534],[114.13116,22.5359],[114.13106,22.536],[114.13103,22.53564],[114.13048,22.53493],[114.13011,22.53463],[114.12868,22.53453],[114.12842,22.53437],[114.128,22.53393],[114.12792,22.53396],[114.12786,22.53412],[114.1275,22.53416],[114.12702,22.53397],[114.12674,22.534],[114.1268,22.53375],[114.12665,22.53344],[114.12667,22.53321],[114.12711,22.5328],[114.12726,22.53245],[114.12777,22.5318],[114.12764,22.53094],[114.12747,22.53048],[114.12644,22.52974],[114.12556,22.5294],[114.12508,22.5293],[114.12453,22.52882],[114.12408,22.52857],[114.12377,22.52853],[114.12294,22.52814],[114.12248,22.5281],[114.12198,22.52791],[114.12162,22.52788],[114.12094,22.52755],[114.1204,22.52714],[114.12014,22.52679],[114.12011,22.52613],[114.11955,22.52529],[114.11789,22.52532],[114.1168,22.5251],[114.11605,22.52548],[114.1152,22.5257],[114.11386,22.52631],[114.11421,22.52548],[114.1143,22.5255],[114.11575,22.52288],[114.11618,22.52192],[114.11647,22.52099],[114.11662,22.5201],[114.11667,22.51878],[114.11654,22.51785],[114.11645,22.51776],[114.11635,22.51657],[114.11601,22.51662],[114.11611,22.51748],[114.11555,22.5176],[114.11588,22.51901],[114.116,22.52009],[114.1157,22.52156],[114.1153,22.52247],[114.11343,22.52597],[114.1132,22.52664],[114.1128,22.52855],[114.11254,22.52899],[114.11228,22.52916],[114.1123,22.52933],[114.11513,22.53065],[114.11554,22.53091],[114.11586,22.53124],[114.11643,22.53214],[114.11655,22.53313],[114.11671,22.53346],[114.11695,22.53373],[114.11735,22.53396],[114.11809,22.53412],[114.11838,22.53426],[114.12023,22.53463],[114.12065,22.53499],[114.12194,22.53692],[114.12255,22.53761],[114.1233,22.53817],[114.12538,22.53934],[114.12572,22.53946],[114.12611,22.53947],[114.12696,22.53927],[114.12699,22.53919],[114.12728,22.53917],[114.12838,22.53946],[114.12923,22.54004],[114.13031,22.54137],[114.13084,22.54162],[114.13119,22.54162],[114.13349,22.54119],[114.13448,22.5413],[114.13517,22.54163],[114.13699,22.54296],[114.1376,22.5432],[114.13828,22.54322],[114.13987,22.5427],[114.14069,22.54261],[114.14071,22.54261]]]}},{"type":"Feature","id":"OZP-S-YL-ST-8","properties":{"id":"OZP-S-YL-ST-8","micro_district":"法定规划区 (S/YL-ST/8)","micro_district_en":"Statutory Scheme (S/YL-ST/8)","main_area":"新界其他","color":"#3b82f6"},"geometry":{"type":"Polygon","coordinates":[[[114.09176,22.51946],[114.09119,22.51774],[114.09135,22.51701],[114.09135,22.51655],[114.09115,22.51643],[114.09109,22.51588],[114.09075,22.51554],[114.09061,22.51525],[114.09076,22.51487],[114.09129,22.51463],[114.09154,22.51399],[114.09143,22.51291],[114.09181,22.5118],[114.09224,22.51119],[114.09302,22.51062],[114.0931,22.5103],[114.0927,22.50972],[114.09255,22.50923],[114.09225,22.50889],[114.09173,22.50881],[114.09143,22.50856],[114.09048,22.50846],[114.09027,22.50836],[114.08998,22.50783],[114.09043,22.50721],[114.09046,22.50699],[114.09003,22.50567],[114.08971,22.50537],[114.08937,22.50476],[114.08937,22.50456],[114.08949,22.50454],[114.08947,22.50423],[114.08777,22.5041],[114.08617,22.50377],[114.08451,22.50316],[114.08286,22.50226],[114.08177,22.50146],[114.08068,22.50042],[114.07789,22.49677],[114.07724,22.4962],[114.07649,22.49579],[114.07534,22.49541],[114.06458,22.49248],[114.06283,22.49181],[114.06308,22.49277],[114.06314,22.49368],[114.06302,22.49385],[114.06276,22.49395],[114.06272,22.49456],[114.06252,22.49501],[114.06199,22.4948],[114.06166,22.49499],[114.06143,22.49528],[114.06064,22.49551],[114.05992,22.49657],[114.05985,22.49733],[114.0596,22.49776],[114.05945,22.4977],[114.05916,22.49821],[114.05933,22.49881],[114.05891,22.49975],[114.05886,22.50058],[114.05864,22.50127],[114.0583,22.50153],[114.05775,22.50156],[114.05677,22.50179],[114.05651,22.50208],[114.05632,22.50279],[114.05595,22.50323],[114.05582,22.50326],[114.05682,22.50421],[114.05756,22.50547],[114.05778,22.50638],[114.05779,22.50878],[114.05805,22.51003],[114.05841,22.51091],[114.05878,22.51156],[114.05992,22.51297],[114.0607,22.51364],[114.06433,22.51602],[114.06577,22.51669],[114.06655,22.51698],[114.0677,22.51724],[114.07104,22.51774],[114.07211,22.51777],[114.07313,22.51749],[114.07377,22.51707],[114.07435,22.51656],[114.07517,22.51543],[114.0757,22.51508],[114.0768,22.51493],[114.07808,22.51521],[114.07904,22.51565],[114.08097,22.51691],[114.08139,22.51733],[114.08257,22.51825],[114.08394,22.51983],[114.08478,22.51922],[114.08499,22.51921],[114.08526,22.51931],[114.0864,22.52024],[114.08811,22.52209],[114.08878,22.5224],[114.08929,22.52246],[114.08997,22.52241],[114.09069,22.52199],[114.09117,22.52142],[114.09166,22.52058],[114.09178,22.52009],[114.0917,22.51968],[114.09173,22.51949],[114.09176,22.51946]]]}},{"type":"Feature","id":"OZP-S-NE-LYT-18","properties":{"id":"OZP-S-NE-LYT-18","micro_district":"法定规划区 (S/NE-LYT/18)","micro_district_en":"Statutory Scheme (S/NE-LYT/18)","main_area":"新界其他","color":"#3b82f6"},"geometry":{"type":"Polygon","coordinates":[[[114.17649,22.51968],[114.17689,22.51958],[114.17729,22.51918],[114.17739,22.51826],[114.17776,22.51706],[114.17678,22.51689],[114.17667,22.51676],[114.17669,22.51662],[114.17796,22.51525],[114.17845,22.51495],[114.17892,22.51485],[114.17923,22.5145],[114.1792,22.51382],[114.17946,22.51308],[114.17975,22.51275],[114.18021,22.51257],[114.17953,22.51237],[114.17945,22.51205],[114.17928,22.5119],[114.17867,22.51213],[114.17833,22.51112],[114.17789,22.51057],[114.17781,22.51028],[114.17766,22.51037],[114.17678,22.51025],[114.17558,22.51029],[114.17492,22.51013],[114.17417,22.5103],[114.17414,22.51036],[114.17428,22.51059],[114.1751,22.51164],[114.17548,22.51187],[114.17554,22.51199],[114.175,22.51247],[114.17404,22.51281],[114.17383,22.51279],[114.17362,22.51265],[114.1735,22.51203],[114.17318,22.51153],[114.17322,22.51136],[114.17349,22.51135],[114.17362,22.51125],[114.17365,22.51056],[114.17303,22.51057],[114.17245,22.51016],[114.17205,22.50998],[114.17112,22.50991],[114.17067,22.50969],[114.17066,22.5099],[114.17046,22.51018],[114.17039,22.51046],[114.17043,22.51058],[114.17074,22.51066],[114.17065,22.51168],[114.17056,22.51181],[114.16993,22.51176],[114.16959,22.51205],[114.16821,22.51133],[114.1682,22.51104],[114.16789,22.51068],[114.16754,22.51003],[114.16743,22.50959],[114.16745,22.50917],[114.16767,22.50833],[114.16805,22.50782],[114.16833,22.50774],[114.16919,22.5079],[114.16938,22.50767],[114.16854,22.5072],[114.16897,22.50654],[114.16934,22.50627],[114.16966,22.5058],[114.16941,22.50565],[114.16862,22.50541],[114.16821,22.50498],[114.16799,22.5043],[114.16798,22.50363],[114.16828,22.50283],[114.16858,22.50257],[114.16792,22.50227],[114.16764,22.50193],[114.16739,22.5018],[114.16733,22.50165],[114.16751,22.50112],[114.16803,22.50125],[114.16837,22.50121],[114.16883,22.50102],[114.16912,22.50076],[114.16925,22.50056],[114.16901,22.50015],[114.16894,22.49963],[114.16874,22.49944],[114.16838,22.49947],[114.16822,22.49916],[114.16804,22.49902],[114.16796,22.49959],[114.16777,22.49983],[114.16648,22.50027],[114.166,22.50059],[114.1658,22.50088],[114.16581,22.50111],[114.16603,22.50151],[114.16646,22.50185],[114.16658,22.50224],[114.16644,22.50249],[114.16577,22.50301],[114.16523,22.50268],[114.16515,22.50241],[114.16527,22.50216],[114.16589,22.50223],[114.16602,22.50217],[114.16604,22.50202],[114.16559,22.50187],[114.16533,22.50152],[114.16509,22.50159],[114.16446,22.50151],[114.16438,22.50094],[114.16472,22.5006],[114.16465,22.50036],[114.16361,22.50011],[114.16324,22.4997],[114.16258,22.49932],[114.16182,22.49927],[114.16134,22.49896],[114.16104,22.49919],[114.16042,22.49912],[114.15988,22.49841],[114.15973,22.49792],[114.15957,22.49793],[114.15904,22.49819],[114.1589,22.49817],[114.15837,22.49738],[114.15856,22.4973],[114.15855,22.49718],[114.15806,22.49688],[114.15764,22.49683],[114.15746,22.49667],[114.15623,22.4966],[114.15598,22.49697],[114.15625,22.49725],[114.1562,22.49762],[114.15636,22.49789],[114.15693,22.49841],[114.15715,22.49898],[114.15692,22.49994],[114.15627,22.50011],[114.15574,22.4999],[114.15537,22.50017],[114.15502,22.50001],[114.1547,22.49958],[114.15435,22.49962],[114.15418,22.49921],[114.15422,22.49901],[114.15445,22.49882],[114.15499,22.49863],[114.15513,22.49821],[114.15501,22.49785],[114.15534,22.49771],[114.15539,22.49762],[114.15528,22.49664],[114.15445,22.49661],[114.15418,22.49673],[114.154,22.49666],[114.15388,22.49646],[114.1539,22.49568],[114.15447,22.49504],[114.15447,22.49479],[114.15437,22.49464],[114.15401,22.49444],[114.1538,22.49447],[114.15366,22.49494],[114.15338,22.4954],[114.15328,22.49611],[114.15284,22.49687],[114.15273,22.49674],[114.15266,22.49642],[114.15251,22.49633],[114.15226,22.49639],[114.15187,22.49669],[114.15157,22.49655],[114.15205,22.49609],[114.15197,22.49541],[114.15229,22.49507],[114.15206,22.49462],[114.15161,22.49449],[114.1515,22.49454],[114.1514,22.49531],[114.1513,22.49563],[114.15119,22.49573],[114.15066,22.49576],[114.15035,22.49569],[114.15019,22.49553],[114.15009,22.49524],[114.14959,22.49513],[114.14948,22.495],[114.14953,22.49479],[114.15004,22.49434],[114.15005,22.4942],[114.15036,22.49418],[114.14989,22.49354],[114.15003,22.49327],[114.15016,22.49261],[114.15066,22.49213],[114.15067,22.49172],[114.15189,22.49159],[114.15156,22.49128],[114.15195,22.49074],[114.15198,22.49052],[114.15186,22.4904],[114.15083,22.48995],[114.1505,22.48943],[114.1503,22.48885],[114.15028,22.48858],[114.15044,22.48826],[114.15101,22.48762],[114.15143,22.48738],[114.15181,22.48595],[114.15221,22.4851],[114.1518,22.48519],[114.14995,22.48622],[114.14833,22.48737],[114.14806,22.48788],[114.14762,22.48811],[114.14757,22.48882],[114.14667,22.49044],[114.14668,22.49061],[114.14681,22.49081],[114.14778,22.49174],[114.14782,22.49213],[114.1471,22.49343],[114.14581,22.49456],[114.14573,22.49529],[114.14583,22.4955],[114.14649,22.49616],[114.14716,22.49649],[114.14772,22.49704],[114.14778,22.49725],[114.14776,22.4994],[114.14919,22.50054],[114.14934,22.50077],[114.14936,22.50105],[114.14905,22.50198],[114.14867,22.50258],[114.1483,22.50291],[114.14775,22.50327],[114.14717,22.50352],[114.14696,22.50373],[114.14686,22.5041],[114.14682,22.50549],[114.14669,22.50598],[114.14652,22.50632],[114.14586,22.50716],[114.14705,22.50735],[114.14723,22.50749],[114.14728,22.50777],[114.14739,22.50789],[114.14781,22.50805],[114.1481,22.50798],[114.14833,22.50808],[114.14859,22.50859],[114.14888,22.50883],[114.14915,22.50865],[114.14976,22.50712],[114.1503,22.5066],[114.15059,22.5061],[114.15127,22.50621],[114.15283,22.50612],[114.15667,22.50863],[114.15845,22.50943],[114.16521,22.51215],[114.16623,22.51283],[114.16925,22.51514],[114.17529,22.51864],[114.17589,22.51917],[114.17631,22.51975],[114.17644,22.5197],[114.17649,22.51968]]]}},{"type":"Feature","id":"OZP-S-NE-LMH-2","properties":{"id":"OZP-S-NE-LMH-2","micro_district":"法定规划区 (S/NE-LMH/2)","micro_district_en":"Statutory Scheme (S/NE-LMH/2)","main_area":"新界其他","color":"#3b82f6"},"geometry":{"type":"Polygon","coordinates":[[[114.19325,22.55543],[114.1945,22.55532],[114.19519,22.55554],[114.19538,22.5557],[114.19588,22.55568],[114.19616,22.55512],[114.19595,22.55466],[114.19595,22.55428],[114.1963,22.55368],[114.19645,22.55311],[114.19677,22.55291],[114.19716,22.55246],[114.19733,22.55197],[114.19726,22.55148],[114.19742,22.55135],[114.19764,22.5509],[114.19759,22.55049],[114.19771,22.54993],[114.19757,22.54972],[114.1971,22.54943],[114.19635,22.54837],[114.19664,22.54801],[114.19664,22.54771],[114.19643,22.54748],[114.19612,22.54671],[114.19508,22.5453],[114.19427,22.54273],[114.19409,22.54282],[114.1938,22.54262],[114.19367,22.54282],[114.19324,22.54253],[114.19307,22.54233],[114.19292,22.54234],[114.19281,22.5422],[114.19278,22.54175],[114.19332,22.54059],[114.19328,22.54017],[114.19316,22.53984],[114.19285,22.53945],[114.19248,22.53945],[114.1923,22.53936],[114.19217,22.5394],[114.19159,22.5404],[114.19076,22.54069],[114.19122,22.54114],[114.19122,22.54168],[114.19108,22.54185],[114.19073,22.54198],[114.19068,22.54224],[114.19042,22.54237],[114.19041,22.54246],[114.19074,22.54292],[114.19068,22.54304],[114.19032,22.54317],[114.19019,22.54313],[114.19001,22.54289],[114.18975,22.54279],[114.18949,22.54236],[114.18906,22.54204],[114.18891,22.5418],[114.18888,22.54153],[114.18866,22.54133],[114.18849,22.54087],[114.18807,22.54031],[114.18648,22.53955],[114.1857,22.53895],[114.18537,22.53889],[114.18489,22.53899],[114.1835,22.5396],[114.1826,22.54024],[114.18207,22.5411],[114.18166,22.54126],[114.18121,22.54132],[114.18093,22.54157],[114.1809,22.54187],[114.1805,22.54224],[114.18053,22.54277],[114.18045,22.54296],[114.18026,22.54312],[114.18018,22.54365],[114.18026,22.54413],[114.18013,22.54413],[114.17928,22.54363],[114.17857,22.54287],[114.17797,22.54279],[114.17781,22.54266],[114.17743,22.54357],[114.17693,22.54378],[114.17638,22.54426],[114.17568,22.54462],[114.17435,22.54584],[114.17412,22.54647],[114.17425,22.54709],[114.1742,22.54776],[114.17427,22.5482],[114.17437,22.54829],[114.17383,22.54895],[114.17384,22.54947],[114.17439,22.55027],[114.17456,22.55131],[114.17474,22.5518],[114.17436,22.55268],[114.1746,22.55323],[114.17469,22.55327],[114.17483,22.55384],[114.17518,22.55326],[114.17557,22.55416],[114.17585,22.55449],[114.17684,22.55442],[114.17719,22.55449],[114.17734,22.55521],[114.17764,22.55558],[114.1778,22.55558],[114.17945,22.55492],[114.18097,22.55409],[114.1812,22.55432],[114.18129,22.55507],[114.18156,22.55538],[114.1817,22.55543],[114.18295,22.55521],[114.18426,22.55518],[114.1853,22.55495],[114.18633,22.55462],[114.1867,22.55459],[114.18692,22.55463],[114.18713,22.55479],[114.18712,22.55522],[114.18732,22.55551],[114.18749,22.5556],[114.18785,22.55561],[114.18811,22.55556],[114.18827,22.55542],[114.18875,22.55454],[114.18903,22.55426],[114.18933,22.55415],[114.19061,22.55436],[114.19089,22.555],[114.19198,22.55595],[114.1923,22.55599],[114.19254,22.55576],[114.19323,22.55543],[114.19325,22.55543]]]}},{"type":"Feature","id":"OZP-S-NE-LK-11","properties":{"id":"OZP-S-NE-LK-11","micro_district":"法定规划区 (S/NE-LK/11)","micro_district_en":"Statutory Scheme (S/NE-LK/11)","main_area":"新界其他","color":"#3b82f6"},"geometry":{"type":"MultiPolygon","coordinates":[[[[114.20661,22.53666],[114.20678,22.53651],[114.20684,22.53696],[114.20693,22.53705],[114.20802,22.53752],[114.20817,22.53776],[114.20843,22.53793],[114.20846,22.53832],[114.20857,22.53851],[114.21137,22.53809],[114.2142,22.53659],[114.21489,22.53661],[114.21463,22.53619],[114.2143,22.53619],[114.21405,22.53609],[114.21271,22.53453],[114.21225,22.53418],[114.21165,22.53423],[114.21093,22.53496],[114.21059,22.53502],[114.21038,22.53535],[114.21041,22.5357],[114.21018,22.53555],[114.20977,22.53587],[114.20932,22.53552],[114.2097,22.53514],[114.20971,22.53488],[114.20955,22.53448],[114.20946,22.53441],[114.20903,22.5345],[114.20894,22.53413],[114.20854,22.53386],[114.20832,22.5338],[114.20847,22.53339],[114.20843,22.5323],[114.20901,22.53164],[114.20958,22.53175],[114.20965,22.53158],[114.20941,22.53062],[114.20906,22.53044],[114.20894,22.5305],[114.20837,22.52939],[114.20842,22.52886],[114.20816,22.5286],[114.20797,22.528],[114.20816,22.52776],[114.20819,22.5275],[114.20849,22.52696],[114.20845,22.52649],[114.20806,22.52626],[114.20791,22.52595],[114.20788,22.52552],[114.20811,22.52495],[114.2083,22.52502],[114.20846,22.52498],[114.20888,22.52459],[114.20904,22.52432],[114.20922,22.52425],[114.20982,22.52417],[114.21031,22.5242],[114.21046,22.52438],[114.21027,22.52499],[114.21,22.52497],[114.20988,22.52515],[114.21018,22.52554],[114.21123,22.52575],[114.21238,22.52548],[114.21255,22.52557],[114.21327,22.52537],[114.21438,22.52546],[114.21442,22.52563],[114.21486,22.52567],[114.21519,22.5258],[114.21525,22.52592],[114.2152,22.52631],[114.21527,22.52654],[114.21577,22.52714],[114.21629,22.52737],[114.21637,22.5269],[114.21633,22.52662],[114.21585,22.52563],[114.21603,22.52524],[114.21603,22.52492],[114.21564,22.52439],[114.21559,22.52408],[114.21668,22.5245],[114.21949,22.52532],[114.21978,22.52467],[114.22,22.52451],[114.22036,22.52459],[114.22111,22.52504],[114.22169,22.52507],[114.22202,22.52479],[114.22226,22.52406],[114.22325,22.52206],[114.22401,22.52111],[114.22366,22.52113],[114.22332,22.52128],[114.22071,22.523],[114.22104,22.52177],[114.22142,22.52126],[114.22157,22.52089],[114.22082,22.52071],[114.22016,22.52039],[114.2202,22.52021],[114.22065,22.51968],[114.22072,22.51938],[114.22067,22.51886],[114.22029,22.51821],[114.21966,22.51857],[114.21933,22.51863],[114.21885,22.51859],[114.2185,22.51846],[114.21821,22.51861],[114.2183,22.51827],[114.21813,22.51808],[114.21799,22.51804],[114.21686,22.51824],[114.21519,22.51832],[114.21447,22.51844],[114.21401,22.51864],[114.21383,22.51891],[114.21425,22.51962],[114.21443,22.52032],[114.21492,22.52067],[114.21497,22.52079],[114.21475,22.5238],[114.21518,22.52423],[114.21521,22.52443],[114.21506,22.52457],[114.21467,22.52465],[114.21359,22.52465],[114.21263,22.52418],[114.21222,22.5243],[114.21191,22.5243],[114.21174,22.52392],[114.21169,22.52324],[114.21196,22.52255],[114.21173,22.52247],[114.21175,22.52169],[114.21139,22.52169],[114.21181,22.52082],[114.21151,22.5206],[114.21205,22.51976],[114.21228,22.51953],[114.21297,22.51917],[114.21354,22.51913],[114.21354,22.519],[114.21348,22.51879],[114.21328,22.51857],[114.21227,22.51807],[114.21187,22.51774],[114.21192,22.51751],[114.21186,22.51724],[114.2117,22.51702],[114.21169,22.51643],[114.21175,22.51605],[114.21193,22.51573],[114.21201,22.5154],[114.21218,22.5152],[114.21219,22.51501],[114.21177,22.5146],[114.21125,22.51425],[114.21107,22.51419],[114.21067,22.51436],[114.21019,22.51386],[114.20979,22.51391],[114.20951,22.51372],[114.20923,22.51376],[114.20895,22.51407],[114.20848,22.51367],[114.20834,22.51374],[114.20815,22.51408],[114.20812,22.51449],[114.208,22.51459],[114.20762,22.51443],[114.20724,22.51407],[114.20669,22.51522],[114.20727,22.51647],[114.20669,22.51697],[114.20667,22.51717],[114.20677,22.51748],[114.20639,22.51753],[114.20594,22.51786],[114.20538,22.51801],[114.20522,22.51847],[114.20416,22.51848],[114.20386,22.5181],[114.20358,22.51797],[114.2029,22.51794],[114.20174,22.51761],[114.2015,22.51743],[114.20119,22.51701],[114.20055,22.51695],[114.20033,22.51662],[114.19991,22.51644],[114.20025,22.51713],[114.20123,22.51743],[114.20156,22.51797],[114.20305,22.51935],[114.20349,22.5196],[114.20427,22.51965],[114.20442,22.51975],[114.20487,22.52036],[114.20428,22.52111],[114.20531,22.52133],[114.20615,22.52183],[114.20668,22.52236],[114.20697,22.52285],[114.20671,22.52308],[114.20735,22.52364],[114.20781,22.5239],[114.2076,22.52432],[114.20736,22.52737],[114.20709,22.52765],[114.20576,22.52835],[114.20511,22.52797],[114.20454,22.52744],[114.20362,22.52568],[114.2034,22.52542],[114.20322,22.52535],[114.20303,22.52475],[114.20257,22.52397],[114.20096,22.52285],[114.20046,22.52227],[114.20014,22.52212],[114.19936,22.52145],[114.19853,22.52045],[114.19833,22.5191],[114.19727,22.51909],[114.19603,22.51855],[114.19551,22.51846],[114.19566,22.51828],[114.19564,22.51819],[114.19544,22.51792],[114.19506,22.51764],[114.19482,22.51709],[114.19458,22.51677],[114.19436,22.51695],[114.19428,22.51688],[114.19431,22.51673],[114.19401,22.51651],[114.1928,22.51604],[114.19257,22.51615],[114.19203,22.51684],[114.19205,22.51705],[114.19192,22.51726],[114.19173,22.51739],[114.19114,22.51701],[114.19037,22.51675],[114.19015,22.51644],[114.18987,22.51649],[114.18944,22.51642],[114.189,22.51614],[114.18836,22.51607],[114.18758,22.51636],[114.18665,22.51622],[114.18683,22.51665],[114.18699,22.51677],[114.18706,22.51698],[114.18774,22.51756],[114.18789,22.518],[114.18823,22.51825],[114.18876,22.51843],[114.18916,22.51879],[114.18906,22.51934],[114.1892,22.51985],[114.18912,22.52009],[114.18932,22.52091],[114.18929,22.52127],[114.18957,22.52253],[114.18999,22.52304],[114.19039,22.52374],[114.19071,22.52416],[114.1911,22.52434],[114.19141,22.5247],[114.19259,22.52514],[114.19239,22.52586],[114.19236,22.5261],[114.19243,22.52616],[114.19302,22.52602],[114.19338,22.52603],[114.1937,22.5262],[114.19396,22.52653],[114.19403,22.52683],[114.194,22.52722],[114.1942,22.52742],[114.19434,22.52796],[114.194,22.52854],[114.19425,22.52879],[114.19426,22.52922],[114.19437,22.5295],[114.19396,22.52974],[114.1941,22.52993],[114.19403,22.5301],[114.19359,22.53009],[114.19333,22.53019],[114.19373,22.53063],[114.1945,22.53104],[114.19476,22.53214],[114.19472,22.53245],[114.19509,22.53241],[114.19568,22.53194],[114.19589,22.53189],[114.19606,22.53196],[114.19669,22.53266],[114.197,22.53263],[114.19746,22.53306],[114.19801,22.53315],[114.19739,22.53368],[114.19716,22.5337],[114.19683,22.53355],[114.19675,22.53385],[114.19727,22.53399],[114.19808,22.53402],[114.19883,22.53446],[114.19911,22.5343],[114.19947,22.53435],[114.20036,22.53531],[114.20048,22.53571],[114.20077,22.53566],[114.20111,22.53588],[114.20129,22.5358],[114.20142,22.53552],[114.20134,22.53486],[114.20183,22.53469],[114.20218,22.53481],[114.20232,22.53524],[114.20275,22.53546],[114.20293,22.5358],[114.20347,22.53542],[114.20427,22.53566],[114.20442,22.53578],[114.20475,22.53634],[114.20438,22.53644],[114.2051,22.53724],[114.20524,22.53773],[114.20579,22.53834],[114.206,22.53884],[114.20605,22.53871],[114.20582,22.5377],[114.20582,22.53734],[114.20593,22.53713],[114.20645,22.53682],[114.20661,22.53666]]],[[[114.2114,22.52734],[114.21118,22.52721],[114.21046,22.52733],[114.21028,22.52774],[114.21028,22.52795],[114.21062,22.52816],[114.21095,22.52824],[114.21114,22.5281],[114.21141,22.52768],[114.2114,22.52735],[114.2114,22.52734]]]]}},{"type":"Feature","id":"OZP-S-NE-LCW-2","properties":{"id":"OZP-S-NE-LCW-2","micro_district":"法定规划区 (S/NE-LCW/2)","micro_district_en":"Statutory Scheme (S/NE-LCW/2)","main_area":"新界其他","color":"#3b82f6"},"geometry":{"type":"MultiPolygon","coordinates":[[[[114.26108,22.52901],[114.26124,22.52881],[114.26233,22.52803],[114.26227,22.52771],[114.26252,22.52758],[114.26232,22.52744],[114.26237,22.52738],[114.26189,22.52743],[114.2613,22.52712],[114.26099,22.52704],[114.26077,22.52677],[114.26161,22.5264],[114.26178,22.52591],[114.26166,22.52585],[114.26147,22.52595],[114.26143,22.52578],[114.26157,22.52568],[114.26199,22.52571],[114.26217,22.52536],[114.26261,22.52504],[114.26305,22.52485],[114.26306,22.52466],[114.26323,22.52472],[114.26336,22.52518],[114.26336,22.52464],[114.26356,22.52436],[114.26357,22.52388],[114.26347,22.52347],[114.26337,22.5233],[114.26329,22.52329],[114.26319,22.52368],[114.26277,22.52376],[114.26277,22.52401],[114.26261,22.52423],[114.26257,22.52452],[114.26177,22.52476],[114.26133,22.5247],[114.26118,22.52451],[114.26128,22.52411],[114.26101,22.52388],[114.26109,22.52334],[114.26094,22.52322],[114.26063,22.52324],[114.26053,22.52315],[114.26079,22.52277],[114.26077,22.52269],[114.26054,22.52261],[114.26062,22.5224],[114.26056,22.52226],[114.25978,22.52158],[114.25977,22.52133],[114.25902,22.5211],[114.25902,22.52089],[114.25912,22.52071],[114.26004,22.51999],[114.2599,22.51959],[114.26007,22.51916],[114.26085,22.51897],[114.26158,22.51906],[114.2617,22.51895],[114.26187,22.51851],[114.26181,22.51834],[114.26158,22.51817],[114.26099,22.51834],[114.26076,22.51828],[114.26068,22.51814],[114.26085,22.51778],[114.26122,22.5175],[114.26101,22.51672],[114.2607,22.51624],[114.26112,22.51579],[114.26103,22.51535],[114.26128,22.51503],[114.2609,22.51492],[114.26077,22.51512],[114.26033,22.51535],[114.25974,22.51494],[114.25981,22.51535],[114.2597,22.5157],[114.25938,22.51589],[114.25875,22.51601],[114.2587,22.51636],[114.25823,22.51622],[114.25766,22.51657],[114.2573,22.51658],[114.25715,22.5168],[114.25683,22.5169],[114.25598,22.51673],[114.25543,22.51637],[114.25537,22.51746],[114.25576,22.51795],[114.25549,22.518],[114.25511,22.51795],[114.25559,22.51851],[114.25567,22.51876],[114.2556,22.5192],[114.25609,22.51986],[114.25596,22.51998],[114.25603,22.52024],[114.2559,22.52042],[114.25553,22.52053],[114.25534,22.52032],[114.2551,22.52038],[114.2549,22.51977],[114.2543,22.5193],[114.25411,22.51869],[114.25394,22.51852],[114.25376,22.51849],[114.25372,22.51871],[114.25387,22.51911],[114.25388,22.51949],[114.254,22.51968],[114.25372,22.51975],[114.25347,22.5201],[114.25292,22.5201],[114.25266,22.51992],[114.25224,22.52004],[114.2515,22.5199],[114.25141,22.52016],[114.25145,22.52059],[114.25123,22.52121],[114.25078,22.52143],[114.25069,22.52141],[114.25056,22.52157],[114.25031,22.52168],[114.24971,22.52157],[114.24951,22.52181],[114.2499,22.52208],[114.2507,22.52211],[114.25135,22.52248],[114.25181,22.52286],[114.25224,22.52289],[114.25261,22.52274],[114.25283,22.52273],[114.2532,22.52284],[114.25346,22.52301],[114.25358,22.52332],[114.25371,22.52341],[114.25378,22.52373],[114.2542,22.52398],[114.2543,22.52429],[114.25394,22.52428],[114.25355,22.52452],[114.25364,22.5248],[114.25327,22.52509],[114.25331,22.52559],[114.25318,22.52589],[114.25343,22.52609],[114.25397,22.52562],[114.25429,22.525],[114.25466,22.52477],[114.25534,22.52465],[114.25578,22.52489],[114.25648,22.52502],[114.25662,22.52555],[114.25699,22.52557],[114.25722,22.52574],[114.2573,22.52631],[114.25741,22.52648],[114.25818,22.5264],[114.25838,22.52645],[114.25906,22.52756],[114.25937,22.52793],[114.25961,22.52798],[114.25907,22.52823],[114.25876,22.52847],[114.25837,22.52854],[114.25813,22.5287],[114.25856,22.52885],[114.25926,22.52889],[114.26024,22.52958],[114.26041,22.52954],[114.26102,22.52909],[114.26108,22.52901]]],[[[114.26964,22.51891],[114.27031,22.51888],[114.27097,22.51847],[114.27107,22.51799],[114.27078,22.51756],[114.27074,22.51728],[114.27083,22.51703],[114.27146,22.51699],[114.27208,22.51748],[114.27253,22.51744],[114.27239,22.51702],[114.27313,22.5166],[114.27247,22.51694],[114.27228,22.51658],[114.27202,22.51639],[114.27201,22.51629],[114.27261,22.51569],[114.27312,22.51569],[114.27346,22.51587],[114.27367,22.51568],[114.27371,22.51542],[114.27361,22.51522],[114.2731,22.51555],[114.27244,22.51524],[114.27249,22.51523],[114.27248,22.51499],[114.27209,22.514],[114.27218,22.51386],[114.27142,22.51397],[114.27095,22.51429],[114.27085,22.51417],[114.2708,22.51365],[114.27001,22.51339],[114.26955,22.5135],[114.26922,22.51377],[114.26881,22.51369],[114.26861,22.51385],[114.26858,22.51417],[114.26876,22.51441],[114.26901,22.51448],[114.26985,22.51441],[114.26996,22.51448],[114.26997,22.51463],[114.26944,22.51502],[114.26895,22.51559],[114.2685,22.51578],[114.26789,22.51619],[114.26791,22.51647],[114.26818,22.51651],[114.26828,22.51663],[114.26823,22.51685],[114.2678,22.5169],[114.26738,22.51678],[114.26711,22.51688],[114.26706,22.51712],[114.26731,22.51755],[114.26711,22.51798],[114.26725,22.5181],[114.2677,22.51806],[114.26794,22.51818],[114.2679,22.51841],[114.2675,22.51892],[114.26749,22.5191],[114.2676,22.51921],[114.26806,22.51913],[114.26857,22.51851],[114.26888,22.51838],[114.26914,22.51839],[114.26921,22.51851],[114.26873,22.519],[114.26866,22.51925],[114.26874,22.5194],[114.26899,22.51941],[114.26945,22.51898],[114.26964,22.51891],[114.26964,22.51891]]],[[[114.26663,22.52535],[114.26693,22.52464],[114.26674,22.52393],[114.26665,22.52389],[114.26667,22.52362],[114.26657,22.52321],[114.26659,22.52284],[114.26694,22.52225],[114.26672,22.52153],[114.26723,22.52074],[114.26727,22.52038],[114.26715,22.52035],[114.26653,22.52076],[114.26665,22.52028],[114.26699,22.51984],[114.26708,22.51961],[114.26647,22.51971],[114.26552,22.52011],[114.2653,22.51972],[114.26478,22.51966],[114.26408,22.51932],[114.2635,22.51931],[114.26304,22.51913],[114.2629,22.51915],[114.26282,22.51931],[114.26304,22.51982],[114.26295,22.52019],[114.26387,22.52092],[114.2643,22.52184],[114.26432,22.52219],[114.26453,22.52234],[114.26456,22.52278],[114.26437,22.52335],[114.26413,22.52371],[114.26418,22.52389],[114.26406,22.52481],[114.26416,22.5251],[114.26409,22.5252],[114.26413,22.5254],[114.26418,22.52546],[114.26444,22.5253],[114.26635,22.5263],[114.26629,22.52599],[114.26659,22.52549],[114.26663,22.52535]]]]}},{"type":"Feature","id":"OZP-S-NE-HT-6","properties":{"id":"OZP-S-NE-HT-6","micro_district":"法定规划区 (S/NE-HT/6)","micro_district_en":"Statutory Scheme (S/NE-HT/6)","main_area":"新界其他","color":"#3b82f6"},"geometry":{"type":"MultiPolygon","coordinates":[[[[114.17428,22.51059],[114.17414,22.51036],[114.17417,22.5103],[114.17459,22.51018],[114.17492,22.51013],[114.17558,22.51029],[114.1762,22.51025],[114.1764,22.50959],[114.17641,22.50923],[114.17619,22.50902],[114.17559,22.50907],[114.17494,22.50874],[114.17468,22.50845],[114.17464,22.50789],[114.17447,22.50744],[114.1743,22.50729],[114.17364,22.50691],[114.1727,22.50686],[114.17251,22.50678],[114.17245,22.50683],[114.17128,22.50598],[114.17113,22.50544],[114.17143,22.50495],[114.17121,22.50505],[114.17097,22.50498],[114.17087,22.50464],[114.17064,22.50441],[114.17027,22.50365],[114.17036,22.50299],[114.17021,22.50248],[114.17021,22.50216],[114.17011,22.50197],[114.17047,22.50136],[114.17052,22.50108],[114.17073,22.50088],[114.17075,22.50018],[114.17047,22.49971],[114.17087,22.49853],[114.17082,22.49839],[114.17066,22.4984],[114.17062,22.49818],[114.1704,22.49802],[114.17033,22.49744],[114.17041,22.49709],[114.17037,22.49678],[114.1702,22.49668],[114.16921,22.4971],[114.16909,22.49699],[114.1691,22.49721],[114.16903,22.49728],[114.16914,22.49754],[114.16926,22.49772],[114.16949,22.49779],[114.1698,22.49822],[114.16978,22.49864],[114.16944,22.49875],[114.16939,22.49864],[114.1688,22.49832],[114.16833,22.49815],[114.16815,22.49773],[114.16734,22.49761],[114.16699,22.4974],[114.16689,22.49725],[114.16639,22.49747],[114.16629,22.49761],[114.16631,22.4978],[114.16613,22.49783],[114.16545,22.49784],[114.16519,22.4977],[114.16472,22.49772],[114.16451,22.49763],[114.16444,22.49742],[114.16451,22.49706],[114.16419,22.49628],[114.16433,22.49568],[114.16418,22.49532],[114.16423,22.49503],[114.16408,22.49399],[114.16357,22.49378],[114.16337,22.49362],[114.16308,22.49269],[114.16275,22.49226],[114.16205,22.49181],[114.16339,22.49173],[114.16384,22.49162],[114.16352,22.49023],[114.163,22.48971],[114.16306,22.48964],[114.16338,22.4897],[114.15953,22.48829],[114.1515,22.48824],[114.15141,22.48818],[114.15143,22.48809],[114.15193,22.48736],[114.15161,22.48738],[114.1515,22.48718],[114.15141,22.48741],[114.15101,22.48762],[114.15036,22.48838],[114.15028,22.48879],[114.15053,22.48949],[114.15083,22.48995],[114.15186,22.4904],[114.15198,22.49052],[114.15195,22.49074],[114.15156,22.49128],[114.15189,22.49159],[114.15067,22.49172],[114.15066,22.49213],[114.15016,22.49261],[114.15003,22.49327],[114.14989,22.49354],[114.15036,22.49418],[114.15005,22.4942],[114.15004,22.49434],[114.14953,22.49479],[114.14952,22.49508],[114.15009,22.49524],[114.15019,22.49553],[114.1504,22.49571],[114.15119,22.49573],[114.1513,22.49563],[114.1514,22.49531],[114.1515,22.49454],[114.15161,22.49449],[114.15206,22.49462],[114.15229,22.49507],[114.15197,22.49541],[114.15205,22.49609],[114.15157,22.49655],[114.15187,22.49669],[114.15226,22.49639],[114.15251,22.49633],[114.15266,22.49642],[114.15273,22.49674],[114.15287,22.49687],[114.15293,22.49665],[114.15328,22.49611],[114.15338,22.4954],[114.15366,22.49494],[114.1538,22.49447],[114.15395,22.49443],[114.15423,22.49454],[114.15447,22.49479],[114.15447,22.49504],[114.1539,22.49568],[114.15385,22.49622],[114.15391,22.49653],[114.154,22.49666],[114.15418,22.49673],[114.15445,22.49661],[114.15528,22.49664],[114.15539,22.49762],[114.15534,22.49771],[114.15501,22.49785],[114.15513,22.49821],[114.15499,22.49863],[114.15445,22.49882],[114.15422,22.49901],[114.15418,22.49921],[114.15435,22.49962],[114.1547,22.49958],[114.15502,22.50001],[114.15537,22.50017],[114.15574,22.4999],[114.15627,22.50011],[114.15692,22.49994],[114.15715,22.49898],[114.15693,22.49841],[114.15636,22.49789],[114.1562,22.49762],[114.15625,22.49725],[114.15598,22.49697],[114.15623,22.4966],[114.15746,22.49667],[114.15764,22.49683],[114.15806,22.49688],[114.15855,22.49718],[114.15856,22.4973],[114.15837,22.49738],[114.1589,22.49817],[114.15904,22.49819],[114.15957,22.49793],[114.15973,22.49792],[114.15988,22.49841],[114.16042,22.49912],[114.16104,22.49919],[114.16134,22.49896],[114.16182,22.49927],[114.16258,22.49932],[114.16324,22.4997],[114.16361,22.50011],[114.16465,22.50036],[114.16472,22.5006],[114.16438,22.50094],[114.16446,22.50151],[114.16509,22.50159],[114.16533,22.50152],[114.16559,22.50187],[114.16604,22.50202],[114.16602,22.50217],[114.16589,22.50223],[114.16527,22.50216],[114.16515,22.50241],[114.16523,22.50268],[114.16573,22.50301],[114.16585,22.50299],[114.16644,22.50249],[114.16659,22.50218],[114.16646,22.50185],[114.16597,22.50145],[114.16578,22.50098],[114.16585,22.50076],[114.16633,22.50034],[114.16777,22.49983],[114.16796,22.49959],[114.16804,22.49902],[114.16822,22.49916],[114.16838,22.49947],[114.16874,22.49944],[114.16897,22.49969],[114.16901,22.50015],[114.16925,22.50056],[114.16916,22.50071],[114.16883,22.50102],[114.16837,22.50121],[114.16803,22.50125],[114.16751,22.50112],[114.16733,22.50171],[114.16764,22.50193],[114.16792,22.50227],[114.16858,22.50257],[114.16828,22.50283],[114.16798,22.50363],[114.16799,22.5043],[114.16821,22.50498],[114.16862,22.50541],[114.16941,22.50565],[114.16966,22.5058],[114.16934,22.50627],[114.16897,22.50654],[114.16854,22.5072],[114.16936,22.50762],[114.16923,22.50787],[114.1682,22.50776],[114.168,22.50787],[114.16767,22.50833],[114.16742,22.50935],[114.1675,22.5099],[114.16766,22.51029],[114.1682,22.51104],[114.16821,22.51133],[114.16959,22.51205],[114.16993,22.51176],[114.1705,22.51181],[114.17064,22.51174],[114.17074,22.51066],[114.17039,22.51052],[114.17043,22.51025],[114.17066,22.5099],[114.17067,22.50969],[114.17112,22.50991],[114.1721,22.50999],[114.17303,22.51057],[114.17362,22.51053],[114.17362,22.51125],[114.17349,22.51135],[114.17322,22.51136],[114.17317,22.51148],[114.1735,22.51203],[114.1736,22.51261],[114.17373,22.51274],[114.17399,22.51281],[114.175,22.51247],[114.17554,22.51199],[114.17548,22.51187],[114.1751,22.51164],[114.17436,22.51069],[114.17428,22.51059]]],[[[114.17834,22.51922],[114.17876,22.51913],[114.17908,22.51871],[114.17927,22.51823],[114.17927,22.51788],[114.17942,22.51765],[114.18044,22.51743],[114.18105,22.51717],[114.18137,22.51689],[114.18162,22.51641],[114.18242,22.51607],[114.18318,22.51524],[114.1829,22.51468],[114.18269,22.51454],[114.18272,22.51434],[114.18239,22.51361],[114.18257,22.51329],[114.18305,22.51289],[114.1831,22.51276],[114.18256,22.51225],[114.18241,22.51141],[114.18249,22.51108],[114.18336,22.50938],[114.18295,22.50885],[114.18256,22.50855],[114.18267,22.50847],[114.18303,22.50854],[114.18355,22.50842],[114.18409,22.50865],[114.18429,22.50848],[114.18426,22.50829],[114.18381,22.50803],[114.18326,22.50805],[114.18304,22.50799],[114.18292,22.50785],[114.18288,22.50744],[114.1833,22.50668],[114.18355,22.50657],[114.18354,22.50649],[114.18322,22.50647],[114.18264,22.50624],[114.18218,22.50626],[114.18185,22.50587],[114.18149,22.50579],[114.18131,22.5056],[114.18136,22.50457],[114.18126,22.50403],[114.18113,22.50351],[114.18077,22.50311],[114.18063,22.50243],[114.18072,22.50211],[114.18071,22.50163],[114.18107,22.5013],[114.18108,22.50101],[114.18139,22.50055],[114.18142,22.50028],[114.18175,22.49966],[114.18058,22.49927],[114.18042,22.49901],[114.18021,22.49891],[114.17932,22.49938],[114.179,22.49937],[114.17915,22.49884],[114.1803,22.49804],[114.18031,22.49787],[114.18015,22.49777],[114.17927,22.49823],[114.17829,22.49901],[114.17811,22.49901],[114.1776,22.4986],[114.17731,22.49857],[114.17613,22.49896],[114.17529,22.49948],[114.17267,22.50033],[114.17238,22.50025],[114.17194,22.4997],[114.17152,22.49943],[114.17094,22.49932],[114.17074,22.49938],[114.17068,22.49948],[114.17109,22.50002],[114.17165,22.50162],[114.17228,22.5023],[114.17299,22.50364],[114.17337,22.50397],[114.17348,22.50483],[114.17394,22.50551],[114.17491,22.50618],[114.17527,22.50653],[114.17571,22.50711],[114.17599,22.50769],[114.17629,22.50781],[114.17673,22.50779],[114.17683,22.50772],[114.17673,22.50792],[114.17676,22.50839],[114.17702,22.50876],[114.17723,22.50875],[114.17732,22.50883],[114.17722,22.50925],[114.17739,22.50989],[114.17754,22.51011],[114.17751,22.51028],[114.17766,22.51037],[114.17781,22.51028],[114.17789,22.51057],[114.17826,22.51099],[114.17867,22.51213],[114.17928,22.5119],[114.17945,22.51205],[114.17953,22.51237],[114.18021,22.51257],[114.17975,22.51275],[114.17946,22.51308],[114.1792,22.51382],[114.17923,22.5145],[114.17892,22.51485],[114.17845,22.51495],[114.17796,22.51525],[114.17754,22.51564],[114.17667,22.51666],[114.17668,22.51679],[114.17683,22.51691],[114.17776,22.51706],[114.17739,22.51826],[114.17731,22.51913],[114.17723,22.51927],[114.17779,22.51947],[114.17833,22.51922],[114.17834,22.51922]]]]}},{"type":"Feature","id":"OZP-S-NE-HLH-11","properties":{"id":"OZP-S-NE-HLH-11","micro_district":"法定规划区 (S/NE-HLH/11)","micro_district_en":"Statutory Scheme (S/NE-HLH/11)","main_area":"新界其他","color":"#3b82f6"},"geometry":{"type":"Polygon","coordinates":[[[114.14246,22.51076],[114.14258,22.51067],[114.13795,22.51379],[114.13788,22.51346],[114.13764,22.51335],[114.13735,22.51343],[114.1363,22.5141],[114.13641,22.5146],[114.13654,22.51472],[114.13638,22.51499],[114.13647,22.51516],[114.13644,22.51533],[114.13678,22.51561],[114.13656,22.51597],[114.13615,22.51623],[114.13636,22.51653],[114.13658,22.51668],[114.13619,22.51707],[114.13625,22.51738],[114.13595,22.51771],[114.13564,22.51785],[114.13526,22.51789],[114.13514,22.51811],[114.13458,22.51814],[114.13443,22.51808],[114.13427,22.51817],[114.13408,22.51814],[114.13382,22.51835],[114.13342,22.51825],[114.13347,22.51858],[114.13367,22.51899],[114.1334,22.5192],[114.13302,22.51916],[114.13286,22.51936],[114.13236,22.51929],[114.13212,22.5197],[114.13187,22.51971],[114.1317,22.51947],[114.13152,22.51939],[114.13126,22.51941],[114.13106,22.51967],[114.13066,22.5196],[114.13034,22.51986],[114.12989,22.52008],[114.12994,22.52032],[114.1302,22.5207],[114.12965,22.52077],[114.1295,22.5209],[114.12918,22.5207],[114.12885,22.52061],[114.12828,22.52064],[114.12818,22.52054],[114.12817,22.52031],[114.12756,22.51983],[114.12734,22.51955],[114.1267,22.51955],[114.12578,22.5193],[114.12574,22.51941],[114.12619,22.51987],[114.12638,22.52024],[114.12629,22.52035],[114.12649,22.52057],[114.12637,22.5207],[114.12635,22.52088],[114.12661,22.52102],[114.1265,22.52126],[114.12687,22.5218],[114.12729,22.52195],[114.12685,22.52207],[114.12666,22.52202],[114.12635,22.52217],[114.12616,22.52201],[114.12593,22.52198],[114.12568,22.52181],[114.12535,22.52204],[114.12496,22.52198],[114.12476,22.5218],[114.12454,22.5218],[114.12422,22.52164],[114.12402,22.52163],[114.12318,22.52224],[114.12411,22.52283],[114.12454,22.52329],[114.12562,22.52408],[114.12729,22.52606],[114.12771,22.52629],[114.12772,22.52621],[114.12729,22.52575],[114.12723,22.52543],[114.12729,22.52525],[114.12742,22.5252],[114.12772,22.52526],[114.12783,22.52485],[114.12819,22.52472],[114.12835,22.52444],[114.12841,22.52414],[114.12864,22.52408],[114.12852,22.52379],[114.12858,22.52363],[114.12885,22.52368],[114.12925,22.52339],[114.12968,22.52335],[114.1301,22.5231],[114.13017,22.52311],[114.13032,22.52345],[114.13062,22.52356],[114.13101,22.52313],[114.13126,22.52304],[114.1314,22.52314],[114.13152,22.52338],[114.13179,22.52328],[114.1322,22.52334],[114.1326,22.52378],[114.13273,22.52361],[114.13369,22.52423],[114.13501,22.52438],[114.13558,22.52455],[114.1361,22.52447],[114.13676,22.52466],[114.13867,22.52543],[114.13866,22.52604],[114.13833,22.52651],[114.13834,22.5271],[114.13857,22.52732],[114.13858,22.52762],[114.1389,22.52802],[114.13896,22.52831],[114.13924,22.52859],[114.13901,22.5287],[114.13877,22.529],[114.13826,22.52925],[114.1382,22.52938],[114.13793,22.52901],[114.13729,22.52873],[114.13668,22.52867],[114.13587,22.52883],[114.13671,22.52961],[114.13677,22.52984],[114.13668,22.53007],[114.14684,22.53524],[114.14701,22.53476],[114.14678,22.53461],[114.14668,22.53418],[114.14704,22.53404],[114.14599,22.53329],[114.14594,22.53291],[114.1462,22.53268],[114.1461,22.53229],[114.14622,22.53191],[114.14598,22.53129],[114.14547,22.53102],[114.14578,22.53085],[114.14606,22.53024],[114.14685,22.52951],[114.14718,22.52884],[114.14841,22.52749],[114.14864,22.52731],[114.14924,22.52724],[114.14941,22.52709],[114.14951,22.52672],[114.14947,22.52596],[114.14959,22.52549],[114.14958,22.52496],[114.14968,22.52453],[114.14992,22.52418],[114.14986,22.52396],[114.14958,22.52366],[114.14954,22.52311],[114.14964,22.52258],[114.14954,22.52165],[114.14942,22.52154],[114.14905,22.52159],[114.14868,22.52147],[114.14857,22.5209],[114.1484,22.5206],[114.14837,22.52046],[114.1486,22.5201],[114.14867,22.51976],[114.14841,22.51918],[114.1485,22.519],[114.14867,22.5189],[114.1489,22.51893],[114.14919,22.51859],[114.14951,22.51852],[114.15008,22.51879],[114.15029,22.51917],[114.15056,22.51929],[114.15065,22.51946],[114.15063,22.51973],[114.15094,22.52011],[114.15135,22.52007],[114.15136,22.51979],[114.15144,22.51973],[114.15217,22.51984],[114.1522,22.51972],[114.15203,22.51918],[114.15211,22.51882],[114.15191,22.51847],[114.15203,22.51829],[114.15236,22.51808],[114.15238,22.51767],[114.15247,22.51759],[114.15283,22.51768],[114.15322,22.51793],[114.15351,22.51797],[114.1538,22.51815],[114.15403,22.51816],[114.15422,22.51833],[114.15446,22.51825],[114.15471,22.51871],[114.15497,22.51887],[114.15532,22.51888],[114.15578,22.51839],[114.15604,22.51872],[114.15631,22.51883],[114.1564,22.51922],[114.15652,22.51932],[114.1567,22.51912],[114.15699,22.51911],[114.15714,22.51894],[114.15731,22.51891],[114.15752,22.51892],[114.15766,22.51914],[114.158,22.5191],[114.1582,22.51926],[114.15815,22.5196],[114.15868,22.51994],[114.15912,22.51966],[114.15944,22.51981],[114.15968,22.52004],[114.16002,22.51986],[114.16005,22.51969],[114.15947,22.51911],[114.1594,22.51895],[114.1592,22.51884],[114.15895,22.51832],[114.15867,22.51813],[114.15872,22.5179],[114.15854,22.5176],[114.15837,22.51752],[114.15821,22.51757],[114.15817,22.51741],[114.15806,22.51733],[114.1578,22.51728],[114.15753,22.51734],[114.15748,22.51704],[114.15736,22.51691],[114.15692,22.51696],[114.1568,22.5169],[114.15657,22.51663],[114.15663,22.5164],[114.15652,22.51614],[114.15632,22.51609],[114.15606,22.51616],[114.1558,22.51639],[114.15564,22.51637],[114.15533,22.51657],[114.1552,22.51647],[114.15508,22.51611],[114.15484,22.51603],[114.15495,22.51579],[114.15466,22.51567],[114.1547,22.51534],[114.15503,22.5151],[114.15502,22.51498],[114.15435,22.51444],[114.1543,22.51411],[114.15412,22.51403],[114.15403,22.51376],[114.15381,22.51354],[114.15355,22.51346],[114.15374,22.51271],[114.15397,22.51254],[114.15376,22.51254],[114.15335,22.51371],[114.14968,22.51239],[114.14997,22.51176],[114.1496,22.5116],[114.15041,22.5104],[114.1506,22.50951],[114.14992,22.50966],[114.14989,22.50957],[114.1495,22.50949],[114.1492,22.50927],[114.14904,22.509],[114.14911,22.50873],[114.1488,22.50881],[114.14859,22.50859],[114.14829,22.50805],[114.1481,22.50798],[114.14781,22.50805],[114.14739,22.50789],[114.14728,22.50777],[114.14723,22.50749],[114.147,22.50733],[114.14586,22.50716],[114.14558,22.50736],[114.14512,22.50731],[114.14438,22.50775],[114.14357,22.50799],[114.14357,22.50818],[114.14341,22.5083],[114.14242,22.5082],[114.14213,22.50801],[114.14185,22.50837],[114.1417,22.50842],[114.14122,22.50815],[114.14112,22.50865],[114.1414,22.50876],[114.14163,22.50907],[114.14189,22.50982],[114.14225,22.50955],[114.14251,22.50975],[114.14258,22.51067],[114.1429,22.51042],[114.14512,22.51209],[114.14462,22.51246],[114.14419,22.51292],[114.14375,22.51303],[114.14414,22.51753],[114.14077,22.51788],[114.13697,22.51515],[114.1424,22.51082],[114.14246,22.51076]]]}},{"type":"Feature","id":"OZP-S-NE-FTA-16","properties":{"id":"OZP-S-NE-FTA-16","micro_district":"法定规划区 (S/NE-FTA/16)","micro_district_en":"Statutory Scheme (S/NE-FTA/16)","main_area":"新界其他","color":"#3b82f6"},"geometry":{"type":"Polygon","coordinates":[[[114.13169,22.53489],[114.13171,22.53483],[114.13252,22.53535],[114.13334,22.5357],[114.13364,22.53551],[114.13411,22.53544],[114.13434,22.53526],[114.13402,22.53468],[114.1339,22.53384],[114.13354,22.53331],[114.13304,22.53314],[114.13333,22.53253],[114.13325,22.53206],[114.13345,22.53154],[114.13326,22.5304],[114.13364,22.53034],[114.13399,22.53042],[114.13471,22.53142],[114.13496,22.53152],[114.1352,22.53151],[114.13534,22.53141],[114.13558,22.53099],[114.13637,22.5305],[114.13676,22.5299],[114.13671,22.52961],[114.13587,22.52883],[114.13668,22.52867],[114.13729,22.52873],[114.13793,22.52901],[114.1382,22.52938],[114.13826,22.52925],[114.13877,22.529],[114.13901,22.5287],[114.13924,22.52859],[114.13896,22.52831],[114.1389,22.52802],[114.13858,22.52762],[114.13857,22.52732],[114.13834,22.5271],[114.13833,22.52651],[114.13866,22.52604],[114.13868,22.52544],[114.13676,22.52466],[114.1361,22.52447],[114.13558,22.52455],[114.13501,22.52438],[114.13369,22.52423],[114.13273,22.52361],[114.1326,22.52378],[114.1322,22.52334],[114.13179,22.52328],[114.13152,22.52338],[114.1314,22.52314],[114.13126,22.52304],[114.13101,22.52313],[114.13062,22.52356],[114.13032,22.52345],[114.13017,22.52311],[114.1301,22.5231],[114.12968,22.52335],[114.12925,22.52339],[114.12885,22.52368],[114.12858,22.52363],[114.12852,22.52379],[114.12864,22.52408],[114.12841,22.52414],[114.12835,22.52444],[114.12819,22.52472],[114.12783,22.52485],[114.12772,22.52526],[114.12742,22.5252],[114.12729,22.52525],[114.12723,22.52543],[114.12729,22.52575],[114.12772,22.52621],[114.12771,22.52629],[114.12729,22.52606],[114.12562,22.52408],[114.12454,22.52329],[114.12411,22.52283],[114.12318,22.52224],[114.12402,22.52163],[114.12422,22.52164],[114.12454,22.5218],[114.12476,22.5218],[114.12496,22.52198],[114.12535,22.52204],[114.12568,22.52181],[114.12593,22.52198],[114.12616,22.52201],[114.12635,22.52217],[114.12666,22.52202],[114.12685,22.52207],[114.12729,22.52195],[114.12687,22.5218],[114.1265,22.52126],[114.12661,22.52102],[114.12635,22.52088],[114.12637,22.5207],[114.12649,22.52057],[114.12629,22.52035],[114.12638,22.52024],[114.12619,22.51987],[114.12574,22.51941],[114.12578,22.5193],[114.1267,22.51955],[114.12734,22.51955],[114.12756,22.51983],[114.12817,22.52031],[114.12818,22.52054],[114.12828,22.52064],[114.12885,22.52061],[114.12918,22.5207],[114.1295,22.5209],[114.12965,22.52077],[114.1302,22.5207],[114.12994,22.52032],[114.12989,22.52008],[114.13034,22.51986],[114.13066,22.5196],[114.13106,22.51967],[114.13126,22.51941],[114.13152,22.51939],[114.1317,22.51947],[114.13187,22.51971],[114.13212,22.5197],[114.13236,22.51929],[114.13286,22.51936],[114.13302,22.51916],[114.1334,22.5192],[114.13367,22.51899],[114.13347,22.51858],[114.13342,22.51825],[114.13382,22.51835],[114.13408,22.51814],[114.13427,22.51817],[114.13443,22.51808],[114.13458,22.51814],[114.13514,22.51811],[114.13526,22.51789],[114.13564,22.51785],[114.13597,22.5177],[114.13625,22.51738],[114.13619,22.51707],[114.13658,22.51668],[114.13636,22.51653],[114.13615,22.51623],[114.13656,22.51597],[114.13678,22.51561],[114.13644,22.51533],[114.13647,22.51516],[114.13638,22.51499],[114.13654,22.51472],[114.13641,22.5146],[114.1363,22.5141],[114.13735,22.51343],[114.13764,22.51335],[114.13788,22.51346],[114.13795,22.51379],[114.14258,22.51067],[114.14248,22.50969],[114.14225,22.50955],[114.14189,22.50982],[114.14163,22.50907],[114.1414,22.50876],[114.14112,22.50865],[114.14122,22.50815],[114.14159,22.5084],[114.14178,22.50841],[114.14213,22.50801],[114.14197,22.50789],[114.1407,22.50751],[114.13876,22.50709],[114.13827,22.50712],[114.13788,22.50693],[114.13686,22.50725],[114.13605,22.50772],[114.13554,22.50817],[114.13511,22.50874],[114.13437,22.51054],[114.13463,22.51063],[114.13449,22.51098],[114.13491,22.51115],[114.13512,22.51212],[114.13674,22.51277],[114.13666,22.51317],[114.13536,22.51357],[114.13519,22.51355],[114.13508,22.5128],[114.13478,22.51311],[114.13437,22.51332],[114.13423,22.51327],[114.13413,22.51313],[114.13395,22.51315],[114.13352,22.51352],[114.13333,22.5135],[114.13277,22.51427],[114.13024,22.5167],[114.12977,22.51705],[114.12922,22.51732],[114.12918,22.51724],[114.12861,22.51741],[114.12794,22.51747],[114.12727,22.5174],[114.12651,22.51718],[114.12598,22.51729],[114.12524,22.51836],[114.12446,22.51811],[114.12268,22.51801],[114.12235,22.51787],[114.12212,22.51763],[114.12196,22.51689],[114.12164,22.51617],[114.12137,22.51606],[114.12029,22.51599],[114.11961,22.51605],[114.11789,22.5164],[114.11736,22.51659],[114.1164,22.51721],[114.11667,22.51878],[114.11662,22.5201],[114.11642,22.52115],[114.11575,22.52288],[114.1143,22.5255],[114.11421,22.52548],[114.11386,22.52631],[114.1152,22.5257],[114.11605,22.52548],[114.1168,22.5251],[114.11789,22.52532],[114.11955,22.52529],[114.12011,22.52613],[114.12014,22.52679],[114.1204,22.52714],[114.12094,22.52755],[114.12162,22.52788],[114.12198,22.52791],[114.12248,22.5281],[114.12294,22.52814],[114.12377,22.52853],[114.12408,22.52857],[114.12453,22.52882],[114.12508,22.5293],[114.12556,22.5294],[114.12644,22.52974],[114.12747,22.53048],[114.12764,22.53094],[114.12777,22.5318],[114.12726,22.53245],[114.12711,22.5328],[114.12667,22.53321],[114.12665,22.53344],[114.1268,22.53375],[114.12674,22.534],[114.12702,22.53397],[114.1275,22.53416],[114.12786,22.53412],[114.12792,22.53396],[114.128,22.53393],[114.12842,22.53437],[114.12868,22.53453],[114.13011,22.53463],[114.13048,22.53493],[114.13103,22.53564],[114.13106,22.536],[114.13116,22.5359],[114.1312,22.53534],[114.13167,22.53494],[114.13169,22.53489]]]}},{"type":"Feature","id":"OZP-S-MOS-24","properties":{"id":"OZP-S-MOS-24","micro_district":"马鞍山及乌溪沙","micro_district_en":"Statutory Scheme (S/MOS/24)","main_area":"新界沙田及马鞍山","color":"#e11d48"},"geometry":{"type":"Polygon","coordinates":[[[114.24201,22.43735],[114.24289,22.43702],[114.2431,22.43683],[114.2434,22.43685],[114.24364,22.4364],[114.24508,22.43541],[114.24526,22.43543],[114.24555,22.43562],[114.24592,22.4356],[114.24657,22.43605],[114.2471,22.43627],[114.24761,22.43632],[114.24781,22.43615],[114.24781,22.436],[114.24764,22.43576],[114.24799,22.43523],[114.2478,22.43486],[114.24767,22.43479],[114.24736,22.43489],[114.24711,22.43475],[114.24602,22.4345],[114.24552,22.43414],[114.24543,22.43389],[114.24466,22.43379],[114.24447,22.43348],[114.24414,22.4332],[114.24403,22.43298],[114.24389,22.43291],[114.24415,22.43199],[114.24459,22.43133],[114.24503,22.43097],[114.2455,22.4308],[114.24591,22.43079],[114.24607,22.43089],[114.2464,22.43126],[114.24682,22.43196],[114.24709,22.4322],[114.2482,22.43249],[114.24839,22.43262],[114.24844,22.43278],[114.25005,22.4333],[114.25029,22.43332],[114.25101,22.43319],[114.25123,22.43342],[114.25178,22.43362],[114.25208,22.43391],[114.25313,22.43448],[114.25359,22.43459],[114.25414,22.43454],[114.25432,22.43483],[114.25449,22.43474],[114.25445,22.43467],[114.25435,22.43472],[114.25418,22.43445],[114.25427,22.43433],[114.2543,22.43407],[114.25418,22.43364],[114.2544,22.43339],[114.25442,22.43322],[114.25502,22.43315],[114.25555,22.43275],[114.25563,22.43225],[114.25616,22.43132],[114.25631,22.43122],[114.25638,22.43099],[114.25671,22.431],[114.25699,22.43136],[114.25703,22.43163],[114.25728,22.4317],[114.25723,22.43181],[114.25739,22.43193],[114.25739,22.43215],[114.25754,22.43213],[114.25774,22.43197],[114.25808,22.43147],[114.25836,22.43076],[114.25781,22.43055],[114.25898,22.43023],[114.25952,22.42943],[114.26008,22.42918],[114.26062,22.42874],[114.26054,22.42847],[114.26076,22.4282],[114.26071,22.42537],[114.2581,22.42538],[114.25793,22.42284],[114.25628,22.42293],[114.2564,22.42493],[114.25603,22.42489],[114.25556,22.42412],[114.25522,22.42384],[114.25009,22.42345],[114.24929,22.42288],[114.24617,22.42411],[114.24332,22.42465],[114.24313,22.42484],[114.24258,22.42456],[114.24214,22.42408],[114.24163,22.4237],[114.24138,22.42328],[114.24083,22.42273],[114.24027,22.42244],[114.23991,22.42241],[114.23983,22.42159],[114.23735,22.41981],[114.23706,22.41987],[114.23695,22.41946],[114.23635,22.41944],[114.23738,22.4187],[114.23693,22.41817],[114.23571,22.41591],[114.2334,22.41605],[114.23326,22.41581],[114.23298,22.41586],[114.2327,22.41515],[114.23271,22.41498],[114.2332,22.41437],[114.23315,22.41405],[114.23328,22.41368],[114.23345,22.41351],[114.23347,22.4133],[114.23402,22.41306],[114.23431,22.41313],[114.23467,22.41255],[114.23449,22.4124],[114.23461,22.41218],[114.2346,22.41202],[114.2344,22.41184],[114.23393,22.41185],[114.23351,22.41212],[114.23356,22.41201],[114.23408,22.41152],[114.23419,22.41124],[114.23494,22.41036],[114.23576,22.40997],[114.23595,22.40961],[114.23621,22.40933],[114.23646,22.40881],[114.23735,22.40783],[114.23763,22.4079],[114.23781,22.40863],[114.23813,22.40916],[114.23857,22.40923],[114.23941,22.40911],[114.23983,22.40914],[114.24003,22.4093],[114.24038,22.40932],[114.24104,22.40987],[114.24152,22.41],[114.2417,22.40986],[114.24208,22.40988],[114.24254,22.40939],[114.2427,22.40908],[114.24282,22.40768],[114.24323,22.40797],[114.24329,22.40826],[114.24354,22.4079],[114.24375,22.40783],[114.24411,22.40793],[114.24471,22.40733],[114.24501,22.40734],[114.24506,22.40716],[114.24529,22.40703],[114.24576,22.40714],[114.24614,22.40714],[114.24661,22.4069],[114.24677,22.4069],[114.24694,22.40703],[114.24742,22.407],[114.24787,22.40717],[114.24809,22.40714],[114.24911,22.40747],[114.25026,22.40755],[114.25077,22.40784],[114.25129,22.40799],[114.25148,22.40734],[114.25121,22.4045],[114.25102,22.40387],[114.25103,22.4036],[114.25092,22.40331],[114.25072,22.40311],[114.25071,22.40255],[114.2503,22.4024],[114.24999,22.40166],[114.25006,22.40115],[114.25019,22.40095],[114.25014,22.40064],[114.24914,22.39981],[114.24875,22.39983],[114.24831,22.39956],[114.24766,22.39943],[114.24734,22.39968],[114.24719,22.39999],[114.24685,22.40011],[114.24647,22.40001],[114.24587,22.4003],[114.24563,22.40016],[114.24517,22.40034],[114.24501,22.40023],[114.2448,22.40023],[114.24429,22.40048],[114.24416,22.40063],[114.24339,22.40062],[114.24288,22.40089],[114.24231,22.40066],[114.24205,22.40072],[114.24164,22.40061],[114.24134,22.40087],[114.24138,22.4012],[114.24132,22.40138],[114.24106,22.40147],[114.24078,22.40141],[114.24063,22.40159],[114.24024,22.40146],[114.23987,22.40166],[114.23941,22.4012],[114.23923,22.40112],[114.23889,22.40072],[114.23886,22.40084],[114.23823,22.40111],[114.23797,22.40111],[114.23751,22.40093],[114.23695,22.40104],[114.23668,22.40115],[114.23627,22.40151],[114.23601,22.40152],[114.23575,22.40168],[114.2352,22.40174],[114.23459,22.40154],[114.23457,22.40179],[114.23427,22.40243],[114.2339,22.40288],[114.23357,22.40312],[114.23291,22.40334],[114.23243,22.40339],[114.2321,22.40365],[114.23174,22.4036],[114.2304,22.4038],[114.22978,22.40354],[114.22978,22.40311],[114.22998,22.4029],[114.23014,22.40286],[114.23005,22.40263],[114.22952,22.40228],[114.22927,22.40234],[114.22904,22.40227],[114.22874,22.40198],[114.22887,22.40114],[114.23086,22.39628],[114.23341,22.39459],[114.23356,22.39394],[114.23396,22.3936],[114.23442,22.39282],[114.2366,22.39406],[114.23801,22.39403],[114.23873,22.39383],[114.23811,22.39288],[114.23774,22.39249],[114.23752,22.39241],[114.23703,22.39241],[114.23659,22.39217],[114.23605,22.39173],[114.23625,22.39096],[114.23622,22.39074],[114.23651,22.3904],[114.23618,22.38935],[114.23545,22.3899],[114.23254,22.39003],[114.23216,22.39016],[114.23211,22.39025],[114.23224,22.39055],[114.23259,22.39095],[114.23255,22.39132],[114.23288,22.39153],[114.23251,22.39241],[114.23248,22.39327],[114.23197,22.39354],[114.23155,22.39437],[114.23093,22.39499],[114.23055,22.39571],[114.22977,22.39667],[114.22939,22.39781],[114.22831,22.39887],[114.22771,22.40018],[114.22619,22.40125],[114.22532,22.40261],[114.22468,22.40279],[114.22369,22.40329],[114.22274,22.40351],[114.22143,22.40424],[114.22128,22.40452],[114.22153,22.40501],[114.22098,22.40531],[114.21936,22.40671],[114.21917,22.40702],[114.21915,22.40721],[114.21984,22.40809],[114.22041,22.40898],[114.2209,22.40997],[114.22131,22.41099],[114.22394,22.4212],[114.22439,22.42237],[114.22494,22.42351],[114.22564,22.4247],[114.22631,22.42566],[114.22564,22.42611],[114.22574,22.42622],[114.2264,22.42578],[114.22731,22.42686],[114.22826,22.42782],[114.2313,22.42826],[114.23345,22.42722],[114.23497,22.42854],[114.23411,22.42948],[114.234,22.42946],[114.23409,22.42954],[114.23507,22.42863],[114.23925,22.43225],[114.23932,22.43306],[114.2391,22.43401],[114.23863,22.434],[114.23825,22.4346],[114.23778,22.43478],[114.23696,22.43553],[114.23699,22.43606],[114.23712,22.43626],[114.23721,22.43636],[114.23749,22.43643],[114.2377,22.43671],[114.23801,22.43689],[114.239,22.43696],[114.24008,22.43683],[114.24024,22.43692],[114.24021,22.43708],[114.24063,22.43714],[114.24078,22.43738],[114.24147,22.43736],[114.24178,22.43752],[114.24197,22.43737],[114.24201,22.43735]]]}},{"type":"Feature","id":"OZP-S-LMCL-2","properties":{"id":"OZP-S-LMCL-2","micro_district":"法定规划区 (S/LMCL/2)","micro_district_en":"Statutory Scheme (S/LMCL/2)","main_area":"新界其他","color":"#3b82f6"},"geometry":{"type":"Polygon","coordinates":[[[114.07702,22.51496],[114.07623,22.51496],[114.0757,22.51508],[114.07539,22.51525],[114.07509,22.51552],[114.07439,22.51652],[114.07388,22.51699],[114.0733,22.51738],[114.07351,22.51772],[114.07354,22.51795],[114.07465,22.5189],[114.07511,22.51948],[114.07554,22.52022],[114.07705,22.52444],[114.07724,22.52533],[114.07835,22.52848],[114.07859,22.52896],[114.07948,22.52786],[114.08024,22.52722],[114.08119,22.5267],[114.08299,22.52599],[114.08378,22.52547],[114.08492,22.5245],[114.08534,22.52393],[114.08557,22.52344],[114.08555,22.5226],[114.0853,22.52178],[114.08482,22.52097],[114.08362,22.5194],[114.08253,22.51822],[114.08139,22.51733],[114.08097,22.51691],[114.07904,22.51565],[114.07808,22.51521],[114.07705,22.51497],[114.07702,22.51496]]]}},{"type":"Feature","id":"OZP-S-TP-30","properties":{"id":"OZP-S-TP-30","micro_district":"大埔市中心及科学园","micro_district_en":"Statutory Scheme (S/TP/30)","main_area":"新界大埔及北区","color":"#9333ea"},"geometry":{"type":"Polygon","coordinates":[[[114.17466,22.47358],[114.17492,22.47362],[114.17628,22.47429],[114.17718,22.47432],[114.17758,22.47465],[114.17772,22.47462],[114.17808,22.47425],[114.17831,22.47416],[114.17947,22.47437],[114.17972,22.47435],[114.18043,22.4741],[114.181,22.47402],[114.18186,22.47368],[114.18294,22.47271],[114.18324,22.47211],[114.1835,22.47187],[114.18404,22.47157],[114.18465,22.47144],[114.18733,22.4718],[114.18756,22.47199],[114.18791,22.47255],[114.18834,22.47302],[114.18889,22.47335],[114.18952,22.47354],[114.19068,22.47366],[114.19199,22.47399],[114.19239,22.47401],[114.19278,22.47396],[114.19326,22.47376],[114.19401,22.47326],[114.1946,22.47316],[114.19527,22.4733],[114.19607,22.47379],[114.19802,22.47298],[114.19885,22.47251],[114.19928,22.47197],[114.20014,22.47133],[114.20059,22.47078],[114.20079,22.47038],[114.2015,22.46965],[114.20212,22.46912],[114.20321,22.46836],[114.20412,22.4679],[114.20404,22.46767],[114.20409,22.46738],[114.20415,22.46711],[114.20429,22.46701],[114.20432,22.46686],[114.20422,22.46607],[114.20406,22.4659],[114.204,22.46569],[114.20401,22.46525],[114.20386,22.46506],[114.20376,22.4646],[114.20365,22.46447],[114.20381,22.4638],[114.20376,22.46361],[114.2038,22.46341],[114.20367,22.46322],[114.20382,22.46306],[114.20308,22.46201],[114.20304,22.46181],[114.20324,22.46164],[114.20485,22.46098],[114.20418,22.46027],[114.20349,22.45987],[114.20283,22.45971],[114.20123,22.45957],[114.2007,22.45936],[114.19932,22.45834],[114.19934,22.45816],[114.19961,22.45788],[114.19949,22.45766],[114.19917,22.4575],[114.19831,22.45726],[114.19837,22.45505],[114.19832,22.4541],[114.19798,22.45331],[114.19735,22.45265],[114.19633,22.45219],[114.19383,22.45178],[114.19318,22.45128],[114.19338,22.45106],[114.19302,22.45076],[114.19279,22.451],[114.18639,22.45257],[114.18238,22.45253],[114.1818,22.45229],[114.18129,22.45181],[114.18112,22.45142],[114.18086,22.4502],[114.18061,22.44983],[114.18036,22.4496],[114.17998,22.44942],[114.17951,22.44933],[114.17806,22.44933],[114.17708,22.44949],[114.17702,22.44898],[114.177,22.44883],[114.17783,22.4485],[114.17813,22.44821],[114.17812,22.44807],[114.17777,22.44769],[114.17765,22.44738],[114.17763,22.44705],[114.17782,22.44658],[114.17822,22.44629],[114.17879,22.44633],[114.1791,22.44621],[114.17939,22.44579],[114.17936,22.44547],[114.17915,22.44528],[114.17859,22.44534],[114.17799,22.44512],[114.17822,22.44486],[114.17877,22.44438],[114.18075,22.44301],[114.18218,22.44218],[114.18225,22.44229],[114.18366,22.44152],[114.18464,22.44097],[114.18457,22.44085],[114.18513,22.44054],[114.18528,22.44072],[114.18535,22.44101],[114.18552,22.44105],[114.18564,22.4407],[114.1855,22.44046],[114.18575,22.44019],[114.18715,22.43959],[114.18756,22.43952],[114.18798,22.43957],[114.18884,22.43937],[114.19006,22.43945],[114.19208,22.43993],[114.19333,22.43991],[114.19401,22.43975],[114.19496,22.43935],[114.19702,22.43814],[114.19856,22.4368],[114.20003,22.43508],[114.20057,22.43402],[114.20121,22.4318],[114.20159,22.4311],[114.20214,22.43041],[114.2031,22.42958],[114.20736,22.42685],[114.20694,22.42587],[114.20673,22.4259],[114.20659,22.42558],[114.2068,22.42548],[114.2067,22.42526],[114.20651,22.42532],[114.2064,22.42507],[114.2062,22.42512],[114.20613,22.42575],[114.20543,22.42526],[114.20515,22.4253],[114.20504,22.42577],[114.20446,22.42584],[114.20376,22.42469],[114.20349,22.42472],[114.20341,22.42437],[114.20364,22.42432],[114.2036,22.42412],[114.20337,22.42413],[114.20332,22.42393],[114.20399,22.42256],[114.2037,22.42261],[114.20351,22.42231],[114.20328,22.42243],[114.20354,22.42288],[114.20296,22.4234],[114.20274,22.42339],[114.20245,22.42288],[114.20225,22.42298],[114.20251,22.42349],[114.20214,22.42428],[114.20199,22.42493],[114.20232,22.42505],[114.20229,22.42533],[114.20183,22.42519],[114.20156,22.42476],[114.20108,22.4246],[114.20095,22.42434],[114.20038,22.42426],[114.20029,22.42352],[114.19998,22.42256],[114.20027,22.42216],[114.20014,22.42146],[114.19958,22.42133],[114.19912,22.42158],[114.19812,22.41948],[114.19667,22.41969],[114.19639,22.41982],[114.1961,22.42013],[114.19593,22.42082],[114.19596,22.42123],[114.19582,22.42125],[114.19477,22.42289],[114.19495,22.42359],[114.19493,22.42426],[114.19442,22.42482],[114.1943,22.42526],[114.1939,22.42558],[114.19371,22.42591],[114.19364,22.42638],[114.19392,22.42677],[114.19395,22.42707],[114.19378,22.42741],[114.19346,22.4278],[114.19322,22.42801],[114.1929,22.42814],[114.19262,22.4282],[114.19194,22.42815],[114.18921,22.42719],[114.18828,22.42694],[114.18777,22.42786],[114.18752,22.42884],[114.18752,22.42943],[114.18771,22.43074],[114.18767,22.43248],[114.18615,22.43258],[114.18572,22.43272],[114.18347,22.43462],[114.18295,22.43414],[114.18373,22.43364],[114.18409,22.43327],[114.18438,22.43249],[114.18462,22.43112],[114.18443,22.43072],[114.18337,22.42965],[114.18297,22.42942],[114.18192,22.42914],[114.18172,22.42914],[114.18155,22.42933],[114.18154,22.42953],[114.18169,22.42973],[114.18326,22.4305],[114.18357,22.43075],[114.18368,22.43098],[114.18366,22.43123],[114.18346,22.43156],[114.18318,22.43233],[114.18287,22.43267],[114.18246,22.43288],[114.18152,22.43285],[114.1808,22.43209],[114.18028,22.43179],[114.17967,22.43129],[114.17907,22.431],[114.1778,22.4308],[114.17555,22.43084],[114.1747,22.43003],[114.17446,22.42958],[114.17434,22.42908],[114.17438,22.42877],[114.17479,22.42811],[114.17503,22.42726],[114.17538,22.4265],[114.17531,22.4262],[114.17493,22.42594],[114.1737,22.42558],[114.17341,22.42541],[114.17319,22.42518],[114.1727,22.42434],[114.17146,22.42326],[114.17047,22.42338],[114.16949,22.42365],[114.16837,22.42412],[114.16781,22.42447],[114.16682,22.42428],[114.16752,22.42048],[114.16447,22.41787],[114.15989,22.4174],[114.15681,22.42125],[114.14824,22.42239],[114.14852,22.42962],[114.14919,22.42988],[114.1496,22.43021],[114.15002,22.431],[114.15089,22.43213],[114.15124,22.43295],[114.15183,22.43372],[114.15251,22.43434],[114.15305,22.43498],[114.15368,22.4352],[114.15406,22.43546],[114.15453,22.43552],[114.15554,22.43604],[114.15641,22.4362],[114.15669,22.43646],[114.15663,22.43658],[114.15623,22.43678],[114.15599,22.43728],[114.1551,22.43751],[114.15441,22.43793],[114.15443,22.43829],[114.15457,22.43869],[114.15477,22.43876],[114.15515,22.43872],[114.15524,22.4388],[114.15471,22.43907],[114.1546,22.43947],[114.15401,22.43985],[114.15395,22.44019],[114.15335,22.44036],[114.15317,22.44061],[114.15265,22.4409],[114.15202,22.44104],[114.1519,22.44135],[114.15148,22.44149],[114.15157,22.44121],[114.15143,22.44094],[114.15146,22.44053],[114.15135,22.44019],[114.1515,22.43981],[114.15123,22.43943],[114.15138,22.43924],[114.15135,22.43906],[114.15148,22.43892],[114.15145,22.43878],[114.15122,22.43881],[114.15072,22.43913],[114.14997,22.43919],[114.14693,22.43753],[114.14666,22.43756],[114.14567,22.4381],[114.14569,22.43828],[114.14596,22.43857],[114.14598,22.43875],[114.14549,22.43944],[114.1453,22.43943],[114.14507,22.43912],[114.14481,22.43908],[114.14459,22.43922],[114.14431,22.43964],[114.14364,22.43965],[114.14353,22.43972],[114.14337,22.44],[114.14321,22.44055],[114.14318,22.44106],[114.14324,22.44156],[114.14342,22.44204],[114.14376,22.44251],[114.14435,22.44312],[114.14481,22.44349],[114.14586,22.44408],[114.14729,22.44552],[114.14898,22.45021],[114.14846,22.45076],[114.14845,22.45118],[114.14811,22.45194],[114.14841,22.45311],[114.14902,22.45387],[114.14928,22.45389],[114.14871,22.45542],[114.14795,22.45571],[114.14721,22.45799],[114.14763,22.45877],[114.14754,22.45888],[114.14784,22.45944],[114.14885,22.45926],[114.14887,22.45973],[114.14936,22.45975],[114.14978,22.45961],[114.15001,22.4594],[114.15025,22.45899],[114.1509,22.45939],[114.15081,22.46064],[114.15093,22.46179],[114.15128,22.46158],[114.15162,22.46269],[114.15189,22.4632],[114.15215,22.46319],[114.15262,22.46339],[114.15279,22.46324],[114.15315,22.46355],[114.15306,22.46382],[114.15243,22.46426],[114.1522,22.46422],[114.15206,22.46454],[114.1518,22.46445],[114.15241,22.46657],[114.15294,22.46634],[114.15366,22.46632],[114.15369,22.46602],[114.15381,22.46608],[114.15405,22.466],[114.15418,22.46604],[114.15408,22.46609],[114.15421,22.46617],[114.15467,22.46617],[114.15483,22.46629],[114.15524,22.46579],[114.15589,22.46567],[114.15619,22.46569],[114.15645,22.46596],[114.15673,22.46599],[114.15882,22.46515],[114.1612,22.46514],[114.16237,22.46274],[114.16252,22.46285],[114.16273,22.46441],[114.16288,22.46476],[114.16321,22.46486],[114.16389,22.46469],[114.16419,22.46474],[114.16582,22.46538],[114.1665,22.46573],[114.1673,22.46727],[114.16841,22.46868],[114.16882,22.46952],[114.169,22.47023],[114.16891,22.47092],[114.16857,22.47189],[114.16856,22.4722],[114.16908,22.47298],[114.16933,22.47351],[114.16941,22.47394],[114.16935,22.47466],[114.16942,22.47505],[114.17032,22.47621],[114.17077,22.47506],[114.17117,22.47469],[114.17185,22.47431],[114.17276,22.47395],[114.17452,22.47359],[114.17466,22.47358]]]}},{"type":"Feature","id":"OZP-S-KTN-2","properties":{"id":"OZP-S-KTN-2","micro_district":"古洞北","micro_district_en":"Kwu Tung North","main_area":"新界大埔及北区","color":"#3b82f6"},"geometry":{"type":"Polygon","coordinates":[[[114.10794,22.52045],[114.10837,22.52036],[114.10906,22.52003],[114.1092,22.51989],[114.10922,22.51972],[114.11002,22.51907],[114.11025,22.51862],[114.1108,22.51856],[114.11116,22.51835],[114.11117,22.51784],[114.11124,22.51772],[114.11167,22.51749],[114.11199,22.51768],[114.11232,22.51809],[114.11254,22.51823],[114.11282,22.51804],[114.1126,22.51774],[114.11316,22.51737],[114.11315,22.51708],[114.11321,22.51707],[114.11403,22.51801],[114.11441,22.51809],[114.11477,22.51795],[114.11457,22.51724],[114.11455,22.51612],[114.11489,22.51363],[114.11533,22.51281],[114.11583,22.51133],[114.11751,22.50847],[114.11814,22.50662],[114.11846,22.50615],[114.11838,22.50578],[114.11817,22.50547],[114.11704,22.50491],[114.1167,22.50453],[114.11663,22.504],[114.11694,22.50337],[114.11698,22.50306],[114.11679,22.50265],[114.11632,22.50205],[114.11461,22.50197],[114.10977,22.50262],[114.09558,22.50369],[114.09471,22.50369],[114.09198,22.50338],[114.09125,22.50339],[114.09083,22.50345],[114.09062,22.50419],[114.08947,22.50423],[114.08949,22.50454],[114.08937,22.50456],[114.08937,22.50476],[114.08971,22.50537],[114.09003,22.50567],[114.09046,22.50699],[114.09043,22.50721],[114.08998,22.50783],[114.09027,22.50836],[114.09048,22.50846],[114.09143,22.50856],[114.09173,22.50881],[114.09225,22.50889],[114.09255,22.50923],[114.0927,22.50972],[114.0931,22.5103],[114.09302,22.51062],[114.09216,22.51126],[114.09173,22.51197],[114.09143,22.51291],[114.09156,22.51393],[114.09133,22.51457],[114.09105,22.51477],[114.09399,22.517],[114.09606,22.5179],[114.09566,22.51868],[114.09555,22.51946],[114.09581,22.51962],[114.09633,22.51975],[114.09627,22.51998],[114.09656,22.52005],[114.09664,22.5198],[114.09768,22.52021],[114.09849,22.5198],[114.09912,22.51924],[114.10078,22.51995],[114.10102,22.51974],[114.10108,22.51956],[114.10093,22.51927],[114.10097,22.5186],[114.1008,22.51826],[114.10231,22.51925],[114.10273,22.51945],[114.103,22.51939],[114.10329,22.51908],[114.10349,22.51866],[114.10339,22.51837],[114.10362,22.51843],[114.10394,22.51867],[114.1045,22.51864],[114.1046,22.51878],[114.10487,22.51887],[114.10563,22.51956],[114.10605,22.52014],[114.1063,22.52031],[114.10776,22.5205],[114.10793,22.52045],[114.10794,22.52045]]]}},{"type":"Feature","id":"OZP-S-FSS-25","properties":{"id":"OZP-S-FSS-25","micro_district":"法定规划区 (S/FSS/25)","micro_district_en":"Statutory Scheme (S/FSS/25)","main_area":"新界其他","color":"#3b82f6"},"geometry":{"type":"Polygon","coordinates":[[[114.11634,22.51491],[114.11701,22.51496],[114.11874,22.51271],[114.11907,22.51283],[114.11944,22.51272],[114.12073,22.51113],[114.12118,22.51212],[114.12158,22.51269],[114.12274,22.51376],[114.12288,22.51371],[114.12413,22.51494],[114.12502,22.51537],[114.12621,22.51554],[114.12627,22.51461],[114.12611,22.51344],[114.12706,22.5133],[114.12798,22.51305],[114.12878,22.51272],[114.12953,22.51227],[114.13004,22.51185],[114.13004,22.51141],[114.12969,22.51096],[114.13016,22.51067],[114.12997,22.51022],[114.13047,22.50998],[114.13075,22.51003],[114.13085,22.50997],[114.1312,22.51018],[114.13169,22.50953],[114.13225,22.50893],[114.13289,22.50841],[114.1341,22.50766],[114.13445,22.50732],[114.13459,22.507],[114.13392,22.50651],[114.1336,22.50636],[114.1339,22.50551],[114.13425,22.50499],[114.13427,22.50481],[114.1342,22.50472],[114.13459,22.5042],[114.1355,22.5043],[114.13659,22.50384],[114.13691,22.50381],[114.13738,22.5039],[114.13748,22.50358],[114.13804,22.50345],[114.14059,22.50213],[114.14113,22.50195],[114.14168,22.5019],[114.14553,22.5023],[114.14604,22.50211],[114.14678,22.5015],[114.14758,22.50072],[114.14773,22.50045],[114.14772,22.50014],[114.14754,22.49983],[114.1479,22.49955],[114.14774,22.49928],[114.14777,22.49719],[114.14768,22.49699],[114.14721,22.49654],[114.14649,22.49616],[114.14583,22.4955],[114.14573,22.49529],[114.14575,22.49472],[114.14587,22.49449],[114.14714,22.49338],[114.14778,22.49225],[114.14785,22.49196],[114.14773,22.49168],[114.14676,22.49074],[114.14668,22.49041],[114.14757,22.48882],[114.14762,22.48811],[114.14806,22.48788],[114.14833,22.48737],[114.14949,22.48651],[114.15213,22.48496],[114.15157,22.48472],[114.15129,22.48444],[114.15107,22.48398],[114.15098,22.4834],[114.15074,22.48353],[114.15049,22.48328],[114.15015,22.48329],[114.15002,22.48336],[114.14975,22.48376],[114.14928,22.48369],[114.1492,22.48357],[114.14922,22.48325],[114.14908,22.48312],[114.14877,22.48314],[114.14846,22.4833],[114.14833,22.48324],[114.1483,22.48309],[114.14846,22.48275],[114.14842,22.48255],[114.14808,22.48203],[114.14776,22.48196],[114.14692,22.48214],[114.14631,22.48283],[114.14606,22.48364],[114.14563,22.48357],[114.14603,22.4817],[114.145,22.48155],[114.14428,22.48176],[114.14405,22.48165],[114.14408,22.48152],[114.14374,22.48147],[114.1437,22.48163],[114.14289,22.48178],[114.14263,22.48175],[114.14239,22.48147],[114.14211,22.48053],[114.14195,22.48047],[114.14161,22.4805],[114.14111,22.48013],[114.14075,22.47997],[114.14049,22.48005],[114.14036,22.48059],[114.14018,22.48087],[114.13955,22.48117],[114.13924,22.48123],[114.13843,22.48119],[114.13821,22.48106],[114.13807,22.48078],[114.1377,22.48071],[114.13709,22.48042],[114.13657,22.48093],[114.13611,22.48043],[114.1358,22.48019],[114.13548,22.48007],[114.13536,22.48098],[114.13543,22.48157],[114.1367,22.48374],[114.13668,22.48394],[114.1361,22.48543],[114.13613,22.48597],[114.13634,22.48693],[114.13634,22.48787],[114.13608,22.48862],[114.13556,22.4894],[114.13502,22.48997],[114.13464,22.48996],[114.1344,22.49008],[114.13397,22.49061],[114.13372,22.49076],[114.13329,22.49083],[114.13259,22.49055],[114.13188,22.49047],[114.13167,22.49122],[114.13126,22.49131],[114.13068,22.49186],[114.13057,22.49245],[114.13072,22.49317],[114.13084,22.49326],[114.13056,22.49373],[114.13033,22.49362],[114.1301,22.49397],[114.12953,22.49374],[114.1295,22.49379],[114.12916,22.49372],[114.12912,22.49381],[114.12875,22.49392],[114.1282,22.49314],[114.12787,22.49291],[114.12748,22.49278],[114.12676,22.4927],[114.12469,22.49265],[114.12402,22.49242],[114.12354,22.4931],[114.12302,22.49438],[114.1229,22.49498],[114.12309,22.49571],[114.12238,22.49655],[114.12218,22.49658],[114.12203,22.49649],[114.12195,22.49656],[114.12248,22.49717],[114.12268,22.49753],[114.12282,22.49864],[114.12303,22.49929],[114.12284,22.4993],[114.12132,22.50021],[114.12098,22.50034],[114.12045,22.50039],[114.11924,22.50019],[114.11846,22.50039],[114.11632,22.50205],[114.11679,22.50265],[114.11698,22.50306],[114.11694,22.50337],[114.11663,22.504],[114.1167,22.50453],[114.11704,22.50491],[114.11817,22.50547],[114.11838,22.50578],[114.11846,22.50615],[114.11814,22.50662],[114.11751,22.50847],[114.11583,22.51133],[114.11533,22.51281],[114.11489,22.51363],[114.11455,22.51612],[114.11457,22.51724],[114.11477,22.51795],[114.11542,22.51764],[114.11611,22.51748],[114.11601,22.51662],[114.11635,22.51657],[114.11634,22.51499],[114.11634,22.51491]]]}},{"type":"Feature","id":"OZP-S-FLN-2","properties":{"id":"OZP-S-FLN-2","micro_district":"法定规划区 (S/FLN/2)","micro_district_en":"Statutory Scheme (S/FLN/2)","main_area":"新界其他","color":"#3b82f6"},"geometry":{"type":"Polygon","coordinates":[[[114.13598,22.5041],[114.13546,22.5043],[114.13459,22.5042],[114.1342,22.50472],[114.13427,22.50481],[114.13425,22.50499],[114.1339,22.50551],[114.1336,22.50636],[114.13392,22.50651],[114.13458,22.50699],[114.13452,22.50721],[114.13414,22.50763],[114.13289,22.50841],[114.13225,22.50893],[114.13169,22.50953],[114.1312,22.51018],[114.13085,22.50997],[114.13075,22.51003],[114.13047,22.50998],[114.12997,22.51022],[114.13016,22.51067],[114.12969,22.51096],[114.13004,22.51141],[114.13004,22.51185],[114.1292,22.51249],[114.12833,22.51292],[114.12725,22.51326],[114.12611,22.51344],[114.12627,22.51461],[114.12621,22.51554],[114.12502,22.51537],[114.12413,22.51494],[114.12288,22.51371],[114.12274,22.51376],[114.12158,22.51269],[114.12118,22.51212],[114.12073,22.51113],[114.11944,22.51272],[114.11907,22.51283],[114.11874,22.51271],[114.11701,22.51496],[114.11634,22.5149],[114.1164,22.51721],[114.11736,22.51659],[114.11789,22.5164],[114.11961,22.51605],[114.12029,22.51599],[114.12137,22.51606],[114.12164,22.51617],[114.12196,22.51689],[114.12211,22.51761],[114.12248,22.51795],[114.12446,22.51811],[114.12524,22.51836],[114.12598,22.51729],[114.12651,22.51718],[114.12727,22.5174],[114.12801,22.51747],[114.12861,22.51741],[114.12918,22.51724],[114.12922,22.51732],[114.12947,22.51721],[114.1303,22.51665],[114.1315,22.51543],[114.13272,22.51432],[114.13333,22.5135],[114.13352,22.51352],[114.13398,22.51313],[114.13413,22.51313],[114.13423,22.51327],[114.13437,22.51332],[114.13478,22.51311],[114.13508,22.5128],[114.13519,22.51355],[114.13553,22.51354],[114.13666,22.51317],[114.13674,22.51277],[114.13512,22.51212],[114.13491,22.51115],[114.13449,22.51098],[114.13463,22.51063],[114.13437,22.51054],[114.13508,22.5088],[114.13541,22.50832],[114.13587,22.50786],[114.1368,22.50728],[114.13788,22.50693],[114.13827,22.50712],[114.13876,22.50709],[114.1407,22.50751],[114.14197,22.50789],[114.14239,22.50819],[114.14333,22.50831],[114.14355,22.50822],[114.14357,22.50799],[114.14438,22.50775],[114.14512,22.50731],[114.14543,22.50737],[114.14568,22.50732],[114.14643,22.50644],[114.14669,22.50598],[114.14682,22.50549],[114.14686,22.5041],[114.14696,22.50373],[114.14717,22.50352],[114.14775,22.50327],[114.1483,22.50291],[114.14875,22.50249],[114.14912,22.5018],[114.14935,22.50109],[114.14935,22.50083],[114.14919,22.50054],[114.1479,22.49955],[114.14754,22.49983],[114.14774,22.50024],[114.14764,22.50065],[114.14678,22.5015],[114.14585,22.50222],[114.14533,22.50231],[114.14208,22.50193],[114.14113,22.50195],[114.14059,22.50213],[114.13804,22.50345],[114.13748,22.50358],[114.13738,22.5039],[114.13675,22.50382],[114.13604,22.50407],[114.13598,22.5041]]]}},{"type":"Feature","id":"OZP-S-ST-35","properties":{"id":"OZP-S-ST-35","micro_district":"沙田市中心及第一城","micro_district_en":"Statutory Scheme (S/ST/35)","main_area":"新界沙田及马鞍山","color":"#e11d48"},"geometry":{"type":"Polygon","coordinates":[[[114.20855,22.42609],[114.21121,22.4243],[114.21205,22.42358],[114.21267,22.42291],[114.21306,22.42284],[114.21351,22.42309],[114.21389,22.42319],[114.21446,22.42163],[114.21465,22.4184],[114.21404,22.41653],[114.21446,22.41625],[114.2148,22.41493],[114.21425,22.41334],[114.21376,22.41215],[114.21364,22.41208],[114.21371,22.41098],[114.21882,22.40677],[114.21928,22.40618],[114.22019,22.40549],[114.22048,22.40574],[114.22102,22.40528],[114.22153,22.40501],[114.22128,22.40452],[114.22145,22.40422],[114.22274,22.40351],[114.22369,22.40329],[114.22468,22.40279],[114.22532,22.40261],[114.22619,22.40125],[114.22762,22.40028],[114.22794,22.39967],[114.22756,22.39895],[114.22721,22.39856],[114.22477,22.39708],[114.22438,22.39667],[114.22433,22.39621],[114.22464,22.39401],[114.2246,22.39289],[114.22412,22.39175],[114.22407,22.39123],[114.22414,22.39076],[114.22409,22.39059],[114.22272,22.38977],[114.22244,22.3895],[114.22227,22.3892],[114.22211,22.38696],[114.22189,22.38617],[114.22161,22.38391],[114.22161,22.38287],[114.22147,22.38248],[114.22109,22.38202],[114.22128,22.38168],[114.22124,22.38151],[114.21982,22.38012],[114.21943,22.37951],[114.21883,22.3793],[114.21813,22.37934],[114.21784,22.37913],[114.21747,22.37863],[114.21671,22.37707],[114.21651,22.37685],[114.21556,22.37613],[114.21422,22.37588],[114.21339,22.37523],[114.21307,22.37461],[114.21263,22.37404],[114.21231,22.37321],[114.21172,22.37323],[114.21178,22.37287],[114.21173,22.37257],[114.20961,22.37193],[114.20889,22.37164],[114.20814,22.37111],[114.20732,22.37027],[114.207,22.37018],[114.20671,22.37021],[114.20555,22.37074],[114.20535,22.37098],[114.20502,22.3717],[114.20482,22.37192],[114.20442,22.3721],[114.20319,22.37245],[114.20258,22.37239],[114.20197,22.37198],[114.20153,22.37186],[114.20086,22.37134],[114.2005,22.37127],[114.20009,22.37107],[114.2,22.37071],[114.20001,22.37016],[114.1995,22.36958],[114.19968,22.36872],[114.19963,22.36829],[114.19969,22.36784],[114.19913,22.36744],[114.19834,22.36741],[114.19775,22.36761],[114.1974,22.36833],[114.19706,22.36944],[114.19674,22.36967],[114.19651,22.3701],[114.19621,22.37117],[114.19613,22.37195],[114.19457,22.37273],[114.1944,22.3727],[114.19403,22.37237],[114.19366,22.37242],[114.19353,22.37256],[114.19341,22.3729],[114.19335,22.37376],[114.19225,22.3734],[114.19079,22.37277],[114.19023,22.37236],[114.18992,22.37186],[114.19047,22.37132],[114.19174,22.37046],[114.19217,22.36999],[114.19237,22.36938],[114.19236,22.36833],[114.19249,22.3677],[114.19244,22.36756],[114.19205,22.3674],[114.19221,22.36691],[114.19212,22.36663],[114.19194,22.36658],[114.19143,22.3667],[114.19127,22.36662],[114.19141,22.36639],[114.19209,22.36578],[114.19186,22.36557],[114.19166,22.36552],[114.19168,22.36535],[114.1915,22.36519],[114.19143,22.36492],[114.19127,22.36478],[114.19129,22.36445],[114.19105,22.36403],[114.1911,22.36366],[114.19101,22.36345],[114.19076,22.36344],[114.19042,22.36369],[114.19026,22.36397],[114.18994,22.36397],[114.18976,22.36425],[114.1893,22.36433],[114.18928,22.36463],[114.18939,22.36484],[114.1893,22.36497],[114.18847,22.36489],[114.18824,22.36501],[114.18799,22.36492],[114.18775,22.36499],[114.18762,22.36477],[114.18774,22.36443],[114.18768,22.36433],[114.18685,22.36443],[114.18646,22.3643],[114.18638,22.36411],[114.18668,22.36385],[114.18667,22.36367],[114.18679,22.36334],[114.186,22.36346],[114.18532,22.36376],[114.18433,22.36501],[114.18393,22.36532],[114.18372,22.36535],[114.18255,22.3649],[114.18053,22.36376],[114.17923,22.36251],[114.17775,22.36157],[114.17576,22.35963],[114.17518,22.35884],[114.1749,22.35868],[114.1739,22.35839],[114.17351,22.35813],[114.17325,22.35781],[114.17314,22.35734],[114.17325,22.35692],[114.17382,22.35612],[114.17371,22.3549],[114.17362,22.3547],[114.17324,22.35473],[114.17273,22.35499],[114.17255,22.35498],[114.17227,22.35479],[114.17211,22.35481],[114.17167,22.35552],[114.17125,22.35556],[114.17091,22.35586],[114.17066,22.35582],[114.17014,22.35551],[114.1699,22.35516],[114.16969,22.35509],[114.16939,22.35543],[114.16931,22.35588],[114.16873,22.35629],[114.16835,22.35606],[114.16816,22.3555],[114.16775,22.3552],[114.16752,22.35516],[114.16724,22.3552],[114.16694,22.35548],[114.16663,22.35533],[114.16646,22.35536],[114.16607,22.35576],[114.16582,22.35569],[114.16553,22.35573],[114.16536,22.35542],[114.16516,22.35532],[114.16491,22.35544],[114.16466,22.35584],[114.16444,22.35602],[114.16346,22.35562],[114.16331,22.35568],[114.16316,22.35591],[114.16285,22.35597],[114.16273,22.35591],[114.16261,22.35569],[114.16269,22.35526],[114.16224,22.35515],[114.16215,22.35419],[114.16197,22.35398],[114.16179,22.35353],[114.16183,22.35337],[114.1617,22.35322],[114.16138,22.35328],[114.16104,22.35347],[114.16051,22.35388],[114.16041,22.35404],[114.16003,22.35412],[114.15903,22.35415],[114.15811,22.35373],[114.15787,22.35374],[114.15826,22.3541],[114.15865,22.35475],[114.15884,22.35554],[114.15881,22.3562],[114.15936,22.3575],[114.15933,22.35791],[114.15982,22.35825],[114.15991,22.35866],[114.15977,22.35901],[114.15908,22.35976],[114.15836,22.36003],[114.15818,22.36021],[114.15797,22.36101],[114.15789,22.36185],[114.15793,22.3621],[114.15821,22.36268],[114.15824,22.36316],[114.15815,22.36359],[114.15793,22.36387],[114.15759,22.36405],[114.15726,22.36473],[114.15688,22.36506],[114.15652,22.36558],[114.15659,22.36583],[114.15719,22.36618],[114.1575,22.36661],[114.15751,22.3674],[114.15722,22.36836],[114.15731,22.36867],[114.15753,22.36886],[114.15787,22.36894],[114.15869,22.36873],[114.16113,22.3675],[114.16164,22.36709],[114.16236,22.36635],[114.16286,22.36598],[114.16348,22.36572],[114.16421,22.36556],[114.16455,22.36563],[114.16549,22.36621],[114.16666,22.36674],[114.16697,22.36698],[114.16713,22.36719],[114.16679,22.36737],[114.16671,22.36783],[114.16682,22.36794],[114.16727,22.36805],[114.16745,22.36834],[114.16754,22.36877],[114.16742,22.36923],[114.16606,22.3703],[114.16639,22.37054],[114.16501,22.37153],[114.16443,22.37217],[114.16417,22.37274],[114.16381,22.37397],[114.16322,22.37514],[114.16301,22.37533],[114.16221,22.37565],[114.16154,22.37604],[114.16118,22.37639],[114.16079,22.37699],[114.16049,22.37789],[114.16043,22.37877],[114.16056,22.3803],[114.16095,22.38251],[114.1717,22.39039],[114.17779,22.39072],[114.17849,22.39067],[114.17922,22.39049],[114.18075,22.38979],[114.18125,22.38993],[114.18166,22.3902],[114.18226,22.39106],[114.18085,22.39133],[114.18004,22.39131],[114.17975,22.3918],[114.17912,22.39243],[114.17905,22.39284],[114.17918,22.39322],[114.17915,22.39331],[114.17877,22.39349],[114.17823,22.3941],[114.17781,22.39408],[114.17759,22.39441],[114.17715,22.39445],[114.17693,22.39466],[114.17612,22.39495],[114.17587,22.39518],[114.17568,22.3955],[114.1757,22.39572],[114.17594,22.39586],[114.17648,22.39568],[114.17662,22.39575],[114.1767,22.39592],[114.17692,22.3958],[114.17721,22.39578],[114.17734,22.39611],[114.17832,22.39642],[114.17862,22.39613],[114.17901,22.39604],[114.1791,22.3959],[114.17928,22.39584],[114.17972,22.39611],[114.17994,22.39597],[114.18042,22.39603],[114.18062,22.39594],[114.18095,22.39596],[114.18146,22.39579],[114.18194,22.39615],[114.18147,22.39632],[114.18082,22.3968],[114.17988,22.39702],[114.17918,22.39734],[114.17901,22.39759],[114.17907,22.39798],[114.17964,22.39828],[114.18044,22.39842],[114.18224,22.39839],[114.18498,22.39918],[114.18559,22.40112],[114.1853,22.40277],[114.18552,22.40291],[114.18635,22.40289],[114.18674,22.403],[114.18728,22.40336],[114.18774,22.4038],[114.18809,22.40438],[114.18836,22.40521],[114.18885,22.40615],[114.1893,22.40762],[114.18961,22.40787],[114.19063,22.40823],[114.19128,22.40861],[114.19164,22.40895],[114.1929,22.4105],[114.19381,22.41126],[114.19433,22.4115],[114.19516,22.41161],[114.19587,22.41182],[114.19638,22.41212],[114.19666,22.41242],[114.19711,22.4134],[114.19679,22.41336],[114.19652,22.41348],[114.19623,22.41397],[114.19593,22.41416],[114.19578,22.41441],[114.19599,22.41494],[114.196,22.41517],[114.19624,22.41557],[114.1962,22.41575],[114.19663,22.41643],[114.1967,22.41667],[114.19655,22.4167],[114.19584,22.41616],[114.1956,22.41619],[114.19553,22.4163],[114.19561,22.41669],[114.19556,22.4169],[114.19539,22.41702],[114.19481,22.41704],[114.1946,22.41713],[114.19392,22.41788],[114.19404,22.41836],[114.19358,22.41885],[114.19365,22.4194],[114.19391,22.41975],[114.19402,22.42012],[114.19428,22.42041],[114.19436,22.42069],[114.19484,22.42086],[114.19549,22.42125],[114.19596,22.42123],[114.19592,22.42086],[114.19606,22.4202],[114.19639,22.41982],[114.19675,22.41966],[114.19812,22.41948],[114.19912,22.42158],[114.19958,22.42133],[114.20014,22.42146],[114.20027,22.42216],[114.19998,22.42256],[114.20029,22.42352],[114.20038,22.42426],[114.20095,22.42434],[114.20108,22.4246],[114.20156,22.42476],[114.20183,22.42519],[114.20229,22.42533],[114.20232,22.42505],[114.20199,22.42493],[114.20214,22.42428],[114.20251,22.42349],[114.20225,22.42298],[114.20245,22.42288],[114.20274,22.42339],[114.20296,22.4234],[114.20354,22.42288],[114.20328,22.42243],[114.20351,22.42231],[114.2037,22.42261],[114.20399,22.42256],[114.20332,22.42393],[114.20337,22.42413],[114.2036,22.42412],[114.20364,22.42432],[114.20341,22.42437],[114.20349,22.42472],[114.20376,22.42469],[114.20446,22.42584],[114.20504,22.42577],[114.20515,22.4253],[114.20543,22.42526],[114.20613,22.42575],[114.2062,22.42512],[114.2064,22.42507],[114.20651,22.42532],[114.2067,22.42526],[114.2068,22.42548],[114.20659,22.42558],[114.20673,22.4259],[114.20694,22.42587],[114.20736,22.42685],[114.20811,22.42637],[114.20855,22.42609]]]}},{"type":"Feature","id":"OZP-S-NE-YTT-2","properties":{"id":"OZP-S-NE-YTT-2","micro_district":"法定规划区 (S/NE-YTT/2)","micro_district_en":"Statutory Scheme (S/NE-YTT/2)","main_area":"新界其他","color":"#3b82f6"},"geometry":{"type":"MultiPolygon","coordinates":[[[[114.23215,22.45881],[114.23247,22.45867],[114.23296,22.45821],[114.23378,22.45773],[114.23415,22.45767],[114.23441,22.45744],[114.2344,22.45717],[114.23429,22.45696],[114.23358,22.45613],[114.23369,22.45562],[114.23367,22.45539],[114.23323,22.45452],[114.23223,22.45343],[114.23115,22.45305],[114.23098,22.45259],[114.2302,22.45141],[114.22986,22.45121],[114.22963,22.45091],[114.22904,22.45071],[114.22817,22.45079],[114.22708,22.45039],[114.22635,22.44973],[114.22605,22.44927],[114.22544,22.44895],[114.22477,22.44884],[114.22488,22.44899],[114.22489,22.44942],[114.22462,22.44998],[114.22439,22.44995],[114.22371,22.45012],[114.22315,22.45011],[114.22278,22.45026],[114.22216,22.45012],[114.22182,22.44984],[114.22182,22.44963],[114.2216,22.44939],[114.22118,22.44915],[114.22083,22.4491],[114.21994,22.44914],[114.21925,22.449],[114.21878,22.44938],[114.21783,22.44976],[114.21729,22.44974],[114.21664,22.44951],[114.21649,22.44907],[114.21662,22.44881],[114.21722,22.44845],[114.2175,22.44789],[114.21727,22.44757],[114.21599,22.44714],[114.21567,22.44727],[114.21561,22.44737],[114.21625,22.44803],[114.21633,22.44844],[114.216,22.44874],[114.21557,22.44865],[114.215,22.44922],[114.21448,22.44916],[114.21394,22.44899],[114.21342,22.44913],[114.21294,22.4491],[114.21279,22.44902],[114.21282,22.44886],[114.21274,22.44882],[114.21269,22.4489],[114.21244,22.4489],[114.21241,22.44912],[114.2121,22.44927],[114.21134,22.44915],[114.21102,22.44946],[114.2107,22.4496],[114.21037,22.4496],[114.21024,22.44944],[114.2099,22.44946],[114.20969,22.44967],[114.20968,22.44983],[114.2099,22.45006],[114.21026,22.45013],[114.21056,22.45057],[114.21122,22.45084],[114.21189,22.45228],[114.21259,22.45283],[114.21262,22.45323],[114.21274,22.4535],[114.21265,22.45359],[114.21282,22.45356],[114.21338,22.45401],[114.21383,22.45425],[114.21396,22.45443],[114.21383,22.45458],[114.21398,22.4545],[114.21404,22.45455],[114.214,22.45462],[114.21416,22.45454],[114.21407,22.45506],[114.21396,22.45512],[114.21394,22.45524],[114.21403,22.45528],[114.21396,22.45546],[114.21384,22.45541],[114.21377,22.45561],[114.21367,22.45567],[114.21324,22.45543],[114.21321,22.45549],[114.21363,22.45569],[114.21357,22.45613],[114.21343,22.45619],[114.21357,22.45623],[114.21354,22.45633],[114.21338,22.45635],[114.2135,22.4564],[114.21345,22.4566],[114.21319,22.45692],[114.21339,22.45688],[114.21346,22.45711],[114.21339,22.45708],[114.21324,22.45723],[114.2138,22.45759],[114.21425,22.45761],[114.21443,22.4577],[114.21436,22.45763],[114.21476,22.45707],[114.21468,22.45704],[114.21468,22.45653],[114.21494,22.45631],[114.21559,22.45622],[114.21571,22.4561],[114.21573,22.45593],[114.21611,22.45551],[114.21644,22.45545],[114.21665,22.45526],[114.21649,22.45516],[114.21622,22.4548],[114.21573,22.45446],[114.2156,22.45414],[114.21514,22.45367],[114.21528,22.45305],[114.21554,22.45256],[114.21586,22.45233],[114.21669,22.45205],[114.218,22.45192],[114.2189,22.45162],[114.21918,22.45161],[114.21941,22.45141],[114.21986,22.45126],[114.22043,22.45122],[114.2207,22.4506],[114.2209,22.45034],[114.22106,22.45023],[114.22149,22.45022],[114.22181,22.45002],[114.22231,22.45028],[114.22314,22.45035],[114.22329,22.4505],[114.2242,22.45091],[114.22465,22.45129],[114.22487,22.4516],[114.2257,22.45214],[114.22584,22.45231],[114.2268,22.45264],[114.22685,22.45385],[114.22713,22.45421],[114.22733,22.45466],[114.22757,22.4549],[114.22749,22.45514],[114.22749,22.45564],[114.22792,22.456],[114.22814,22.45638],[114.22921,22.45737],[114.22936,22.45763],[114.22949,22.45765],[114.22991,22.45801],[114.23104,22.45859],[114.23201,22.45881],[114.23215,22.45881]]],[[[114.22244,22.46346],[114.22265,22.46342],[114.22275,22.46322],[114.22274,22.46263],[114.22255,22.46232],[114.2228,22.46144],[114.22274,22.46118],[114.2228,22.46111],[114.22244,22.46077],[114.2225,22.46037],[114.22228,22.46032],[114.22198,22.46047],[114.22115,22.46035],[114.22088,22.46064],[114.22062,22.4606],[114.22056,22.46071],[114.22021,22.46079],[114.22015,22.46093],[114.22029,22.46099],[114.22033,22.46129],[114.22028,22.46148],[114.22016,22.46157],[114.22025,22.46164],[114.22019,22.46193],[114.22035,22.46228],[114.22053,22.46236],[114.22086,22.46217],[114.22131,22.46218],[114.22145,22.46227],[114.22148,22.46245],[114.22168,22.46249],[114.22187,22.46268],[114.22199,22.46315],[114.2224,22.46346],[114.22244,22.46346]]],[[[114.21745,22.45691],[114.21816,22.45678],[114.21927,22.45678],[114.21947,22.45673],[114.21994,22.4564],[114.22006,22.45621],[114.21986,22.45607],[114.2198,22.45591],[114.21901,22.45562],[114.21874,22.45576],[114.21857,22.45574],[114.2184,22.45596],[114.21824,22.45597],[114.21798,22.45616],[114.21744,22.45599],[114.21699,22.45628],[114.21649,22.4568],[114.21639,22.45703],[114.21642,22.45733],[114.21655,22.45743],[114.21679,22.45738],[114.21743,22.45691],[114.21745,22.45691]]]]}},{"type":"Feature","id":"OZP-S-NE-WKT-6","properties":{"id":"OZP-S-NE-WKT-6","micro_district":"法定规划区 (S/NE-WKT/6)","micro_district_en":"Statutory Scheme (S/NE-WKT/6)","main_area":"新界其他","color":"#3b82f6"},"geometry":{"type":"Polygon","coordinates":[[[114.24359,22.50972],[114.24369,22.51007],[114.24382,22.51022],[114.24435,22.51031],[114.24511,22.51071],[114.2454,22.51075],[114.24562,22.51054],[114.24568,22.51009],[114.24522,22.50962],[114.24524,22.50935],[114.24549,22.50931],[114.2459,22.50972],[114.2461,22.50977],[114.24615,22.50968],[114.24603,22.50927],[114.24611,22.50918],[114.2464,22.50913],[114.24632,22.50881],[114.24637,22.50864],[114.24664,22.50848],[114.247,22.50844],[114.24711,22.50819],[114.24724,22.50814],[114.24773,22.50846],[114.24836,22.50869],[114.25027,22.51014],[114.25054,22.5101],[114.25083,22.50959],[114.251,22.50953],[114.25102,22.50979],[114.2507,22.51059],[114.25077,22.51079],[114.25101,22.51072],[114.2513,22.51021],[114.2515,22.51018],[114.25183,22.51035],[114.25267,22.51102],[114.25287,22.51105],[114.25298,22.51099],[114.253,22.5108],[114.25242,22.51008],[114.2525,22.50954],[114.25234,22.50918],[114.25241,22.50901],[114.25268,22.50879],[114.25271,22.50833],[114.25282,22.50825],[114.253,22.50826],[114.25403,22.50886],[114.25422,22.50887],[114.25431,22.50873],[114.25412,22.50725],[114.25379,22.5069],[114.25308,22.50641],[114.25307,22.50621],[114.25336,22.50614],[114.25371,22.50626],[114.25465,22.50707],[114.25543,22.50745],[114.25554,22.50735],[114.2555,22.50709],[114.25559,22.50699],[114.25572,22.50701],[114.25587,22.50724],[114.25603,22.50729],[114.25662,22.50676],[114.25721,22.5067],[114.2573,22.50652],[114.25696,22.50637],[114.25608,22.50648],[114.25521,22.50605],[114.25364,22.50576],[114.25318,22.50554],[114.25277,22.50522],[114.25277,22.50508],[114.2529,22.50499],[114.25406,22.50509],[114.25479,22.5049],[114.25545,22.50489],[114.25556,22.50475],[114.25541,22.50445],[114.25566,22.50416],[114.25563,22.50393],[114.25533,22.504],[114.25406,22.50463],[114.25312,22.50477],[114.25298,22.50468],[114.25295,22.50455],[114.25321,22.50388],[114.25317,22.50378],[114.25297,22.50383],[114.25264,22.50427],[114.25242,22.50431],[114.25225,22.50423],[114.25216,22.50406],[114.25207,22.50341],[114.25192,22.50347],[114.25172,22.50396],[114.25155,22.50407],[114.2513,22.50398],[114.25026,22.50325],[114.24974,22.50267],[114.24967,22.5024],[114.24972,22.50221],[114.24994,22.50197],[114.25016,22.50188],[114.25097,22.50202],[114.25108,22.50193],[114.25108,22.50178],[114.251,22.50156],[114.25087,22.50149],[114.25025,22.50159],[114.24975,22.50158],[114.24956,22.50148],[114.24961,22.50133],[114.25006,22.50077],[114.25014,22.50054],[114.25008,22.50023],[114.24962,22.49957],[114.24955,22.49965],[114.24952,22.50027],[114.24937,22.50064],[114.24906,22.50109],[114.2487,22.50142],[114.24829,22.50169],[114.248,22.50179],[114.24784,22.50166],[114.24776,22.50138],[114.24755,22.50129],[114.24747,22.50145],[114.24759,22.50184],[114.24749,22.50199],[114.24693,22.50226],[114.2464,22.50222],[114.24614,22.50231],[114.24541,22.50316],[114.24472,22.50358],[114.24398,22.5042],[114.24312,22.50455],[114.24213,22.50544],[114.24172,22.50551],[114.24115,22.50545],[114.24077,22.50529],[114.24037,22.50499],[114.23999,22.50487],[114.23894,22.50516],[114.23875,22.50532],[114.23866,22.50566],[114.23874,22.50628],[114.23871,22.50714],[114.23875,22.50758],[114.23893,22.50815],[114.23986,22.50832],[114.24012,22.50822],[114.24022,22.50841],[114.24029,22.50898],[114.24056,22.50926],[114.24087,22.50944],[114.24189,22.50959],[114.24325,22.50916],[114.2435,22.50934],[114.24359,22.50971],[114.24359,22.50972]]]}},{"type":"Feature","id":"OZP-S-NE-WKS-10","properties":{"id":"OZP-S-NE-WKS-10","micro_district":"法定规划区 (S/NE-WKS/10)","micro_district_en":"Statutory Scheme (S/NE-WKS/10)","main_area":"新界其他","color":"#3b82f6"},"geometry":{"type":"Polygon","coordinates":[[[114.17383,22.54895],[114.17437,22.54829],[114.17427,22.5482],[114.1742,22.54776],[114.17425,22.54709],[114.17412,22.54647],[114.17435,22.54584],[114.17568,22.54462],[114.17638,22.54426],[114.17693,22.54378],[114.17743,22.54357],[114.17781,22.54266],[114.17797,22.54279],[114.17857,22.54287],[114.17928,22.54363],[114.18013,22.54413],[114.18026,22.54413],[114.18018,22.54365],[114.18026,22.54312],[114.18045,22.54296],[114.18053,22.54277],[114.1805,22.54224],[114.1809,22.54187],[114.18093,22.54157],[114.18121,22.54132],[114.18166,22.54126],[114.18207,22.5411],[114.1826,22.54024],[114.1835,22.5396],[114.18489,22.53899],[114.18537,22.53889],[114.1857,22.53895],[114.18648,22.53955],[114.18807,22.54031],[114.18849,22.54087],[114.18866,22.54133],[114.18888,22.54153],[114.18898,22.54192],[114.18949,22.54236],[114.1897,22.54275],[114.19001,22.54289],[114.19027,22.54317],[114.19068,22.54304],[114.19074,22.54285],[114.19041,22.54239],[114.19068,22.54224],[114.19073,22.54198],[114.1912,22.54173],[114.19124,22.54125],[114.1912,22.5411],[114.19076,22.54069],[114.19159,22.5404],[114.19202,22.53956],[114.1923,22.53935],[114.19187,22.53795],[114.19186,22.53737],[114.19174,22.53722],[114.19183,22.5371],[114.19214,22.53697],[114.19197,22.53662],[114.19233,22.53629],[114.1922,22.53604],[114.19244,22.53573],[114.19249,22.53528],[114.19267,22.53484],[114.19293,22.53469],[114.19357,22.53471],[114.19449,22.5341],[114.19493,22.53328],[114.19546,22.53286],[114.19585,22.53269],[114.19586,22.53189],[114.19552,22.53202],[114.19509,22.53241],[114.19472,22.53245],[114.19476,22.53214],[114.1945,22.53104],[114.19373,22.53063],[114.19333,22.53019],[114.19359,22.53009],[114.19403,22.5301],[114.1941,22.52993],[114.19396,22.52974],[114.19437,22.5295],[114.19426,22.52922],[114.19425,22.52879],[114.194,22.52852],[114.19429,22.52814],[114.19434,22.52796],[114.1942,22.52742],[114.194,22.52722],[114.19403,22.5268],[114.19394,22.5265],[114.19364,22.52615],[114.19321,22.526],[114.19251,22.52619],[114.19236,22.5261],[114.19235,22.52659],[114.19189,22.52661],[114.19172,22.52676],[114.19123,22.52664],[114.19092,22.5267],[114.19055,22.52645],[114.19038,22.52648],[114.19018,22.52679],[114.19024,22.52702],[114.19052,22.52711],[114.191,22.527],[114.19134,22.52753],[114.19096,22.52753],[114.19077,22.52766],[114.19061,22.52805],[114.19082,22.52822],[114.19079,22.52835],[114.19051,22.52841],[114.19029,22.52835],[114.18983,22.52763],[114.18939,22.52732],[114.18917,22.52733],[114.18901,22.52805],[114.18904,22.52834],[114.18964,22.52888],[114.18911,22.52882],[114.18868,22.52847],[114.18821,22.52834],[114.18815,22.52819],[114.18763,22.52776],[114.18684,22.52764],[114.1864,22.52771],[114.18593,22.52794],[114.18575,22.52818],[114.18532,22.52843],[114.18504,22.52893],[114.18485,22.529],[114.18468,22.52894],[114.18488,22.52917],[114.18508,22.52925],[114.18639,22.52945],[114.18725,22.52996],[114.18774,22.53003],[114.18803,22.53022],[114.18835,22.53057],[114.18871,22.53053],[114.18996,22.53086],[114.19021,22.53084],[114.19045,22.53058],[114.19051,22.53025],[114.1904,22.52996],[114.19112,22.52982],[114.19135,22.53],[114.19168,22.53009],[114.19209,22.53044],[114.19214,22.53075],[114.19184,22.53083],[114.19122,22.5307],[114.19097,22.5308],[114.19093,22.53096],[114.19107,22.53119],[114.19105,22.53153],[114.19127,22.53189],[114.19116,22.53224],[114.19094,22.53223],[114.19039,22.53157],[114.1901,22.53149],[114.18984,22.53167],[114.18975,22.53185],[114.18975,22.53223],[114.18941,22.53259],[114.18894,22.53265],[114.18884,22.53287],[114.18803,22.53235],[114.18768,22.53236],[114.18735,22.53262],[114.18723,22.53325],[114.18701,22.53339],[114.18655,22.53273],[114.18622,22.53252],[114.18569,22.5325],[114.18498,22.53276],[114.18425,22.532],[114.18411,22.53112],[114.18401,22.53153],[114.18388,22.53159],[114.18328,22.53123],[114.18245,22.53129],[114.18236,22.53098],[114.18177,22.53105],[114.18229,22.53057],[114.18213,22.53051],[114.18183,22.52971],[114.18171,22.52959],[114.18094,22.52951],[114.18081,22.5296],[114.18079,22.5298],[114.18045,22.53022],[114.18002,22.52968],[114.17939,22.5293],[114.17925,22.52902],[114.17896,22.52891],[114.17883,22.52876],[114.17863,22.52877],[114.17797,22.52918],[114.17783,22.5287],[114.17804,22.52803],[114.178,22.52773],[114.1783,22.52777],[114.17841,22.52751],[114.17842,22.52712],[114.17902,22.52689],[114.17927,22.52628],[114.17916,22.52589],[114.17928,22.5256],[114.17904,22.52527],[114.17862,22.52505],[114.17823,22.52523],[114.17752,22.52496],[114.17712,22.52507],[114.17663,22.52492],[114.17643,22.52453],[114.17561,22.52439],[114.17534,22.52375],[114.17509,22.52257],[114.17497,22.52248],[114.17468,22.52272],[114.17437,22.52328],[114.17433,22.52359],[114.17447,22.524],[114.17401,22.52384],[114.17353,22.52383],[114.17335,22.52395],[114.17314,22.52375],[114.1729,22.52366],[114.17271,22.52371],[114.17244,22.52399],[114.1723,22.52363],[114.17198,22.52364],[114.17193,22.52351],[114.17176,22.52348],[114.17154,22.52327],[114.17174,22.5229],[114.17154,22.52294],[114.17144,22.52314],[114.1712,22.52316],[114.17111,22.52252],[114.17073,22.52247],[114.17066,22.52207],[114.17034,22.52186],[114.17026,22.52165],[114.16995,22.52159],[114.16981,22.52114],[114.16968,22.52094],[114.16984,22.52064],[114.17013,22.52048],[114.16989,22.52005],[114.17036,22.51974],[114.17035,22.51964],[114.1698,22.51936],[114.1697,22.5192],[114.16948,22.51909],[114.16913,22.5191],[114.16884,22.51927],[114.16855,22.51906],[114.16836,22.51904],[114.16825,22.51916],[114.16827,22.51951],[114.16816,22.51971],[114.16855,22.51993],[114.16851,22.52018],[114.16864,22.52042],[114.16868,22.52078],[114.1688,22.52092],[114.16914,22.52106],[114.16916,22.52118],[114.16908,22.52146],[114.16909,22.52182],[114.1683,22.52174],[114.16829,22.52187],[114.16859,22.52198],[114.16868,22.52217],[114.16921,22.52254],[114.16894,22.52287],[114.16892,22.5234],[114.1686,22.52393],[114.16853,22.52448],[114.16836,22.52468],[114.16833,22.52527],[114.16846,22.52539],[114.16877,22.52542],[114.16894,22.52556],[114.16922,22.5255],[114.16955,22.52577],[114.16981,22.52629],[114.16973,22.52673],[114.17017,22.52713],[114.17007,22.52754],[114.17025,22.5279],[114.17038,22.52798],[114.17101,22.52788],[114.17114,22.52796],[114.17108,22.52852],[114.17088,22.52903],[114.17095,22.52923],[114.17091,22.52933],[114.17068,22.5297],[114.16948,22.53015],[114.16851,22.53028],[114.16724,22.53013],[114.16696,22.53024],[114.16695,22.53048],[114.16658,22.53066],[114.1664,22.53063],[114.16593,22.53024],[114.1659,22.52983],[114.16548,22.52963],[114.16534,22.52937],[114.16486,22.52945],[114.16445,22.52923],[114.164,22.52932],[114.16359,22.52952],[114.1634,22.52974],[114.16331,22.53001],[114.16336,22.53025],[114.16353,22.53049],[114.16349,22.53139],[114.16366,22.53194],[114.16361,22.53273],[114.16335,22.53339],[114.16354,22.53359],[114.16415,22.53385],[114.16443,22.53415],[114.16505,22.53442],[114.165,22.53478],[114.1648,22.53508],[114.16504,22.53547],[114.16489,22.53547],[114.16436,22.53604],[114.16416,22.53616],[114.16431,22.53676],[114.16427,22.53709],[114.16378,22.53736],[114.16351,22.5373],[114.16311,22.53754],[114.16272,22.53754],[114.1626,22.53773],[114.16253,22.53814],[114.16245,22.53815],[114.16232,22.53792],[114.16198,22.53778],[114.1616,22.53803],[114.16118,22.53806],[114.16101,22.53831],[114.16014,22.53905],[114.1595,22.53923],[114.1592,22.53951],[114.15893,22.5395],[114.15863,22.53976],[114.15834,22.53961],[114.15824,22.53969],[114.16542,22.54359],[114.16479,22.54391],[114.16433,22.54438],[114.16402,22.54503],[114.16396,22.54567],[114.16337,22.54569],[114.16319,22.54581],[114.16309,22.54602],[114.1626,22.54612],[114.16241,22.54657],[114.16231,22.5472],[114.16231,22.54792],[114.16214,22.54841],[114.16152,22.5484],[114.16153,22.54973],[114.16328,22.54982],[114.16299,22.54946],[114.16396,22.54901],[114.16532,22.54783],[114.16717,22.54774],[114.16921,22.54847],[114.17126,22.54973],[114.17301,22.54955],[114.17354,22.54931],[114.17383,22.54895]]]}},{"type":"Feature","id":"OZP-S-NE-TPK-2","properties":{"id":"OZP-S-NE-TPK-2","micro_district":"法定规划区 (S/NE-TPK/2)","micro_district_en":"Statutory Scheme (S/NE-TPK/2)","main_area":"新界其他","color":"#3b82f6"},"geometry":{"type":"MultiPolygon","coordinates":[[[[114.17859,22.41106],[114.17813,22.41103],[114.17584,22.41329],[114.17581,22.41388],[114.17589,22.41406],[114.17848,22.41401],[114.17859,22.41106]]],[[[114.19195,22.42072],[114.1886,22.41896],[114.18824,22.42039],[114.1896,22.42155],[114.18974,22.42151],[114.19195,22.42072]]],[[[114.19255,22.42325],[114.1924,22.42337],[114.19246,22.42363],[114.19258,22.4237],[114.19274,22.42362],[114.19282,22.42341],[114.19278,22.42332],[114.19258,22.42325],[114.19255,22.42325]]]]}},{"type":"Feature","id":"OZP-S-NE-TKLN-2","properties":{"id":"OZP-S-NE-TKLN-2","micro_district":"法定规划区 (S/NE-TKLN/2)","micro_district_en":"Statutory Scheme (S/NE-TKLN/2)","main_area":"新界其他","color":"#3b82f6"},"geometry":{"type":"Polygon","coordinates":[[[114.1634,22.55902],[114.16391,22.55893],[114.16402,22.55901],[114.16464,22.559],[114.16521,22.55915],[114.16609,22.55986],[114.16688,22.56088],[114.16734,22.56121],[114.16863,22.56119],[114.16921,22.56101],[114.16947,22.56082],[114.16999,22.56002],[114.17037,22.55973],[114.17067,22.55962],[114.17237,22.55964],[114.17307,22.55944],[114.17373,22.55953],[114.17458,22.55993],[114.17519,22.56008],[114.1767,22.55989],[114.17707,22.55976],[114.17724,22.55918],[114.17743,22.55896],[114.17756,22.55855],[114.17774,22.55608],[114.17764,22.55568],[114.17771,22.5556],[114.17734,22.55521],[114.17719,22.55449],[114.17684,22.55442],[114.17585,22.55449],[114.17557,22.55416],[114.17518,22.55326],[114.17487,22.55383],[114.17481,22.55381],[114.17469,22.55327],[114.1746,22.55323],[114.17436,22.55264],[114.17466,22.55206],[114.17473,22.55177],[114.17456,22.55131],[114.17439,22.55027],[114.17384,22.54947],[114.17383,22.54895],[114.17349,22.54937],[114.17301,22.54955],[114.17126,22.54973],[114.16921,22.54847],[114.16717,22.54774],[114.16532,22.54783],[114.16396,22.54901],[114.16299,22.54946],[114.16328,22.54982],[114.16153,22.54973],[114.16152,22.5484],[114.16214,22.54841],[114.16231,22.54792],[114.16231,22.5472],[114.16241,22.54657],[114.1626,22.54612],[114.16309,22.54602],[114.16319,22.54581],[114.16337,22.54569],[114.16396,22.54567],[114.16402,22.54503],[114.16433,22.54438],[114.16479,22.54391],[114.16542,22.54359],[114.15197,22.53631],[114.15064,22.53617],[114.14864,22.5402],[114.14809,22.54045],[114.14816,22.54086],[114.14797,22.54094],[114.14747,22.54146],[114.14775,22.54159],[114.14839,22.54171],[114.14864,22.54188],[114.14876,22.54228],[114.14853,22.54318],[114.14897,22.54417],[114.1505,22.54577],[114.15089,22.546],[114.15143,22.54618],[114.15179,22.54645],[114.15208,22.54696],[114.1521,22.54759],[114.15181,22.5483],[114.15149,22.54843],[114.15091,22.54821],[114.15057,22.54829],[114.15015,22.54864],[114.14995,22.54907],[114.15035,22.55021],[114.15146,22.55114],[114.15179,22.55162],[114.15188,22.55207],[114.15183,22.55278],[114.15206,22.55386],[114.15243,22.55417],[114.15291,22.55433],[114.15437,22.55432],[114.1548,22.55426],[114.15498,22.55435],[114.15527,22.55468],[114.1558,22.55495],[114.15607,22.55498],[114.15651,22.55488],[114.15681,22.55502],[114.15708,22.55541],[114.15724,22.55604],[114.1584,22.5588],[114.15856,22.55903],[114.1591,22.55943],[114.15958,22.56033],[114.15998,22.56071],[114.1604,22.5613],[114.16074,22.56152],[114.1614,22.56167],[114.16192,22.56138],[114.16229,22.56088],[114.16288,22.55946],[114.1633,22.55907],[114.1634,22.55902]]]}}]}